county,precinct,office,district,party,candidate,votes
Coconino,FLAGSTAFF 1,Registered Voters,,,,1813
Coconino,FLAGSTAFF 2,Registered Voters,,,,1441
Coconino,FLAGSTAFF 3,Registered Voters,,,,1105
Coconino,FLAGSTAFF 4,Registered Voters,,,,1654
Coconino,FLAGSTAFF 5,Registered Voters,,,,2194
Coconino,FLAGSTAFF 6,Registered Voters,,,,2064
Coconino,FLAGSTAFF 7,Registered Voters,,,,1618
Coconino,FLAGSTAFF 8,Registered Voters,,,,922
Coconino,FLAGSTAFF 9,Registered Voters,,,,2126
Coconino,FLAGSTAFF 10,Registered Voters,,,,297
Coconino,FLAGSTAFF 11,Registered Voters,,,,1155
Coconino,FLAGSTAFF 12,Registered Voters,,,,1421
Coconino,FLAGSTAFF 13,Registered Voters,,,,572
Coconino,FLAGSTAFF 14,Registered Voters,,,,1668
Coconino,FLAGSTAFF 15,Registered Voters,,,,3189
Coconino,FLAGSTAFF 16,Registered Voters,,,,2034
Coconino,FLAGSTAFF 17,Registered Voters,,,,787
Coconino,FLAGSTAFF 18,Registered Voters,,,,865
Coconino,FLAGSTAFF 19,Registered Voters,,,,1871
Coconino,FLAGSTAFF 20,Registered Voters,,,,868
Coconino,FLAGSTAFF 21,Registered Voters,,,,2324
Coconino,FLAGSTAFF 22,Registered Voters,,,,3051
Coconino,FLAGSTAFF 23,Registered Voters,,,,1850
Coconino,FLAGSTAFF 24,Registered Voters,,,,2936
Coconino,FLAGSTAFF 25,Registered Voters,,,,2063
Coconino,FLAGSTAFF 26,Registered Voters,,,,1307
Coconino,BELLEMONT 40,Registered Voters,,,,730
Coconino,BLUE RIDGE 41,Registered Voters,,,,690
Coconino,BODAWAY 42,Registered Voters,,,,1093
Coconino,CAMERON 43,Registered Voters,,,,1051
Coconino,COPPERMINE 47,Registered Voters,,,,590
Coconino,COALMINE 48,Registered Voters,,,,311
Coconino,DONEY PARK 50,Registered Voters,,,,2079
Coconino,SCHULTZ 51,Registered Voters,,,,89
Coconino,TIMBERLINE FERNWOOD 52,Registered Voters,,,,1863
Coconino,FOREST LAKES 53,Registered Voters,,,,174
Coconino,FORT VALLEY EAST 55,Registered Voters,,,,351
Coconino,FORT VALLEY WEST 56,Registered Voters,,,,742
Coconino,FREDONIA 58,Registered Voters,,,,800
Coconino,GRAND CANYON 59,Registered Voters,,,,853
Coconino,HAVASUPAI 60,Registered Voters,,,,152
Coconino,INSCRIPTION HOUSE 61,Registered Voters,,,,668
Coconino,PUMPHOUSE WASH 62,Registered Voters,,,,3228
Coconino,MORMON LAKE 63,Registered Voters,,,,222
Coconino,KAIBAB NORTH 64,Registered Voters,,,,21
Coconino,KAIBETO 65,Registered Voters,,,,1465
Coconino,KAIBAB WEST 66,Registered Voters,,,,719
Coconino,LECHEE 67,Registered Voters,,,,1108
Coconino,LEUPP 69,Registered Voters,,,,1481
Coconino,MOENKOPI 70,Registered Voters,,,,493
Coconino,NAVAJO MOUNTAIN 71,Registered Voters,,,,135
Coconino,PAGE CENTRAL 72,Registered Voters,,,,1114
Coconino,PAGE EAST 73,Registered Voters,,,,999
Coconino,PAGE SOUTH 74,Registered Voters,,,,910
Coconino,PAGE WEST 75,Registered Voters,,,,1203
Coconino,PARKS 79,Registered Voters,,,,1153
Coconino,PINEWOOD 80,Registered Voters,,,,1034
Coconino,SEDONA NORTH 82,Registered Voters,,,,900
Coconino,SEDONA SOUTH 83,Registered Voters,,,,1560
Coconino,RANCHES 84,Registered Voters,,,,558
Coconino,SUNSET CRATER 85,Registered Voters,,,,1930
Coconino,MOUNTAIN VIEW 86,Registered Voters,,,,284
Coconino,TOLANI LAKE 88,Registered Voters,,,,435
Coconino,TONALEA 90,Registered Voters,,,,2003
Coconino,WINONA 92,Registered Voters,,,,1881
Coconino,TUBA CITY NORTHEAST 93,Registered Voters,,,,1187
Coconino,TUBA CITY NORTHWEST 94,Registered Voters,,,,951
Coconino,TUBA CITY SOUTH 95,Registered Voters,,,,4031
Coconino,TUSAYAN 97,Registered Voters,,,,789
Coconino,WILLIAMS NORTHSIDE 98,Registered Voters,,,,2435
Coconino,WILLIAMS SOUTHSIDE 99,Registered Voters,,,,1009
Coconino,FLAGSTAFF 1,Ballots Cast,,,,1567
Coconino,FLAGSTAFF 2,Ballots Cast,,,,1290
Coconino,FLAGSTAFF 3,Ballots Cast,,,,951
Coconino,FLAGSTAFF 4,Ballots Cast,,,,1527
Coconino,FLAGSTAFF 5,Ballots Cast,,,,2017
Coconino,FLAGSTAFF 6,Ballots Cast,,,,1808
Coconino,FLAGSTAFF 7,Ballots Cast,,,,1330
Coconino,FLAGSTAFF 8,Ballots Cast,,,,824
Coconino,FLAGSTAFF 9,Ballots Cast,,,,1675
Coconino,FLAGSTAFF 10,Ballots Cast,,,,203
Coconino,FLAGSTAFF 11,Ballots Cast,,,,861
Coconino,FLAGSTAFF 12,Ballots Cast,,,,1090
Coconino,FLAGSTAFF 13,Ballots Cast,,,,326
Coconino,FLAGSTAFF 14,Ballots Cast,,,,1234
Coconino,FLAGSTAFF 15,Ballots Cast,,,,2351
Coconino,FLAGSTAFF 16,Ballots Cast,,,,1761
Coconino,FLAGSTAFF 17,Ballots Cast,,,,619
Coconino,FLAGSTAFF 18,Ballots Cast,,,,681
Coconino,FLAGSTAFF 19,Ballots Cast,,,,1665
Coconino,FLAGSTAFF 20,Ballots Cast,,,,576
Coconino,FLAGSTAFF 21,Ballots Cast,,,,2062
Coconino,FLAGSTAFF 22,Ballots Cast,,,,2721
Coconino,FLAGSTAFF 23,Ballots Cast,,,,1519
Coconino,FLAGSTAFF 24,Ballots Cast,,,,2602
Coconino,FLAGSTAFF 25,Ballots Cast,,,,1814
Coconino,FLAGSTAFF 26,Ballots Cast,,,,999
Coconino,BELLEMONT 40,Ballots Cast,,,,638
Coconino,BLUE RIDGE 41,Ballots Cast,,,,615
Coconino,BODAWAY 42,Ballots Cast,,,,763
Coconino,CAMERON 43,Ballots Cast,,,,816
Coconino,COPPERMINE 47,Ballots Cast,,,,426
Coconino,COALMINE 48,Ballots Cast,,,,214
Coconino,DONEY PARK 50,Ballots Cast,,,,1826
Coconino,SCHULTZ 51,Ballots Cast,,,,77
Coconino,TIMBERLINE FERNWOOD 52,Ballots Cast,,,,1678
Coconino,FOREST LAKES 53,Ballots Cast,,,,153
Coconino,FORT VALLEY EAST 55,Ballots Cast,,,,321
Coconino,FORT VALLEY WEST 56,Ballots Cast,,,,691
Coconino,FREDONIA 58,Ballots Cast,,,,612
Coconino,GRAND CANYON 59,Ballots Cast,,,,672
Coconino,HAVASUPAI 60,Ballots Cast,,,,63
Coconino,INSCRIPTION HOUSE 61,Ballots Cast,,,,475
Coconino,PUMPHOUSE WASH 62,Ballots Cast,,,,2849
Coconino,MORMON LAKE 63,Ballots Cast,,,,184
Coconino,KAIBAB NORTH 64,Ballots Cast,,,,19
Coconino,KAIBETO 65,Ballots Cast,,,,984
Coconino,KAIBAB WEST 66,Ballots Cast,,,,584
Coconino,LECHEE 67,Ballots Cast,,,,752
Coconino,LEUPP 69,Ballots Cast,,,,1067
Coconino,MOENKOPI 70,Ballots Cast,,,,296
Coconino,NAVAJO MOUNTAIN 71,Ballots Cast,,,,99
Coconino,PAGE CENTRAL 72,Ballots Cast,,,,830
Coconino,PAGE EAST 73,Ballots Cast,,,,850
Coconino,PAGE SOUTH 74,Ballots Cast,,,,635
Coconino,PAGE WEST 75,Ballots Cast,,,,966
Coconino,PARKS 79,Ballots Cast,,,,1023
Coconino,PINEWOOD 80,Ballots Cast,,,,897
Coconino,SEDONA NORTH 82,Ballots Cast,,,,801
Coconino,SEDONA SOUTH 83,Ballots Cast,,,,1433
Coconino,RANCHES 84,Ballots Cast,,,,494
Coconino,SUNSET CRATER 85,Ballots Cast,,,,1707
Coconino,MOUNTAIN VIEW 86,Ballots Cast,,,,246
Coconino,TOLANI LAKE 88,Ballots Cast,,,,319
Coconino,TONALEA 90,Ballots Cast,,,,1432
Coconino,WINONA 92,Ballots Cast,,,,1586
Coconino,TUBA CITY NORTHEAST 93,Ballots Cast,,,,810
Coconino,TUBA CITY NORTHWEST 94,Ballots Cast,,,,672
Coconino,TUBA CITY SOUTH 95,Ballots Cast,,,,2721
Coconino,TUSAYAN 97,Ballots Cast,,,,607
Coconino,WILLIAMS NORTHSIDE 98,Ballots Cast,,,,2134
Coconino,WILLIAMS SOUTHSIDE 99,Ballots Cast,,,,858
Coconino,FLAGSTAFF 1,President,,DEM,Joseph R. Biden,1178
Coconino,FLAGSTAFF 2,President,,DEM,Joseph R. Biden,1060
Coconino,FLAGSTAFF 3,President,,DEM,Joseph R. Biden,798
Coconino,FLAGSTAFF 4,President,,DEM,Joseph R. Biden,1149
Coconino,FLAGSTAFF 5,President,,DEM,Joseph R. Biden,1342
Coconino,FLAGSTAFF 6,President,,DEM,Joseph R. Biden,1091
Coconino,FLAGSTAFF 7,President,,DEM,Joseph R. Biden,860
Coconino,FLAGSTAFF 8,President,,DEM,Joseph R. Biden,611
Coconino,FLAGSTAFF 9,President,,DEM,Joseph R. Biden,1193
Coconino,FLAGSTAFF 10,President,,DEM,Joseph R. Biden,162
Coconino,FLAGSTAFF 11,President,,DEM,Joseph R. Biden,595
Coconino,FLAGSTAFF 12,President,,DEM,Joseph R. Biden,872
Coconino,FLAGSTAFF 13,President,,DEM,Joseph R. Biden,248
Coconino,FLAGSTAFF 14,President,,DEM,Joseph R. Biden,903
Coconino,FLAGSTAFF 15,President,,DEM,Joseph R. Biden,1622
Coconino,FLAGSTAFF 16,President,,DEM,Joseph R. Biden,1181
Coconino,FLAGSTAFF 17,President,,DEM,Joseph R. Biden,382
Coconino,FLAGSTAFF 18,President,,DEM,Joseph R. Biden,382
Coconino,FLAGSTAFF 19,President,,DEM,Joseph R. Biden,1000
Coconino,FLAGSTAFF 20,President,,DEM,Joseph R. Biden,427
Coconino,FLAGSTAFF 21,President,,DEM,Joseph R. Biden,1303
Coconino,FLAGSTAFF 22,President,,DEM,Joseph R. Biden,1658
Coconino,FLAGSTAFF 23,President,,DEM,Joseph R. Biden,994
Coconino,FLAGSTAFF 24,President,,DEM,Joseph R. Biden,1502
Coconino,FLAGSTAFF 25,President,,DEM,Joseph R. Biden,1119
Coconino,FLAGSTAFF 26,President,,DEM,Joseph R. Biden,549
Coconino,BELLEMONT 40,President,,DEM,Joseph R. Biden,282
Coconino,BLUE RIDGE 41,President,,DEM,Joseph R. Biden,143
Coconino,BODAWAY 42,President,,DEM,Joseph R. Biden,566
Coconino,CAMERON 43,President,,DEM,Joseph R. Biden,653
Coconino,COPPERMINE 47,President,,DEM,Joseph R. Biden,319
Coconino,COALMINE 48,President,,DEM,Joseph R. Biden,186
Coconino,DONEY PARK 50,President,,DEM,Joseph R. Biden,752
Coconino,SCHULTZ 51,President,,DEM,Joseph R. Biden,39
Coconino,TIMBERLINE FERNWOOD 52,President,,DEM,Joseph R. Biden,688
Coconino,FOREST LAKES 53,President,,DEM,Joseph R. Biden,40
Coconino,FORT VALLEY EAST 55,President,,DEM,Joseph R. Biden,197
Coconino,FORT VALLEY WEST 56,President,,DEM,Joseph R. Biden,363
Coconino,FREDONIA 58,President,,DEM,Joseph R. Biden,116
Coconino,GRAND CANYON 59,President,,DEM,Joseph R. Biden,495
Coconino,HAVASUPAI 60,President,,DEM,Joseph R. Biden,57
Coconino,INSCRIPTION HOUSE 61,President,,DEM,Joseph R. Biden,307
Coconino,PUMPHOUSE WASH 62,President,,DEM,Joseph R. Biden,1696
Coconino,MORMON LAKE 63,President,,DEM,Joseph R. Biden,61
Coconino,KAIBAB NORTH 64,President,,DEM,Joseph R. Biden,4
Coconino,KAIBETO 65,President,,DEM,Joseph R. Biden,735
Coconino,KAIBAB WEST 66,President,,DEM,Joseph R. Biden,135
Coconino,LECHEE 67,President,,DEM,Joseph R. Biden,534
Coconino,LEUPP 69,President,,DEM,Joseph R. Biden,844
Coconino,MOENKOPI 70,President,,DEM,Joseph R. Biden,257
Coconino,NAVAJO MOUNTAIN 71,President,,DEM,Joseph R. Biden,71
Coconino,PAGE CENTRAL 72,President,,DEM,Joseph R. Biden,350
Coconino,PAGE EAST 73,President,,DEM,Joseph R. Biden,313
Coconino,PAGE SOUTH 74,President,,DEM,Joseph R. Biden,330
Coconino,PAGE WEST 75,President,,DEM,Joseph R. Biden,387
Coconino,PARKS 79,President,,DEM,Joseph R. Biden,303
Coconino,PINEWOOD 80,President,,DEM,Joseph R. Biden,316
Coconino,SEDONA NORTH 82,President,,DEM,Joseph R. Biden,456
Coconino,SEDONA SOUTH 83,President,,DEM,Joseph R. Biden,797
Coconino,RANCHES 84,President,,DEM,Joseph R. Biden,228
Coconino,SUNSET CRATER 85,President,,DEM,Joseph R. Biden,692
Coconino,MOUNTAIN VIEW 86,President,,DEM,Joseph R. Biden,101
Coconino,TOLANI LAKE 88,President,,DEM,Joseph R. Biden,269
Coconino,TONALEA 90,President,,DEM,Joseph R. Biden,1140
Coconino,WINONA 92,President,,DEM,Joseph R. Biden,694
Coconino,TUBA CITY NORTHEAST 93,President,,DEM,Joseph R. Biden,654
Coconino,TUBA CITY NORTHWEST 94,President,,DEM,Joseph R. Biden,564
Coconino,TUBA CITY SOUTH 95,President,,DEM,Joseph R. Biden,2302
Coconino,TUSAYAN 97,President,,DEM,Joseph R. Biden,258
Coconino,WILLIAMS NORTHSIDE 98,President,,DEM,Joseph R. Biden,525
Coconino,WILLIAMS SOUTHSIDE 99,President,,DEM,Joseph R. Biden,298
Coconino,FLAGSTAFF 1,President,,REP,Donald J. Trump,357
Coconino,FLAGSTAFF 2,President,,REP,Donald J. Trump,202
Coconino,FLAGSTAFF 3,President,,REP,Donald J. Trump,125
Coconino,FLAGSTAFF 4,President,,REP,Donald J. Trump,347
Coconino,FLAGSTAFF 5,President,,REP,Donald J. Trump,623
Coconino,FLAGSTAFF 6,President,,REP,Donald J. Trump,655
Coconino,FLAGSTAFF 7,President,,REP,Donald J. Trump,418
Coconino,FLAGSTAFF 8,President,,REP,Donald J. Trump,196
Coconino,FLAGSTAFF 9,President,,REP,Donald J. Trump,405
Coconino,FLAGSTAFF 10,President,,REP,Donald J. Trump,35
Coconino,FLAGSTAFF 11,President,,REP,Donald J. Trump,240
Coconino,FLAGSTAFF 12,President,,REP,Donald J. Trump,174
Coconino,FLAGSTAFF 13,President,,REP,Donald J. Trump,63
Coconino,FLAGSTAFF 14,President,,REP,Donald J. Trump,282
Coconino,FLAGSTAFF 15,President,,REP,Donald J. Trump,647
Coconino,FLAGSTAFF 16,President,,REP,Donald J. Trump,533
Coconino,FLAGSTAFF 17,President,,REP,Donald J. Trump,216
Coconino,FLAGSTAFF 18,President,,REP,Donald J. Trump,279
Coconino,FLAGSTAFF 19,President,,REP,Donald J. Trump,612
Coconino,FLAGSTAFF 20,President,,REP,Donald J. Trump,118
Coconino,FLAGSTAFF 21,President,,REP,Donald J. Trump,699
Coconino,FLAGSTAFF 22,President,,REP,Donald J. Trump,973
Coconino,FLAGSTAFF 23,President,,REP,Donald J. Trump,455
Coconino,FLAGSTAFF 24,President,,REP,Donald J. Trump,1032
Coconino,FLAGSTAFF 25,President,,REP,Donald J. Trump,645
Coconino,FLAGSTAFF 26,President,,REP,Donald J. Trump,411
Coconino,BELLEMONT 40,President,,REP,Donald J. Trump,338
Coconino,BLUE RIDGE 41,President,,REP,Donald J. Trump,467
Coconino,BODAWAY 42,President,,REP,Donald J. Trump,174
Coconino,CAMERON 43,President,,REP,Donald J. Trump,140
Coconino,COPPERMINE 47,President,,REP,Donald J. Trump,88
Coconino,COALMINE 48,President,,REP,Donald J. Trump,23
Coconino,DONEY PARK 50,President,,REP,Donald J. Trump,1019
Coconino,SCHULTZ 51,President,,REP,Donald J. Trump,36
Coconino,TIMBERLINE FERNWOOD 52,President,,REP,Donald J. Trump,946
Coconino,FOREST LAKES 53,President,,REP,Donald J. Trump,111
Coconino,FORT VALLEY EAST 55,President,,REP,Donald J. Trump,117
Coconino,FORT VALLEY WEST 56,President,,REP,Donald J. Trump,307
Coconino,FREDONIA 58,President,,REP,Donald J. Trump,482
Coconino,GRAND CANYON 59,President,,REP,Donald J. Trump,149
Coconino,HAVASUPAI 60,President,,REP,Donald J. Trump,5
Coconino,INSCRIPTION HOUSE 61,President,,REP,Donald J. Trump,154
Coconino,PUMPHOUSE WASH 62,President,,REP,Donald J. Trump,1063
Coconino,MORMON LAKE 63,President,,REP,Donald J. Trump,114
Coconino,KAIBAB NORTH 64,President,,REP,Donald J. Trump,12
Coconino,KAIBETO 65,President,,REP,Donald J. Trump,218
Coconino,KAIBAB WEST 66,President,,REP,Donald J. Trump,430
Coconino,LECHEE 67,President,,REP,Donald J. Trump,186
Coconino,LEUPP 69,President,,REP,Donald J. Trump,198
Coconino,MOENKOPI 70,President,,REP,Donald J. Trump,26
Coconino,NAVAJO MOUNTAIN 71,President,,REP,Donald J. Trump,19
Coconino,PAGE CENTRAL 72,President,,REP,Donald J. Trump,452
Coconino,PAGE EAST 73,President,,REP,Donald J. Trump,519
Coconino,PAGE SOUTH 74,President,,REP,Donald J. Trump,285
Coconino,PAGE WEST 75,President,,REP,Donald J. Trump,544
Coconino,PARKS 79,President,,REP,Donald J. Trump,700
Coconino,PINEWOOD 80,President,,REP,Donald J. Trump,552
Coconino,SEDONA NORTH 82,President,,REP,Donald J. Trump,331
Coconino,SEDONA SOUTH 83,President,,REP,Donald J. Trump,607
Coconino,RANCHES 84,President,,REP,Donald J. Trump,252
Coconino,SUNSET CRATER 85,President,,REP,Donald J. Trump,966
Coconino,MOUNTAIN VIEW 86,President,,REP,Donald J. Trump,141
Coconino,TOLANI LAKE 88,President,,REP,Donald J. Trump,40
Coconino,TONALEA 90,President,,REP,Donald J. Trump,241
Coconino,WINONA 92,President,,REP,Donald J. Trump,848
Coconino,TUBA CITY NORTHEAST 93,President,,REP,Donald J. Trump,136
Coconino,TUBA CITY NORTHWEST 94,President,,REP,Donald J. Trump,83
Coconino,TUBA CITY SOUTH 95,President,,REP,Donald J. Trump,350
Coconino,TUSAYAN 97,President,,REP,Donald J. Trump,335
Coconino,WILLIAMS NORTHSIDE 98,President,,REP,Donald J. Trump,1568
Coconino,WILLIAMS SOUTHSIDE 99,President,,REP,Donald J. Trump,538
Coconino,FLAGSTAFF 1,President,,LBT,Jo Jorgensen,20
Coconino,FLAGSTAFF 2,President,,LBT,Jo Jorgensen,16
Coconino,FLAGSTAFF 3,President,,LBT,Jo Jorgensen,20
Coconino,FLAGSTAFF 4,President,,LBT,Jo Jorgensen,20
Coconino,FLAGSTAFF 5,President,,LBT,Jo Jorgensen,31
Coconino,FLAGSTAFF 6,President,,LBT,Jo Jorgensen,43
Coconino,FLAGSTAFF 7,President,,LBT,Jo Jorgensen,45
Coconino,FLAGSTAFF 8,President,,LBT,Jo Jorgensen,10
Coconino,FLAGSTAFF 9,President,,LBT,Jo Jorgensen,56
Coconino,FLAGSTAFF 10,President,,LBT,Jo Jorgensen,5
Coconino,FLAGSTAFF 11,President,,LBT,Jo Jorgensen,16
Coconino,FLAGSTAFF 12,President,,LBT,Jo Jorgensen,31
Coconino,FLAGSTAFF 13,President,,LBT,Jo Jorgensen,13
Coconino,FLAGSTAFF 14,President,,LBT,Jo Jorgensen,38
Coconino,FLAGSTAFF 15,President,,LBT,Jo Jorgensen,52
Coconino,FLAGSTAFF 16,President,,LBT,Jo Jorgensen,32
Coconino,FLAGSTAFF 17,President,,LBT,Jo Jorgensen,11
Coconino,FLAGSTAFF 18,President,,LBT,Jo Jorgensen,15
Coconino,FLAGSTAFF 19,President,,LBT,Jo Jorgensen,34
Coconino,FLAGSTAFF 20,President,,LBT,Jo Jorgensen,18
Coconino,FLAGSTAFF 21,President,,LBT,Jo Jorgensen,45
Coconino,FLAGSTAFF 22,President,,LBT,Jo Jorgensen,62
Coconino,FLAGSTAFF 23,President,,LBT,Jo Jorgensen,52
Coconino,FLAGSTAFF 24,President,,LBT,Jo Jorgensen,43
Coconino,FLAGSTAFF 25,President,,LBT,Jo Jorgensen,40
Coconino,FLAGSTAFF 26,President,,LBT,Jo Jorgensen,31
Coconino,BELLEMONT 40,President,,LBT,Jo Jorgensen,14
Coconino,BLUE RIDGE 41,President,,LBT,Jo Jorgensen,3
Coconino,BODAWAY 42,President,,LBT,Jo Jorgensen,17
Coconino,CAMERON 43,President,,LBT,Jo Jorgensen,20
Coconino,COPPERMINE 47,President,,LBT,Jo Jorgensen,16
Coconino,COALMINE 48,President,,LBT,Jo Jorgensen,3
Coconino,DONEY PARK 50,President,,LBT,Jo Jorgensen,41
Coconino,SCHULTZ 51,President,,LBT,Jo Jorgensen,1
Coconino,TIMBERLINE FERNWOOD 52,President,,LBT,Jo Jorgensen,29
Coconino,FOREST LAKES 53,President,,LBT,Jo Jorgensen,2
Coconino,FORT VALLEY EAST 55,President,,LBT,Jo Jorgensen,3
Coconino,FORT VALLEY WEST 56,President,,LBT,Jo Jorgensen,9
Coconino,FREDONIA 58,President,,LBT,Jo Jorgensen,7
Coconino,GRAND CANYON 59,President,,LBT,Jo Jorgensen,21
Coconino,HAVASUPAI 60,President,,LBT,Jo Jorgensen,1
Coconino,INSCRIPTION HOUSE 61,President,,LBT,Jo Jorgensen,11
Coconino,PUMPHOUSE WASH 62,President,,LBT,Jo Jorgensen,63
Coconino,MORMON LAKE 63,President,,LBT,Jo Jorgensen,3
Coconino,KAIBAB NORTH 64,President,,LBT,Jo Jorgensen,1
Coconino,KAIBETO 65,President,,LBT,Jo Jorgensen,23
Coconino,KAIBAB WEST 66,President,,LBT,Jo Jorgensen,13
Coconino,LECHEE 67,President,,LBT,Jo Jorgensen,25
Coconino,LEUPP 69,President,,LBT,Jo Jorgensen,17
Coconino,MOENKOPI 70,President,,LBT,Jo Jorgensen,7
Coconino,NAVAJO MOUNTAIN 71,President,,LBT,Jo Jorgensen,6
Coconino,PAGE CENTRAL 72,President,,LBT,Jo Jorgensen,17
Coconino,PAGE EAST 73,President,,LBT,Jo Jorgensen,12
Coconino,PAGE SOUTH 74,President,,LBT,Jo Jorgensen,11
Coconino,PAGE WEST 75,President,,LBT,Jo Jorgensen,23
Coconino,PARKS 79,President,,LBT,Jo Jorgensen,16
Coconino,PINEWOOD 80,President,,LBT,Jo Jorgensen,19
Coconino,SEDONA NORTH 82,President,,LBT,Jo Jorgensen,7
Coconino,SEDONA SOUTH 83,President,,LBT,Jo Jorgensen,15
Coconino,RANCHES 84,President,,LBT,Jo Jorgensen,7
Coconino,SUNSET CRATER 85,President,,LBT,Jo Jorgensen,39
Coconino,MOUNTAIN VIEW 86,President,,LBT,Jo Jorgensen,2
Coconino,TOLANI LAKE 88,President,,LBT,Jo Jorgensen,5
Coconino,TONALEA 90,President,,LBT,Jo Jorgensen,36
Coconino,WINONA 92,President,,LBT,Jo Jorgensen,31
Coconino,TUBA CITY NORTHEAST 93,President,,LBT,Jo Jorgensen,12
Coconino,TUBA CITY NORTHWEST 94,President,,LBT,Jo Jorgensen,16
Coconino,TUBA CITY SOUTH 95,President,,LBT,Jo Jorgensen,45
Coconino,TUSAYAN 97,President,,LBT,Jo Jorgensen,9
Coconino,WILLIAMS NORTHSIDE 98,President,,LBT,Jo Jorgensen,33
Coconino,WILLIAMS SOUTHSIDE 99,President,,LBT,Jo Jorgensen,12
Coconino,FLAGSTAFF 1,U.S. Senate,,DEM,Mark Kelly,1195
Coconino,FLAGSTAFF 2,U.S. Senate,,DEM,Mark Kelly,1076
Coconino,FLAGSTAFF 3,U.S. Senate,,DEM,Mark Kelly,806
Coconino,FLAGSTAFF 4,U.S. Senate,,DEM,Mark Kelly,1128
Coconino,FLAGSTAFF 5,U.S. Senate,,DEM,Mark Kelly,1347
Coconino,FLAGSTAFF 6,U.S. Senate,,DEM,Mark Kelly,1099
Coconino,FLAGSTAFF 7,U.S. Senate,,DEM,Mark Kelly,868
Coconino,FLAGSTAFF 8,U.S. Senate,,DEM,Mark Kelly,608
Coconino,FLAGSTAFF 9,U.S. Senate,,DEM,Mark Kelly,1219
Coconino,FLAGSTAFF 10,U.S. Senate,,DEM,Mark Kelly,156
Coconino,FLAGSTAFF 11,U.S. Senate,,DEM,Mark Kelly,604
Coconino,FLAGSTAFF 12,U.S. Senate,,DEM,Mark Kelly,900
Coconino,FLAGSTAFF 13,U.S. Senate,,DEM,Mark Kelly,246
Coconino,FLAGSTAFF 14,U.S. Senate,,DEM,Mark Kelly,915
Coconino,FLAGSTAFF 15,U.S. Senate,,DEM,Mark Kelly,1676
Coconino,FLAGSTAFF 16,U.S. Senate,,DEM,Mark Kelly,1203
Coconino,FLAGSTAFF 17,U.S. Senate,,DEM,Mark Kelly,381
Coconino,FLAGSTAFF 18,U.S. Senate,,DEM,Mark Kelly,393
Coconino,FLAGSTAFF 19,U.S. Senate,,DEM,Mark Kelly,1011
Coconino,FLAGSTAFF 20,U.S. Senate,,DEM,Mark Kelly,432
Coconino,FLAGSTAFF 21,U.S. Senate,,DEM,Mark Kelly,1300
Coconino,FLAGSTAFF 22,U.S. Senate,,DEM,Mark Kelly,1652
Coconino,FLAGSTAFF 23,U.S. Senate,,DEM,Mark Kelly,1014
Coconino,FLAGSTAFF 24,U.S. Senate,,DEM,Mark Kelly,1500
Coconino,FLAGSTAFF 25,U.S. Senate,,DEM,Mark Kelly,1145
Coconino,FLAGSTAFF 26,U.S. Senate,,DEM,Mark Kelly,571
Coconino,BELLEMONT 40,U.S. Senate,,DEM,Mark Kelly,289
Coconino,BLUE RIDGE 41,U.S. Senate,,DEM,Mark Kelly,148
Coconino,BODAWAY 42,U.S. Senate,,DEM,Mark Kelly,607
Coconino,CAMERON 43,U.S. Senate,,DEM,Mark Kelly,663
Coconino,COPPERMINE 47,U.S. Senate,,DEM,Mark Kelly,349
Coconino,COALMINE 48,U.S. Senate,,DEM,Mark Kelly,177
Coconino,DONEY PARK 50,U.S. Senate,,DEM,Mark Kelly,783
Coconino,SCHULTZ 51,U.S. Senate,,DEM,Mark Kelly,38
Coconino,TIMBERLINE FERNWOOD 52,U.S. Senate,,DEM,Mark Kelly,716
Coconino,FOREST LAKES 53,U.S. Senate,,DEM,Mark Kelly,42
Coconino,FORT VALLEY EAST 55,U.S. Senate,,DEM,Mark Kelly,199
Coconino,FORT VALLEY WEST 56,U.S. Senate,,DEM,Mark Kelly,365
Coconino,FREDONIA 58,U.S. Senate,,DEM,Mark Kelly,143
Coconino,GRAND CANYON 59,U.S. Senate,,DEM,Mark Kelly,496
Coconino,HAVASUPAI 60,U.S. Senate,,DEM,Mark Kelly,54
Coconino,INSCRIPTION HOUSE 61,U.S. Senate,,DEM,Mark Kelly,346
Coconino,PUMPHOUSE WASH 62,U.S. Senate,,DEM,Mark Kelly,1733
Coconino,MORMON LAKE 63,U.S. Senate,,DEM,Mark Kelly,72
Coconino,KAIBAB NORTH 64,U.S. Senate,,DEM,Mark Kelly,5
Coconino,KAIBETO 65,U.S. Senate,,DEM,Mark Kelly,791
Coconino,KAIBAB WEST 66,U.S. Senate,,DEM,Mark Kelly,164
Coconino,LECHEE 67,U.S. Senate,,DEM,Mark Kelly,564
Coconino,LEUPP 69,U.S. Senate,,DEM,Mark Kelly,856
Coconino,MOENKOPI 70,U.S. Senate,,DEM,Mark Kelly,246
Coconino,NAVAJO MOUNTAIN 71,U.S. Senate,,DEM,Mark Kelly,77
Coconino,PAGE CENTRAL 72,U.S. Senate,,DEM,Mark Kelly,373
Coconino,PAGE EAST 73,U.S. Senate,,DEM,Mark Kelly,311
Coconino,PAGE SOUTH 74,U.S. Senate,,DEM,Mark Kelly,348
Coconino,PAGE WEST 75,U.S. Senate,,DEM,Mark Kelly,416
Coconino,PARKS 79,U.S. Senate,,DEM,Mark Kelly,306
Coconino,PINEWOOD 80,U.S. Senate,,DEM,Mark Kelly,333
Coconino,SEDONA NORTH 82,U.S. Senate,,DEM,Mark Kelly,451
Coconino,SEDONA SOUTH 83,U.S. Senate,,DEM,Mark Kelly,806
Coconino,RANCHES 84,U.S. Senate,,DEM,Mark Kelly,233
Coconino,SUNSET CRATER 85,U.S. Senate,,DEM,Mark Kelly,707
Coconino,MOUNTAIN VIEW 86,U.S. Senate,,DEM,Mark Kelly,100
Coconino,TOLANI LAKE 88,U.S. Senate,,DEM,Mark Kelly,267
Coconino,TONALEA 90,U.S. Senate,,DEM,Mark Kelly,1193
Coconino,WINONA 92,U.S. Senate,,DEM,Mark Kelly,718
Coconino,TUBA CITY NORTHEAST 93,U.S. Senate,,DEM,Mark Kelly,654
Coconino,TUBA CITY NORTHWEST 94,U.S. Senate,,DEM,Mark Kelly,565
Coconino,TUBA CITY SOUTH 95,U.S. Senate,,DEM,Mark Kelly,2297
Coconino,TUSAYAN 97,U.S. Senate,,DEM,Mark Kelly,255
Coconino,WILLIAMS NORTHSIDE 98,U.S. Senate,,DEM,Mark Kelly,539
Coconino,WILLIAMS SOUTHSIDE 99,U.S. Senate,,DEM,Mark Kelly,321
Coconino,FLAGSTAFF 1,U.S. Senate,,REP,Martha McSally,348
Coconino,FLAGSTAFF 2,U.S. Senate,,REP,Martha McSally,195
Coconino,FLAGSTAFF 3,U.S. Senate,,REP,Martha McSally,136
Coconino,FLAGSTAFF 4,U.S. Senate,,REP,Martha McSally,377
Coconino,FLAGSTAFF 5,U.S. Senate,,REP,Martha McSally,652
Coconino,FLAGSTAFF 6,U.S. Senate,,REP,Martha McSally,672
Coconino,FLAGSTAFF 7,U.S. Senate,,REP,Martha McSally,439
Coconino,FLAGSTAFF 8,U.S. Senate,,REP,Martha McSally,209
Coconino,FLAGSTAFF 9,U.S. Senate,,REP,Martha McSally,427
Coconino,FLAGSTAFF 10,U.S. Senate,,REP,Martha McSally,42
Coconino,FLAGSTAFF 11,U.S. Senate,,REP,Martha McSally,240
Coconino,FLAGSTAFF 12,U.S. Senate,,REP,Martha McSally,166
Coconino,FLAGSTAFF 13,U.S. Senate,,REP,Martha McSally,69
Coconino,FLAGSTAFF 14,U.S. Senate,,REP,Martha McSally,287
Coconino,FLAGSTAFF 15,U.S. Senate,,REP,Martha McSally,632
Coconino,FLAGSTAFF 16,U.S. Senate,,REP,Martha McSally,540
Coconino,FLAGSTAFF 17,U.S. Senate,,REP,Martha McSally,225
Coconino,FLAGSTAFF 18,U.S. Senate,,REP,Martha McSally,277
Coconino,FLAGSTAFF 19,U.S. Senate,,REP,Martha McSally,637
Coconino,FLAGSTAFF 20,U.S. Senate,,REP,Martha McSally,126
Coconino,FLAGSTAFF 21,U.S. Senate,,REP,Martha McSally,729
Coconino,FLAGSTAFF 22,U.S. Senate,,REP,Martha McSally,1034
Coconino,FLAGSTAFF 23,U.S. Senate,,REP,Martha McSally,478
Coconino,FLAGSTAFF 24,U.S. Senate,,REP,Martha McSally,1064
Coconino,FLAGSTAFF 25,U.S. Senate,,REP,Martha McSally,650
Coconino,FLAGSTAFF 26,U.S. Senate,,REP,Martha McSally,404
Coconino,BELLEMONT 40,U.S. Senate,,REP,Martha McSally,340
Coconino,BLUE RIDGE 41,U.S. Senate,,REP,Martha McSally,460
Coconino,BODAWAY 42,U.S. Senate,,REP,Martha McSally,151
Coconino,CAMERON 43,U.S. Senate,,REP,Martha McSally,145
Coconino,COPPERMINE 47,U.S. Senate,,REP,Martha McSally,70
Coconino,COALMINE 48,U.S. Senate,,REP,Martha McSally,32
Coconino,DONEY PARK 50,U.S. Senate,,REP,Martha McSally,1020
Coconino,SCHULTZ 51,U.S. Senate,,REP,Martha McSally,37
Coconino,TIMBERLINE FERNWOOD 52,U.S. Senate,,REP,Martha McSally,942
Coconino,FOREST LAKES 53,U.S. Senate,,REP,Martha McSally,107
Coconino,FORT VALLEY EAST 55,U.S. Senate,,REP,Martha McSally,117
Coconino,FORT VALLEY WEST 56,U.S. Senate,,REP,Martha McSally,319
Coconino,FREDONIA 58,U.S. Senate,,REP,Martha McSally,460
Coconino,GRAND CANYON 59,U.S. Senate,,REP,Martha McSally,170
Coconino,HAVASUPAI 60,U.S. Senate,,REP,Martha McSally,7
Coconino,INSCRIPTION HOUSE 61,U.S. Senate,,REP,Martha McSally,123
Coconino,PUMPHOUSE WASH 62,U.S. Senate,,REP,Martha McSally,1077
Coconino,MORMON LAKE 63,U.S. Senate,,REP,Martha McSally,108
Coconino,KAIBAB NORTH 64,U.S. Senate,,REP,Martha McSally,14
Coconino,KAIBETO 65,U.S. Senate,,REP,Martha McSally,182
Coconino,KAIBAB WEST 66,U.S. Senate,,REP,Martha McSally,403
Coconino,LECHEE 67,U.S. Senate,,REP,Martha McSally,176
Coconino,LEUPP 69,U.S. Senate,,REP,Martha McSally,191
Coconino,MOENKOPI 70,U.S. Senate,,REP,Martha McSally,42
Coconino,NAVAJO MOUNTAIN 71,U.S. Senate,,REP,Martha McSally,21
Coconino,PAGE CENTRAL 72,U.S. Senate,,REP,Martha McSally,441
Coconino,PAGE EAST 73,U.S. Senate,,REP,Martha McSally,527
Coconino,PAGE SOUTH 74,U.S. Senate,,REP,Martha McSally,270
Coconino,PAGE WEST 75,U.S. Senate,,REP,Martha McSally,534
Coconino,PARKS 79,U.S. Senate,,REP,Martha McSally,703
Coconino,PINEWOOD 80,U.S. Senate,,REP,Martha McSally,555
Coconino,SEDONA NORTH 82,U.S. Senate,,REP,Martha McSally,341
Coconino,SEDONA SOUTH 83,U.S. Senate,,REP,Martha McSally,610
Coconino,RANCHES 84,U.S. Senate,,REP,Martha McSally,256
Coconino,SUNSET CRATER 85,U.S. Senate,,REP,Martha McSally,969
Coconino,MOUNTAIN VIEW 86,U.S. Senate,,REP,Martha McSally,142
Coconino,TOLANI LAKE 88,U.S. Senate,,REP,Martha McSally,50
Coconino,TONALEA 90,U.S. Senate,,REP,Martha McSally,226
Coconino,WINONA 92,U.S. Senate,,REP,Martha McSally,834
Coconino,TUBA CITY NORTHEAST 93,U.S. Senate,,REP,Martha McSally,141
Coconino,TUBA CITY NORTHWEST 94,U.S. Senate,,REP,Martha McSally,92
Coconino,TUBA CITY SOUTH 95,U.S. Senate,,REP,Martha McSally,381
Coconino,TUSAYAN 97,U.S. Senate,,REP,Martha McSally,338
Coconino,WILLIAMS NORTHSIDE 98,U.S. Senate,,REP,Martha McSally,1559
Coconino,WILLIAMS SOUTHSIDE 99,U.S. Senate,,REP,Martha McSally,517
Coconino,FLAGSTAFF 1,U.S. House,1,DEM,Tom O'Halleran,1174
Coconino,FLAGSTAFF 2,U.S. House,1,DEM,Tom O'Halleran,1044
Coconino,FLAGSTAFF 3,U.S. House,1,DEM,Tom O'Halleran,795
Coconino,FLAGSTAFF 4,U.S. House,1,DEM,Tom O'Halleran,1143
Coconino,FLAGSTAFF 5,U.S. House,1,DEM,Tom O'Halleran,1349
Coconino,FLAGSTAFF 6,U.S. House,1,DEM,Tom O'Halleran,1074
Coconino,FLAGSTAFF 7,U.S. House,1,DEM,Tom O'Halleran,851
Coconino,FLAGSTAFF 8,U.S. House,1,DEM,Tom O'Halleran,611
Coconino,FLAGSTAFF 9,U.S. House,1,DEM,Tom O'Halleran,1161
Coconino,FLAGSTAFF 10,U.S. House,1,DEM,Tom O'Halleran,142
Coconino,FLAGSTAFF 11,U.S. House,1,DEM,Tom O'Halleran,591
Coconino,FLAGSTAFF 12,U.S. House,1,DEM,Tom O'Halleran,847
Coconino,FLAGSTAFF 13,U.S. House,1,DEM,Tom O'Halleran,230
Coconino,FLAGSTAFF 14,U.S. House,1,DEM,Tom O'Halleran,872
Coconino,FLAGSTAFF 15,U.S. House,1,DEM,Tom O'Halleran,1638
Coconino,FLAGSTAFF 16,U.S. House,1,DEM,Tom O'Halleran,1190
Coconino,FLAGSTAFF 17,U.S. House,1,DEM,Tom O'Halleran,388
Coconino,FLAGSTAFF 18,U.S. House,1,DEM,Tom O'Halleran,393
Coconino,FLAGSTAFF 19,U.S. House,1,DEM,Tom O'Halleran,994
Coconino,FLAGSTAFF 20,U.S. House,1,DEM,Tom O'Halleran,417
Coconino,FLAGSTAFF 21,U.S. House,1,DEM,Tom O'Halleran,1280
Coconino,FLAGSTAFF 22,U.S. House,1,DEM,Tom O'Halleran,1642
Coconino,FLAGSTAFF 23,U.S. House,1,DEM,Tom O'Halleran,996
Coconino,FLAGSTAFF 24,U.S. House,1,DEM,Tom O'Halleran,1483
Coconino,FLAGSTAFF 25,U.S. House,1,DEM,Tom O'Halleran,1115
Coconino,FLAGSTAFF 26,U.S. House,1,DEM,Tom O'Halleran,561
Coconino,BELLEMONT 40,U.S. House,1,DEM,Tom O'Halleran,279
Coconino,BLUE RIDGE 41,U.S. House,1,DEM,Tom O'Halleran,149
Coconino,BODAWAY 42,U.S. House,1,DEM,Tom O'Halleran,592
Coconino,CAMERON 43,U.S. House,1,DEM,Tom O'Halleran,662
Coconino,COPPERMINE 47,U.S. House,1,DEM,Tom O'Halleran,333
Coconino,COALMINE 48,U.S. House,1,DEM,Tom O'Halleran,175
Coconino,DONEY PARK 50,U.S. House,1,DEM,Tom O'Halleran,780
Coconino,SCHULTZ 51,U.S. House,1,DEM,Tom O'Halleran,35
Coconino,TIMBERLINE FERNWOOD 52,U.S. House,1,DEM,Tom O'Halleran,715
Coconino,FOREST LAKES 53,U.S. House,1,DEM,Tom O'Halleran,43
Coconino,FORT VALLEY EAST 55,U.S. House,1,DEM,Tom O'Halleran,201
Coconino,FORT VALLEY WEST 56,U.S. House,1,DEM,Tom O'Halleran,346
Coconino,FREDONIA 58,U.S. House,1,DEM,Tom O'Halleran,120
Coconino,GRAND CANYON 59,U.S. House,1,DEM,Tom O'Halleran,489
Coconino,HAVASUPAI 60,U.S. House,1,DEM,Tom O'Halleran,54
Coconino,INSCRIPTION HOUSE 61,U.S. House,1,DEM,Tom O'Halleran,335
Coconino,PUMPHOUSE WASH 62,U.S. House,1,DEM,Tom O'Halleran,1681
Coconino,MORMON LAKE 63,U.S. House,1,DEM,Tom O'Halleran,71
Coconino,KAIBAB NORTH 64,U.S. House,1,DEM,Tom O'Halleran,4
Coconino,KAIBETO 65,U.S. House,1,DEM,Tom O'Halleran,795
Coconino,KAIBAB WEST 66,U.S. House,1,DEM,Tom O'Halleran,156
Coconino,LECHEE 67,U.S. House,1,DEM,Tom O'Halleran,554
Coconino,LEUPP 69,U.S. House,1,DEM,Tom O'Halleran,862
Coconino,MOENKOPI 70,U.S. House,1,DEM,Tom O'Halleran,248
Coconino,NAVAJO MOUNTAIN 71,U.S. House,1,DEM,Tom O'Halleran,78
Coconino,PAGE CENTRAL 72,U.S. House,1,DEM,Tom O'Halleran,374
Coconino,PAGE EAST 73,U.S. House,1,DEM,Tom O'Halleran,304
Coconino,PAGE SOUTH 74,U.S. House,1,DEM,Tom O'Halleran,328
Coconino,PAGE WEST 75,U.S. House,1,DEM,Tom O'Halleran,400
Coconino,PARKS 79,U.S. House,1,DEM,Tom O'Halleran,310
Coconino,PINEWOOD 80,U.S. House,1,DEM,Tom O'Halleran,338
Coconino,SEDONA NORTH 82,U.S. House,1,DEM,Tom O'Halleran,450
Coconino,SEDONA SOUTH 83,U.S. House,1,DEM,Tom O'Halleran,792
Coconino,RANCHES 84,U.S. House,1,DEM,Tom O'Halleran,229
Coconino,SUNSET CRATER 85,U.S. House,1,DEM,Tom O'Halleran,693
Coconino,MOUNTAIN VIEW 86,U.S. House,1,DEM,Tom O'Halleran,97
Coconino,TOLANI LAKE 88,U.S. House,1,DEM,Tom O'Halleran,267
Coconino,TONALEA 90,U.S. House,1,DEM,Tom O'Halleran,1159
Coconino,WINONA 92,U.S. House,1,DEM,Tom O'Halleran,712
Coconino,TUBA CITY NORTHEAST 93,U.S. House,1,DEM,Tom O'Halleran,667
Coconino,TUBA CITY NORTHWEST 94,U.S. House,1,DEM,Tom O'Halleran,558
Coconino,TUBA CITY SOUTH 95,U.S. House,1,DEM,Tom O'Halleran,2281
Coconino,TUSAYAN 97,U.S. House,1,DEM,Tom O'Halleran,265
Coconino,WILLIAMS NORTHSIDE 98,U.S. House,1,DEM,Tom O'Halleran,566
Coconino,WILLIAMS SOUTHSIDE 99,U.S. House,1,DEM,Tom O'Halleran,314
Coconino,FLAGSTAFF 1,U.S. House,1,REP,Tiffany Shedd,350
Coconino,FLAGSTAFF 2,U.S. House,1,REP,Tiffany Shedd,203
Coconino,FLAGSTAFF 3,U.S. House,1,REP,Tiffany Shedd,132
Coconino,FLAGSTAFF 4,U.S. House,1,REP,Tiffany Shedd,341
Coconino,FLAGSTAFF 5,U.S. House,1,REP,Tiffany Shedd,622
Coconino,FLAGSTAFF 6,U.S. House,1,REP,Tiffany Shedd,658
Coconino,FLAGSTAFF 7,U.S. House,1,REP,Tiffany Shedd,423
Coconino,FLAGSTAFF 8,U.S. House,1,REP,Tiffany Shedd,197
Coconino,FLAGSTAFF 9,U.S. House,1,REP,Tiffany Shedd,434
Coconino,FLAGSTAFF 10,U.S. House,1,REP,Tiffany Shedd,46
Coconino,FLAGSTAFF 11,U.S. House,1,REP,Tiffany Shedd,236
Coconino,FLAGSTAFF 12,U.S. House,1,REP,Tiffany Shedd,176
Coconino,FLAGSTAFF 13,U.S. House,1,REP,Tiffany Shedd,62
Coconino,FLAGSTAFF 14,U.S. House,1,REP,Tiffany Shedd,288
Coconino,FLAGSTAFF 15,U.S. House,1,REP,Tiffany Shedd,623
Coconino,FLAGSTAFF 16,U.S. House,1,REP,Tiffany Shedd,526
Coconino,FLAGSTAFF 17,U.S. House,1,REP,Tiffany Shedd,213
Coconino,FLAGSTAFF 18,U.S. House,1,REP,Tiffany Shedd,263
Coconino,FLAGSTAFF 19,U.S. House,1,REP,Tiffany Shedd,618
Coconino,FLAGSTAFF 20,U.S. House,1,REP,Tiffany Shedd,121
Coconino,FLAGSTAFF 21,U.S. House,1,REP,Tiffany Shedd,690
Coconino,FLAGSTAFF 22,U.S. House,1,REP,Tiffany Shedd,987
Coconino,FLAGSTAFF 23,U.S. House,1,REP,Tiffany Shedd,468
Coconino,FLAGSTAFF 24,U.S. House,1,REP,Tiffany Shedd,1031
Coconino,FLAGSTAFF 25,U.S. House,1,REP,Tiffany Shedd,646
Coconino,FLAGSTAFF 26,U.S. House,1,REP,Tiffany Shedd,402
Coconino,BELLEMONT 40,U.S. House,1,REP,Tiffany Shedd,333
Coconino,BLUE RIDGE 41,U.S. House,1,REP,Tiffany Shedd,450
Coconino,BODAWAY 42,U.S. House,1,REP,Tiffany Shedd,163
Coconino,CAMERON 43,U.S. House,1,REP,Tiffany Shedd,137
Coconino,COPPERMINE 47,U.S. House,1,REP,Tiffany Shedd,83
Coconino,COALMINE 48,U.S. House,1,REP,Tiffany Shedd,32
Coconino,DONEY PARK 50,U.S. House,1,REP,Tiffany Shedd,1003
Coconino,SCHULTZ 51,U.S. House,1,REP,Tiffany Shedd,39
Coconino,TIMBERLINE FERNWOOD 52,U.S. House,1,REP,Tiffany Shedd,934
Coconino,FOREST LAKES 53,U.S. House,1,REP,Tiffany Shedd,104
Coconino,FORT VALLEY EAST 55,U.S. House,1,REP,Tiffany Shedd,111
Coconino,FORT VALLEY WEST 56,U.S. House,1,REP,Tiffany Shedd,322
Coconino,FREDONIA 58,U.S. House,1,REP,Tiffany Shedd,470
Coconino,GRAND CANYON 59,U.S. House,1,REP,Tiffany Shedd,169
Coconino,HAVASUPAI 60,U.S. House,1,REP,Tiffany Shedd,7
Coconino,INSCRIPTION HOUSE 61,U.S. House,1,REP,Tiffany Shedd,131
Coconino,PUMPHOUSE WASH 62,U.S. House,1,REP,Tiffany Shedd,1069
Coconino,MORMON LAKE 63,U.S. House,1,REP,Tiffany Shedd,106
Coconino,KAIBAB NORTH 64,U.S. House,1,REP,Tiffany Shedd,15
Coconino,KAIBETO 65,U.S. House,1,REP,Tiffany Shedd,174
Coconino,KAIBAB WEST 66,U.S. House,1,REP,Tiffany Shedd,404
Coconino,LECHEE 67,U.S. House,1,REP,Tiffany Shedd,179
Coconino,LEUPP 69,U.S. House,1,REP,Tiffany Shedd,189
Coconino,MOENKOPI 70,U.S. House,1,REP,Tiffany Shedd,40
Coconino,NAVAJO MOUNTAIN 71,U.S. House,1,REP,Tiffany Shedd,20
Coconino,PAGE CENTRAL 72,U.S. House,1,REP,Tiffany Shedd,430
Coconino,PAGE EAST 73,U.S. House,1,REP,Tiffany Shedd,528
Coconino,PAGE SOUTH 74,U.S. House,1,REP,Tiffany Shedd,287
Coconino,PAGE WEST 75,U.S. House,1,REP,Tiffany Shedd,525
Coconino,PARKS 79,U.S. House,1,REP,Tiffany Shedd,687
Coconino,PINEWOOD 80,U.S. House,1,REP,Tiffany Shedd,536
Coconino,SEDONA NORTH 82,U.S. House,1,REP,Tiffany Shedd,333
Coconino,SEDONA SOUTH 83,U.S. House,1,REP,Tiffany Shedd,605
Coconino,RANCHES 84,U.S. House,1,REP,Tiffany Shedd,252
Coconino,SUNSET CRATER 85,U.S. House,1,REP,Tiffany Shedd,965
Coconino,MOUNTAIN VIEW 86,U.S. House,1,REP,Tiffany Shedd,141
Coconino,TOLANI LAKE 88,U.S. House,1,REP,Tiffany Shedd,47
Coconino,TONALEA 90,U.S. House,1,REP,Tiffany Shedd,243
Coconino,WINONA 92,U.S. House,1,REP,Tiffany Shedd,821
Coconino,TUBA CITY NORTHEAST 93,U.S. House,1,REP,Tiffany Shedd,131
Coconino,TUBA CITY NORTHWEST 94,U.S. House,1,REP,Tiffany Shedd,99
Coconino,TUBA CITY SOUTH 95,U.S. House,1,REP,Tiffany Shedd,399
Coconino,TUSAYAN 97,U.S. House,1,REP,Tiffany Shedd,319
Coconino,WILLIAMS NORTHSIDE 98,U.S. House,1,REP,Tiffany Shedd,1508
Coconino,WILLIAMS SOUTHSIDE 99,U.S. House,1,REP,Tiffany Shedd,504
Coconino,FLAGSTAFF 1,State Senate,6,DEM,Felicia French,1156
Coconino,FLAGSTAFF 2,State Senate,6,DEM,Felicia French,1028
Coconino,FLAGSTAFF 3,State Senate,6,DEM,Felicia French,788
Coconino,FLAGSTAFF 4,State Senate,6,DEM,Felicia French,1111
Coconino,FLAGSTAFF 5,State Senate,6,DEM,Felicia French,1300
Coconino,FLAGSTAFF 6,State Senate,6,DEM,Felicia French,1065
Coconino,FLAGSTAFF 7,State Senate,6,DEM,Felicia French,817
Coconino,FLAGSTAFF 8,State Senate,6,DEM,Felicia French,600
Coconino,FLAGSTAFF 9,State Senate,6,DEM,Felicia French,1162
Coconino,FLAGSTAFF 10,State Senate,6,DEM,Felicia French,126
Coconino,FLAGSTAFF 11,State Senate,6,DEM,Felicia French,590
Coconino,FLAGSTAFF 12,State Senate,6,DEM,Felicia French,818
Coconino,FLAGSTAFF 13,State Senate,6,DEM,Felicia French,218
Coconino,FLAGSTAFF 14,State Senate,6,DEM,Felicia French,869
Coconino,FLAGSTAFF 15,State Senate,6,DEM,Felicia French,1632
Coconino,FLAGSTAFF 16,State Senate,6,DEM,Felicia French,1171
Coconino,FLAGSTAFF 17,State Senate,6,DEM,Felicia French,377
Coconino,FLAGSTAFF 18,State Senate,6,DEM,Felicia French,374
Coconino,FLAGSTAFF 19,State Senate,6,DEM,Felicia French,979
Coconino,FLAGSTAFF 20,State Senate,6,DEM,Felicia French,397
Coconino,FLAGSTAFF 21,State Senate,6,DEM,Felicia French,1252
Coconino,FLAGSTAFF 22,State Senate,6,DEM,Felicia French,1578
Coconino,FLAGSTAFF 23,State Senate,6,DEM,Felicia French,992
Coconino,FLAGSTAFF 24,State Senate,6,DEM,Felicia French,1447
Coconino,FLAGSTAFF 25,State Senate,6,DEM,Felicia French,1100
Coconino,FLAGSTAFF 26,State Senate,6,DEM,Felicia French,532
Coconino,BELLEMONT 40,State Senate,6,DEM,Felicia French,274
Coconino,BLUE RIDGE 41,State Senate,6,DEM,Felicia French,128
Coconino,DONEY PARK 50,State Senate,6,DEM,Felicia French,745
Coconino,TIMBERLINE FERNWOOD 52,State Senate,6,DEM,Felicia French,693
Coconino,FOREST LAKES 53,State Senate,6,DEM,Felicia French,37
Coconino,FORT VALLEY WEST 56,State Senate,6,DEM,Felicia French,346
Coconino,GRAND CANYON 59,State Senate,6,DEM,Felicia French,487
Coconino,PUMPHOUSE WASH 62,State Senate,6,DEM,Felicia French,1656
Coconino,MORMON LAKE 63,State Senate,6,DEM,Felicia French,65
Coconino,KAIBAB WEST 66,State Senate,6,DEM,Felicia French,141
Coconino,PARKS 79,State Senate,6,DEM,Felicia French,297
Coconino,PINEWOOD 80,State Senate,6,DEM,Felicia French,308
Coconino,SEDONA NORTH 82,State Senate,6,DEM,Felicia French,448
Coconino,SEDONA SOUTH 83,State Senate,6,DEM,Felicia French,792
Coconino,RANCHES 84,State Senate,6,DEM,Felicia French,211
Coconino,SUNSET CRATER 85,State Senate,6,DEM,Felicia French,660
Coconino,TUSAYAN 97,State Senate,6,DEM,Felicia French,238
Coconino,WILLIAMS NORTHSIDE 98,State Senate,6,DEM,Felicia French,509
Coconino,WILLIAMS SOUTHSIDE 99,State Senate,6,DEM,Felicia French,281
Coconino,FLAGSTAFF 1,State Senate,6,REP,Wendy Rogers,360
Coconino,FLAGSTAFF 2,State Senate,6,REP,Wendy Rogers,205
Coconino,FLAGSTAFF 3,State Senate,6,REP,Wendy Rogers,138
Coconino,FLAGSTAFF 4,State Senate,6,REP,Wendy Rogers,374
Coconino,FLAGSTAFF 5,State Senate,6,REP,Wendy Rogers,665
Coconino,FLAGSTAFF 6,State Senate,6,REP,Wendy Rogers,671
Coconino,FLAGSTAFF 7,State Senate,6,REP,Wendy Rogers,440
Coconino,FLAGSTAFF 8,State Senate,6,REP,Wendy Rogers,212
Coconino,FLAGSTAFF 9,State Senate,6,REP,Wendy Rogers,427
Coconino,FLAGSTAFF 10,State Senate,6,REP,Wendy Rogers,39
Coconino,FLAGSTAFF 11,State Senate,6,REP,Wendy Rogers,227
Coconino,FLAGSTAFF 12,State Senate,6,REP,Wendy Rogers,180
Coconino,FLAGSTAFF 13,State Senate,6,REP,Wendy Rogers,54
Coconino,FLAGSTAFF 14,State Senate,6,REP,Wendy Rogers,290
Coconino,FLAGSTAFF 15,State Senate,6,REP,Wendy Rogers,638
Coconino,FLAGSTAFF 16,State Senate,6,REP,Wendy Rogers,541
Coconino,FLAGSTAFF 17,State Senate,6,REP,Wendy Rogers,217
Coconino,FLAGSTAFF 18,State Senate,6,REP,Wendy Rogers,276
Coconino,FLAGSTAFF 19,State Senate,6,REP,Wendy Rogers,634
Coconino,FLAGSTAFF 20,State Senate,6,REP,Wendy Rogers,108
Coconino,FLAGSTAFF 21,State Senate,6,REP,Wendy Rogers,728
Coconino,FLAGSTAFF 22,State Senate,6,REP,Wendy Rogers,1047
Coconino,FLAGSTAFF 23,State Senate,6,REP,Wendy Rogers,472
Coconino,FLAGSTAFF 24,State Senate,6,REP,Wendy Rogers,1062
Coconino,FLAGSTAFF 25,State Senate,6,REP,Wendy Rogers,652
Coconino,FLAGSTAFF 26,State Senate,6,REP,Wendy Rogers,422
Coconino,BELLEMONT 40,State Senate,6,REP,Wendy Rogers,343
Coconino,BLUE RIDGE 41,State Senate,6,REP,Wendy Rogers,461
Coconino,DONEY PARK 50,State Senate,6,REP,Wendy Rogers,1038
Coconino,TIMBERLINE FERNWOOD 52,State Senate,6,REP,Wendy Rogers,946
Coconino,FOREST LAKES 53,State Senate,6,REP,Wendy Rogers,107
Coconino,FORT VALLEY WEST 56,State Senate,6,REP,Wendy Rogers,320
Coconino,GRAND CANYON 59,State Senate,6,REP,Wendy Rogers,162
Coconino,PUMPHOUSE WASH 62,State Senate,6,REP,Wendy Rogers,1097
Coconino,MORMON LAKE 63,State Senate,6,REP,Wendy Rogers,111
Coconino,KAIBAB WEST 66,State Senate,6,REP,Wendy Rogers,423
Coconino,PARKS 79,State Senate,6,REP,Wendy Rogers,698
Coconino,PINEWOOD 80,State Senate,6,REP,Wendy Rogers,560
Coconino,SEDONA NORTH 82,State Senate,6,REP,Wendy Rogers,333
Coconino,SEDONA SOUTH 83,State Senate,6,REP,Wendy Rogers,607
Coconino,RANCHES 84,State Senate,6,REP,Wendy Rogers,266
Coconino,SUNSET CRATER 85,State Senate,6,REP,Wendy Rogers,998
Coconino,TUSAYAN 97,State Senate,6,REP,Wendy Rogers,338
Coconino,WILLIAMS NORTHSIDE 98,State Senate,6,REP,Wendy Rogers,1555
Coconino,WILLIAMS SOUTHSIDE 99,State Senate,6,REP,Wendy Rogers,533
Coconino,BODAWAY 42,State Senate,7,DEM,Jamescita Peshlakai,692
Coconino,CAMERON 43,State Senate,7,DEM,Jamescita Peshlakai,770
Coconino,COPPERMINE 47,State Senate,7,DEM,Jamescita Peshlakai,391
Coconino,COALMINE 48,State Senate,7,DEM,Jamescita Peshlakai,200
Coconino,SCHULTZ 51,State Senate,7,DEM,Jamescita Peshlakai,40
Coconino,FORT VALLEY EAST 55,State Senate,7,DEM,Jamescita Peshlakai,200
Coconino,FREDONIA 58,State Senate,7,DEM,Jamescita Peshlakai,241
Coconino,HAVASUPAI 60,State Senate,7,DEM,Jamescita Peshlakai,58
Coconino,INSCRIPTION HOUSE 61,State Senate,7,DEM,Jamescita Peshlakai,424
Coconino,KAIBAB NORTH 64,State Senate,7,DEM,Jamescita Peshlakai,11
Coconino,KAIBETO 65,State Senate,7,DEM,Jamescita Peshlakai,915
Coconino,LECHEE 67,State Senate,7,DEM,Jamescita Peshlakai,675
Coconino,LEUPP 69,State Senate,7,DEM,Jamescita Peshlakai,978
Coconino,MOENKOPI 70,State Senate,7,DEM,Jamescita Peshlakai,267
Coconino,NAVAJO MOUNTAIN 71,State Senate,7,DEM,Jamescita Peshlakai,90
Coconino,PAGE CENTRAL 72,State Senate,7,DEM,Jamescita Peshlakai,510
Coconino,PAGE EAST 73,State Senate,7,DEM,Jamescita Peshlakai,455
Coconino,PAGE SOUTH 74,State Senate,7,DEM,Jamescita Peshlakai,430
Coconino,PAGE WEST 75,State Senate,7,DEM,Jamescita Peshlakai,515
Coconino,MOUNTAIN VIEW 86,State Senate,7,DEM,Jamescita Peshlakai,121
Coconino,TOLANI LAKE 88,State Senate,7,DEM,Jamescita Peshlakai,307
Coconino,TONALEA 90,State Senate,7,DEM,Jamescita Peshlakai,1314
Coconino,WINONA 92,State Senate,7,DEM,Jamescita Peshlakai,842
Coconino,TUBA CITY NORTHEAST 93,State Senate,7,DEM,Jamescita Peshlakai,744
Coconino,TUBA CITY NORTHWEST 94,State Senate,7,DEM,Jamescita Peshlakai,622
Coconino,TUBA CITY SOUTH 95,State Senate,7,DEM,Jamescita Peshlakai,2546
Coconino,FLAGSTAFF 1,State House,6,DEM,Coral J. Evans,1054
Coconino,FLAGSTAFF 2,State House,6,DEM,Coral J. Evans,937
Coconino,FLAGSTAFF 3,State House,6,DEM,Coral J. Evans,722
Coconino,FLAGSTAFF 4,State House,6,DEM,Coral J. Evans,1001
Coconino,FLAGSTAFF 5,State House,6,DEM,Coral J. Evans,1194
Coconino,FLAGSTAFF 6,State House,6,DEM,Coral J. Evans,984
Coconino,FLAGSTAFF 7,State House,6,DEM,Coral J. Evans,763
Coconino,FLAGSTAFF 8,State House,6,DEM,Coral J. Evans,565
Coconino,FLAGSTAFF 9,State House,6,DEM,Coral J. Evans,1101
Coconino,FLAGSTAFF 10,State House,6,DEM,Coral J. Evans,115
Coconino,FLAGSTAFF 11,State House,6,DEM,Coral J. Evans,559
Coconino,FLAGSTAFF 12,State House,6,DEM,Coral J. Evans,757
Coconino,FLAGSTAFF 13,State House,6,DEM,Coral J. Evans,203
Coconino,FLAGSTAFF 14,State House,6,DEM,Coral J. Evans,802
Coconino,FLAGSTAFF 15,State House,6,DEM,Coral J. Evans,1513
Coconino,FLAGSTAFF 16,State House,6,DEM,Coral J. Evans,1087
Coconino,FLAGSTAFF 17,State House,6,DEM,Coral J. Evans,360
Coconino,FLAGSTAFF 18,State House,6,DEM,Coral J. Evans,363
Coconino,FLAGSTAFF 19,State House,6,DEM,Coral J. Evans,897
Coconino,FLAGSTAFF 20,State House,6,DEM,Coral J. Evans,370
Coconino,FLAGSTAFF 21,State House,6,DEM,Coral J. Evans,1151
Coconino,FLAGSTAFF 22,State House,6,DEM,Coral J. Evans,1471
Coconino,FLAGSTAFF 23,State House,6,DEM,Coral J. Evans,908
Coconino,FLAGSTAFF 24,State House,6,DEM,Coral J. Evans,1358
Coconino,FLAGSTAFF 25,State House,6,DEM,Coral J. Evans,1028
Coconino,FLAGSTAFF 26,State House,6,DEM,Coral J. Evans,522
Coconino,BELLEMONT 40,State House,6,DEM,Coral J. Evans,249
Coconino,BLUE RIDGE 41,State House,6,DEM,Coral J. Evans,129
Coconino,DONEY PARK 50,State House,6,DEM,Coral J. Evans,697
Coconino,TIMBERLINE FERNWOOD 52,State House,6,DEM,Coral J. Evans,640
Coconino,FOREST LAKES 53,State House,6,DEM,Coral J. Evans,32
Coconino,FORT VALLEY WEST 56,State House,6,DEM,Coral J. Evans,301
Coconino,GRAND CANYON 59,State House,6,DEM,Coral J. Evans,465
Coconino,PUMPHOUSE WASH 62,State House,6,DEM,Coral J. Evans,1510
Coconino,MORMON LAKE 63,State House,6,DEM,Coral J. Evans,55
Coconino,KAIBAB WEST 66,State House,6,DEM,Coral J. Evans,132
Coconino,PARKS 79,State House,6,DEM,Coral J. Evans,271
Coconino,PINEWOOD 80,State House,6,DEM,Coral J. Evans,286
Coconino,SEDONA NORTH 82,State House,6,DEM,Coral J. Evans,414
Coconino,SEDONA SOUTH 83,State House,6,DEM,Coral J. Evans,753
Coconino,RANCHES 84,State House,6,DEM,Coral J. Evans,195
Coconino,SUNSET CRATER 85,State House,6,DEM,Coral J. Evans,622
Coconino,TUSAYAN 97,State House,6,DEM,Coral J. Evans,228
Coconino,WILLIAMS NORTHSIDE 98,State House,6,DEM,Coral J. Evans,479
Coconino,WILLIAMS SOUTHSIDE 99,State House,6,DEM,Coral J. Evans,250
Coconino,FLAGSTAFF 1,State House,6,REP,Brenda Barton,256
Coconino,FLAGSTAFF 2,State House,6,REP,Brenda Barton,143
Coconino,FLAGSTAFF 3,State House,6,REP,Brenda Barton,103
Coconino,FLAGSTAFF 4,State House,6,REP,Brenda Barton,268
Coconino,FLAGSTAFF 5,State House,6,REP,Brenda Barton,471
Coconino,FLAGSTAFF 6,State House,6,REP,Brenda Barton,489
Coconino,FLAGSTAFF 7,State House,6,REP,Brenda Barton,308
Coconino,FLAGSTAFF 8,State House,6,REP,Brenda Barton,130
Coconino,FLAGSTAFF 9,State House,6,REP,Brenda Barton,298
Coconino,FLAGSTAFF 10,State House,6,REP,Brenda Barton,19
Coconino,FLAGSTAFF 11,State House,6,REP,Brenda Barton,167
Coconino,FLAGSTAFF 12,State House,6,REP,Brenda Barton,99
Coconino,FLAGSTAFF 13,State House,6,REP,Brenda Barton,43
Coconino,FLAGSTAFF 14,State House,6,REP,Brenda Barton,203
Coconino,FLAGSTAFF 15,State House,6,REP,Brenda Barton,470
Coconino,FLAGSTAFF 16,State House,6,REP,Brenda Barton,390
Coconino,FLAGSTAFF 17,State House,6,REP,Brenda Barton,162
Coconino,FLAGSTAFF 18,State House,6,REP,Brenda Barton,188
Coconino,FLAGSTAFF 19,State House,6,REP,Brenda Barton,482
Coconino,FLAGSTAFF 20,State House,6,REP,Brenda Barton,77
Coconino,FLAGSTAFF 21,State House,6,REP,Brenda Barton,514
Coconino,FLAGSTAFF 22,State House,6,REP,Brenda Barton,735
Coconino,FLAGSTAFF 23,State House,6,REP,Brenda Barton,343
Coconino,FLAGSTAFF 24,State House,6,REP,Brenda Barton,788
Coconino,FLAGSTAFF 25,State House,6,REP,Brenda Barton,479
Coconino,FLAGSTAFF 26,State House,6,REP,Brenda Barton,279
Coconino,BELLEMONT 40,State House,6,REP,Brenda Barton,221
Coconino,BLUE RIDGE 41,State House,6,REP,Brenda Barton,397
Coconino,DONEY PARK 50,State House,6,REP,Brenda Barton,759
Coconino,TIMBERLINE FERNWOOD 52,State House,6,REP,Brenda Barton,730
Coconino,FOREST LAKES 53,State House,6,REP,Brenda Barton,89
Coconino,FORT VALLEY WEST 56,State House,6,REP,Brenda Barton,218
Coconino,GRAND CANYON 59,State House,6,REP,Brenda Barton,122
Coconino,PUMPHOUSE WASH 62,State House,6,REP,Brenda Barton,786
Coconino,MORMON LAKE 63,State House,6,REP,Brenda Barton,78
Coconino,KAIBAB WEST 66,State House,6,REP,Brenda Barton,326
Coconino,PARKS 79,State House,6,REP,Brenda Barton,525
Coconino,PINEWOOD 80,State House,6,REP,Brenda Barton,445
Coconino,SEDONA NORTH 82,State House,6,REP,Brenda Barton,277
Coconino,SEDONA SOUTH 83,State House,6,REP,Brenda Barton,529
Coconino,RANCHES 84,State House,6,REP,Brenda Barton,190
Coconino,SUNSET CRATER 85,State House,6,REP,Brenda Barton,687
Coconino,TUSAYAN 97,State House,6,REP,Brenda Barton,247
Coconino,WILLIAMS NORTHSIDE 98,State House,6,REP,Brenda Barton,1143
Coconino,WILLIAMS SOUTHSIDE 99,State House,6,REP,Brenda Barton,418
Coconino,FLAGSTAFF 1,State House,6,REP,"Walter ""Walt"" Blackman",289
Coconino,FLAGSTAFF 2,State House,6,REP,"Walter ""Walt"" Blackman",170
Coconino,FLAGSTAFF 3,State House,6,REP,"Walter ""Walt"" Blackman",115
Coconino,FLAGSTAFF 4,State House,6,REP,"Walter ""Walt"" Blackman",315
Coconino,FLAGSTAFF 5,State House,6,REP,"Walter ""Walt"" Blackman",547
Coconino,FLAGSTAFF 6,State House,6,REP,"Walter ""Walt"" Blackman",538
Coconino,FLAGSTAFF 7,State House,6,REP,"Walter ""Walt"" Blackman",371
Coconino,FLAGSTAFF 8,State House,6,REP,"Walter ""Walt"" Blackman",165
Coconino,FLAGSTAFF 9,State House,6,REP,"Walter ""Walt"" Blackman",330
Coconino,FLAGSTAFF 10,State House,6,REP,"Walter ""Walt"" Blackman",31
Coconino,FLAGSTAFF 11,State House,6,REP,"Walter ""Walt"" Blackman",182
Coconino,FLAGSTAFF 12,State House,6,REP,"Walter ""Walt"" Blackman",129
Coconino,FLAGSTAFF 13,State House,6,REP,"Walter ""Walt"" Blackman",51
Coconino,FLAGSTAFF 14,State House,6,REP,"Walter ""Walt"" Blackman",240
Coconino,FLAGSTAFF 15,State House,6,REP,"Walter ""Walt"" Blackman",515
Coconino,FLAGSTAFF 16,State House,6,REP,"Walter ""Walt"" Blackman",437
Coconino,FLAGSTAFF 17,State House,6,REP,"Walter ""Walt"" Blackman",178
Coconino,FLAGSTAFF 18,State House,6,REP,"Walter ""Walt"" Blackman",225
Coconino,FLAGSTAFF 19,State House,6,REP,"Walter ""Walt"" Blackman",525
Coconino,FLAGSTAFF 20,State House,6,REP,"Walter ""Walt"" Blackman",96
Coconino,FLAGSTAFF 21,State House,6,REP,"Walter ""Walt"" Blackman",622
Coconino,FLAGSTAFF 22,State House,6,REP,"Walter ""Walt"" Blackman",873
Coconino,FLAGSTAFF 23,State House,6,REP,"Walter ""Walt"" Blackman",363
Coconino,FLAGSTAFF 24,State House,6,REP,"Walter ""Walt"" Blackman",920
Coconino,FLAGSTAFF 25,State House,6,REP,"Walter ""Walt"" Blackman",570
Coconino,FLAGSTAFF 26,State House,6,REP,"Walter ""Walt"" Blackman",335
Coconino,BELLEMONT 40,State House,6,REP,"Walter ""Walt"" Blackman",275
Coconino,BLUE RIDGE 41,State House,6,REP,"Walter ""Walt"" Blackman",405
Coconino,DONEY PARK 50,State House,6,REP,"Walter ""Walt"" Blackman",857
Coconino,TIMBERLINE FERNWOOD 52,State House,6,REP,"Walter ""Walt"" Blackman",773
Coconino,FOREST LAKES 53,State House,6,REP,"Walter ""Walt"" Blackman",92
Coconino,FORT VALLEY WEST 56,State House,6,REP,"Walter ""Walt"" Blackman",265
Coconino,GRAND CANYON 59,State House,6,REP,"Walter ""Walt"" Blackman",120
Coconino,PUMPHOUSE WASH 62,State House,6,REP,"Walter ""Walt"" Blackman",874
Coconino,MORMON LAKE 63,State House,6,REP,"Walter ""Walt"" Blackman",97
Coconino,KAIBAB WEST 66,State House,6,REP,"Walter ""Walt"" Blackman",349
Coconino,PARKS 79,State House,6,REP,"Walter ""Walt"" Blackman",582
Coconino,PINEWOOD 80,State House,6,REP,"Walter ""Walt"" Blackman",455
Coconino,SEDONA NORTH 82,State House,6,REP,"Walter ""Walt"" Blackman",277
Coconino,SEDONA SOUTH 83,State House,6,REP,"Walter ""Walt"" Blackman",547
Coconino,RANCHES 84,State House,6,REP,"Walter ""Walt"" Blackman",218
Coconino,SUNSET CRATER 85,State House,6,REP,"Walter ""Walt"" Blackman",810
Coconino,TUSAYAN 97,State House,6,REP,"Walter ""Walt"" Blackman",276
Coconino,WILLIAMS NORTHSIDE 98,State House,6,REP,"Walter ""Walt"" Blackman",1330
Coconino,WILLIAMS SOUTHSIDE 99,State House,6,REP,"Walter ""Walt"" Blackman",451
Coconino,FLAGSTAFF 1,State House,6,IND,Art Babbott,891
Coconino,FLAGSTAFF 2,State House,6,IND,Art Babbott,840
Coconino,FLAGSTAFF 3,State House,6,IND,Art Babbott,595
Coconino,FLAGSTAFF 4,State House,6,IND,Art Babbott,984
Coconino,FLAGSTAFF 5,State House,6,IND,Art Babbott,1161
Coconino,FLAGSTAFF 6,State House,6,IND,Art Babbott,762
Coconino,FLAGSTAFF 7,State House,6,IND,Art Babbott,580
Coconino,FLAGSTAFF 8,State House,6,IND,Art Babbott,531
Coconino,FLAGSTAFF 9,State House,6,IND,Art Babbott,688
Coconino,FLAGSTAFF 10,State House,6,IND,Art Babbott,83
Coconino,FLAGSTAFF 11,State House,6,IND,Art Babbott,367
Coconino,FLAGSTAFF 12,State House,6,IND,Art Babbott,512
Coconino,FLAGSTAFF 13,State House,6,IND,Art Babbott,132
Coconino,FLAGSTAFF 14,State House,6,IND,Art Babbott,533
Coconino,FLAGSTAFF 15,State House,6,IND,Art Babbott,1035
Coconino,FLAGSTAFF 16,State House,6,IND,Art Babbott,919
Coconino,FLAGSTAFF 17,State House,6,IND,Art Babbott,227
Coconino,FLAGSTAFF 18,State House,6,IND,Art Babbott,303
Coconino,FLAGSTAFF 19,State House,6,IND,Art Babbott,758
Coconino,FLAGSTAFF 20,State House,6,IND,Art Babbott,216
Coconino,FLAGSTAFF 21,State House,6,IND,Art Babbott,1028
Coconino,FLAGSTAFF 22,State House,6,IND,Art Babbott,1291
Coconino,FLAGSTAFF 23,State House,6,IND,Art Babbott,665
Coconino,FLAGSTAFF 24,State House,6,IND,Art Babbott,1065
Coconino,FLAGSTAFF 25,State House,6,IND,Art Babbott,828
Coconino,FLAGSTAFF 26,State House,6,IND,Art Babbott,334
Coconino,BELLEMONT 40,State House,6,IND,Art Babbott,230
Coconino,BLUE RIDGE 41,State House,6,IND,Art Babbott,107
Coconino,DONEY PARK 50,State House,6,IND,Art Babbott,620
Coconino,TIMBERLINE FERNWOOD 52,State House,6,IND,Art Babbott,588
Coconino,FOREST LAKES 53,State House,6,IND,Art Babbott,37
Coconino,FORT VALLEY WEST 56,State House,6,IND,Art Babbott,357
Coconino,GRAND CANYON 59,State House,6,IND,Art Babbott,269
Coconino,PUMPHOUSE WASH 62,State House,6,IND,Art Babbott,1295
Coconino,MORMON LAKE 63,State House,6,IND,Art Babbott,66
Coconino,KAIBAB WEST 66,State House,6,IND,Art Babbott,117
Coconino,PARKS 79,State House,6,IND,Art Babbott,282
Coconino,PINEWOOD 80,State House,6,IND,Art Babbott,236
Coconino,SEDONA NORTH 82,State House,6,IND,Art Babbott,246
Coconino,SEDONA SOUTH 83,State House,6,IND,Art Babbott,434
Coconino,RANCHES 84,State House,6,IND,Art Babbott,186
Coconino,SUNSET CRATER 85,State House,6,IND,Art Babbott,602
Coconino,TUSAYAN 97,State House,6,IND,Art Babbott,177
Coconino,WILLIAMS NORTHSIDE 98,State House,6,IND,Art Babbott,417
Coconino,WILLIAMS SOUTHSIDE 99,State House,6,IND,Art Babbott,213
Coconino,BODAWAY 42,State House,7,DEM,Arlando Teller,360
Coconino,CAMERON 43,State House,7,DEM,Arlando Teller,407
Coconino,COPPERMINE 47,State House,7,DEM,Arlando Teller,192
Coconino,COALMINE 48,State House,7,DEM,Arlando Teller,131
Coconino,SCHULTZ 51,State House,7,DEM,Arlando Teller,31
Coconino,FORT VALLEY EAST 55,State House,7,DEM,Arlando Teller,160
Coconino,FREDONIA 58,State House,7,DEM,Arlando Teller,94
Coconino,HAVASUPAI 60,State House,7,DEM,Arlando Teller,42
Coconino,INSCRIPTION HOUSE 61,State House,7,DEM,Arlando Teller,186
Coconino,KAIBAB NORTH 64,State House,7,DEM,Arlando Teller,4
Coconino,KAIBETO 65,State House,7,DEM,Arlando Teller,480
Coconino,LECHEE 67,State House,7,DEM,Arlando Teller,324
Coconino,LEUPP 69,State House,7,DEM,Arlando Teller,490
Coconino,MOENKOPI 70,State House,7,DEM,Arlando Teller,191
Coconino,NAVAJO MOUNTAIN 71,State House,7,DEM,Arlando Teller,39
Coconino,PAGE CENTRAL 72,State House,7,DEM,Arlando Teller,277
Coconino,PAGE EAST 73,State House,7,DEM,Arlando Teller,230
Coconino,PAGE SOUTH 74,State House,7,DEM,Arlando Teller,222
Coconino,PAGE WEST 75,State House,7,DEM,Arlando Teller,314
Coconino,MOUNTAIN VIEW 86,State House,7,DEM,Arlando Teller,85
Coconino,TOLANI LAKE 88,State House,7,DEM,Arlando Teller,163
Coconino,TONALEA 90,State House,7,DEM,Arlando Teller,729
Coconino,WINONA 92,State House,7,DEM,Arlando Teller,575
Coconino,TUBA CITY NORTHEAST 93,State House,7,DEM,Arlando Teller,507
Coconino,TUBA CITY NORTHWEST 94,State House,7,DEM,Arlando Teller,388
Coconino,TUBA CITY SOUTH 95,State House,7,DEM,Arlando Teller,1699
Coconino,BODAWAY 42,State House,7,DEM,Myron Tsosie,576
Coconino,CAMERON 43,State House,7,DEM,Myron Tsosie,569
Coconino,COPPERMINE 47,State House,7,DEM,Myron Tsosie,333
Coconino,COALMINE 48,State House,7,DEM,Myron Tsosie,160
Coconino,SCHULTZ 51,State House,7,DEM,Myron Tsosie,33
Coconino,FORT VALLEY EAST 55,State House,7,DEM,Myron Tsosie,166
Coconino,FREDONIA 58,State House,7,DEM,Myron Tsosie,105
Coconino,HAVASUPAI 60,State House,7,DEM,Myron Tsosie,44
Coconino,INSCRIPTION HOUSE 61,State House,7,DEM,Myron Tsosie,288
Coconino,KAIBAB NORTH 64,State House,7,DEM,Myron Tsosie,4
Coconino,KAIBETO 65,State House,7,DEM,Myron Tsosie,729
Coconino,LECHEE 67,State House,7,DEM,Myron Tsosie,548
Coconino,LEUPP 69,State House,7,DEM,Myron Tsosie,720
Coconino,MOENKOPI 70,State House,7,DEM,Myron Tsosie,195
Coconino,NAVAJO MOUNTAIN 71,State House,7,DEM,Myron Tsosie,70
Coconino,PAGE CENTRAL 72,State House,7,DEM,Myron Tsosie,316
Coconino,PAGE EAST 73,State House,7,DEM,Myron Tsosie,268
Coconino,PAGE SOUTH 74,State House,7,DEM,Myron Tsosie,303
Coconino,PAGE WEST 75,State House,7,DEM,Myron Tsosie,338
Coconino,MOUNTAIN VIEW 86,State House,7,DEM,Myron Tsosie,88
Coconino,TOLANI LAKE 88,State House,7,DEM,Myron Tsosie,222
Coconino,TONALEA 90,State House,7,DEM,Myron Tsosie,1081
Coconino,WINONA 92,State House,7,DEM,Myron Tsosie,577
Coconino,TUBA CITY NORTHEAST 93,State House,7,DEM,Myron Tsosie,601
Coconino,TUBA CITY NORTHWEST 94,State House,7,DEM,Myron Tsosie,519
Coconino,TUBA CITY SOUTH 95,State House,7,DEM,Myron Tsosie,2088
Coconino,BODAWAY 42,State House,7,REP,"James ""Jim"" Parks",96
Coconino,CAMERON 43,State House,7,REP,"James ""Jim"" Parks",200
Coconino,COPPERMINE 47,State House,7,REP,"James ""Jim"" Parks",57
Coconino,COALMINE 48,State House,7,REP,"James ""Jim"" Parks",33
Coconino,SCHULTZ 51,State House,7,REP,"James ""Jim"" Parks",33
Coconino,FORT VALLEY EAST 55,State House,7,REP,"James ""Jim"" Parks",127
Coconino,FREDONIA 58,State House,7,REP,"James ""Jim"" Parks",435
Coconino,HAVASUPAI 60,State House,7,REP,"James ""Jim"" Parks",7
Coconino,INSCRIPTION HOUSE 61,State House,7,REP,"James ""Jim"" Parks",90
Coconino,KAIBAB NORTH 64,State House,7,REP,"James ""Jim"" Parks",12
Coconino,KAIBETO 65,State House,7,REP,"James ""Jim"" Parks",130
Coconino,LECHEE 67,State House,7,REP,"James ""Jim"" Parks",116
Coconino,LEUPP 69,State House,7,REP,"James ""Jim"" Parks",374
Coconino,MOENKOPI 70,State House,7,REP,"James ""Jim"" Parks",56
Coconino,NAVAJO MOUNTAIN 71,State House,7,REP,"James ""Jim"" Parks",13
Coconino,PAGE CENTRAL 72,State House,7,REP,"James ""Jim"" Parks",400
Coconino,PAGE EAST 73,State House,7,REP,"James ""Jim"" Parks",484
Coconino,PAGE SOUTH 74,State House,7,REP,"James ""Jim"" Parks",251
Coconino,PAGE WEST 75,State House,7,REP,"James ""Jim"" Parks",518
Coconino,MOUNTAIN VIEW 86,State House,7,REP,"James ""Jim"" Parks",124
Coconino,TOLANI LAKE 88,State House,7,REP,"James ""Jim"" Parks",92
Coconino,TONALEA 90,State House,7,REP,"James ""Jim"" Parks",153
Coconino,WINONA 92,State House,7,REP,"James ""Jim"" Parks",876
Coconino,TUBA CITY NORTHEAST 93,State House,7,REP,"James ""Jim"" Parks",116
Coconino,TUBA CITY NORTHWEST 94,State House,7,REP,"James ""Jim"" Parks",87
Coconino,TUBA CITY SOUTH 95,State House,7,REP,"James ""Jim"" Parks",298
Coconino,BODAWAY 42,State House,7,REP,David Peelman,86
Coconino,CAMERON 43,State House,7,REP,David Peelman,81
Coconino,COPPERMINE 47,State House,7,REP,David Peelman,27
Coconino,COALMINE 48,State House,7,REP,David Peelman,19
Coconino,SCHULTZ 51,State House,7,REP,David Peelman,24
Coconino,FORT VALLEY EAST 55,State House,7,REP,David Peelman,109
Coconino,FREDONIA 58,State House,7,REP,David Peelman,361
Coconino,HAVASUPAI 60,State House,7,REP,David Peelman,8
Coconino,INSCRIPTION HOUSE 61,State House,7,REP,David Peelman,57
Coconino,KAIBAB NORTH 64,State House,7,REP,David Peelman,10
Coconino,KAIBETO 65,State House,7,REP,David Peelman,102
Coconino,LECHEE 67,State House,7,REP,David Peelman,83
Coconino,LEUPP 69,State House,7,REP,David Peelman,98
Coconino,MOENKOPI 70,State House,7,REP,David Peelman,31
Coconino,NAVAJO MOUNTAIN 71,State House,7,REP,David Peelman,15
Coconino,PAGE CENTRAL 72,State House,7,REP,David Peelman,349
Coconino,PAGE EAST 73,State House,7,REP,David Peelman,432
Coconino,PAGE SOUTH 74,State House,7,REP,David Peelman,202
Coconino,PAGE WEST 75,State House,7,REP,David Peelman,437
Coconino,MOUNTAIN VIEW 86,State House,7,REP,David Peelman,116
Coconino,TOLANI LAKE 88,State House,7,REP,David Peelman,20
Coconino,TONALEA 90,State House,7,REP,David Peelman,92
Coconino,WINONA 92,State House,7,REP,David Peelman,674
Coconino,TUBA CITY NORTHEAST 93,State House,7,REP,David Peelman,77
Coconino,TUBA CITY NORTHWEST 94,State House,7,REP,David Peelman,68
Coconino,TUBA CITY SOUTH 95,State House,7,REP,David Peelman,194
Coconino,FLAGSTAFF 1,Corporation Commissioner,,DEM,"William ""Bill"" Mundell",1016
Coconino,FLAGSTAFF 2,Corporation Commissioner,,DEM,"William ""Bill"" Mundell",927
Coconino,FLAGSTAFF 3,Corporation Commissioner,,DEM,"William ""Bill"" Mundell",693
Coconino,FLAGSTAFF 4,Corporation Commissioner,,DEM,"William ""Bill"" Mundell",1004
Coconino,FLAGSTAFF 5,Corporation Commissioner,,DEM,"William ""Bill"" Mundell",1190
Coconino,FLAGSTAFF 6,Corporation Commissioner,,DEM,"William ""Bill"" Mundell",889
Coconino,FLAGSTAFF 7,Corporation Commissioner,,DEM,"William ""Bill"" Mundell",699
Coconino,FLAGSTAFF 8,Corporation Commissioner,,DEM,"William ""Bill"" Mundell",565
Coconino,FLAGSTAFF 9,Corporation Commissioner,,DEM,"William ""Bill"" Mundell",944
Coconino,FLAGSTAFF 10,Corporation Commissioner,,DEM,"William ""Bill"" Mundell",99
Coconino,FLAGSTAFF 11,Corporation Commissioner,,DEM,"William ""Bill"" Mundell",465
Coconino,FLAGSTAFF 12,Corporation Commissioner,,DEM,"William ""Bill"" Mundell",671
Coconino,FLAGSTAFF 13,Corporation Commissioner,,DEM,"William ""Bill"" Mundell",171
Coconino,FLAGSTAFF 14,Corporation Commissioner,,DEM,"William ""Bill"" Mundell",679
Coconino,FLAGSTAFF 15,Corporation Commissioner,,DEM,"William ""Bill"" Mundell",1347
Coconino,FLAGSTAFF 16,Corporation Commissioner,,DEM,"William ""Bill"" Mundell",1013
Coconino,FLAGSTAFF 17,Corporation Commissioner,,DEM,"William ""Bill"" Mundell",323
Coconino,FLAGSTAFF 18,Corporation Commissioner,,DEM,"William ""Bill"" Mundell",297
Coconino,FLAGSTAFF 19,Corporation Commissioner,,DEM,"William ""Bill"" Mundell",857
Coconino,FLAGSTAFF 20,Corporation Commissioner,,DEM,"William ""Bill"" Mundell",288
Coconino,FLAGSTAFF 21,Corporation Commissioner,,DEM,"William ""Bill"" Mundell",1136
Coconino,FLAGSTAFF 22,Corporation Commissioner,,DEM,"William ""Bill"" Mundell",1386
Coconino,FLAGSTAFF 23,Corporation Commissioner,,DEM,"William ""Bill"" Mundell",809
Coconino,FLAGSTAFF 24,Corporation Commissioner,,DEM,"William ""Bill"" Mundell",1242
Coconino,FLAGSTAFF 25,Corporation Commissioner,,DEM,"William ""Bill"" Mundell",964
Coconino,FLAGSTAFF 26,Corporation Commissioner,,DEM,"William ""Bill"" Mundell",461
Coconino,BELLEMONT 40,Corporation Commissioner,,DEM,"William ""Bill"" Mundell",227
Coconino,BLUE RIDGE 41,Corporation Commissioner,,DEM,"William ""Bill"" Mundell",123
Coconino,BODAWAY 42,Corporation Commissioner,,DEM,"William ""Bill"" Mundell",419
Coconino,CAMERON 43,Corporation Commissioner,,DEM,"William ""Bill"" Mundell",477
Coconino,COPPERMINE 47,Corporation Commissioner,,DEM,"William ""Bill"" Mundell",212
Coconino,COALMINE 48,Corporation Commissioner,,DEM,"William ""Bill"" Mundell",128
Coconino,DONEY PARK 50,Corporation Commissioner,,DEM,"William ""Bill"" Mundell",661
Coconino,SCHULTZ 51,Corporation Commissioner,,DEM,"William ""Bill"" Mundell",32
Coconino,TIMBERLINE FERNWOOD 52,Corporation Commissioner,,DEM,"William ""Bill"" Mundell",615
Coconino,FOREST LAKES 53,Corporation Commissioner,,DEM,"William ""Bill"" Mundell",38
Coconino,FORT VALLEY EAST 55,Corporation Commissioner,,DEM,"William ""Bill"" Mundell",177
Coconino,FORT VALLEY WEST 56,Corporation Commissioner,,DEM,"William ""Bill"" Mundell",306
Coconino,FREDONIA 58,Corporation Commissioner,,DEM,"William ""Bill"" Mundell",84
Coconino,GRAND CANYON 59,Corporation Commissioner,,DEM,"William ""Bill"" Mundell",395
Coconino,HAVASUPAI 60,Corporation Commissioner,,DEM,"William ""Bill"" Mundell",46
Coconino,INSCRIPTION HOUSE 61,Corporation Commissioner,,DEM,"William ""Bill"" Mundell",200
Coconino,PUMPHOUSE WASH 62,Corporation Commissioner,,DEM,"William ""Bill"" Mundell",1433
Coconino,MORMON LAKE 63,Corporation Commissioner,,DEM,"William ""Bill"" Mundell",62
Coconino,KAIBAB NORTH 64,Corporation Commissioner,,DEM,"William ""Bill"" Mundell",3
Coconino,KAIBETO 65,Corporation Commissioner,,DEM,"William ""Bill"" Mundell",556
Coconino,KAIBAB WEST 66,Corporation Commissioner,,DEM,"William ""Bill"" Mundell",126
Coconino,LECHEE 67,Corporation Commissioner,,DEM,"William ""Bill"" Mundell",364
Coconino,LEUPP 69,Corporation Commissioner,,DEM,"William ""Bill"" Mundell",645
Coconino,MOENKOPI 70,Corporation Commissioner,,DEM,"William ""Bill"" Mundell",196
Coconino,NAVAJO MOUNTAIN 71,Corporation Commissioner,,DEM,"William ""Bill"" Mundell",53
Coconino,PAGE CENTRAL 72,Corporation Commissioner,,DEM,"William ""Bill"" Mundell",286
Coconino,PAGE EAST 73,Corporation Commissioner,,DEM,"William ""Bill"" Mundell",238
Coconino,PAGE SOUTH 74,Corporation Commissioner,,DEM,"William ""Bill"" Mundell",238
Coconino,PAGE WEST 75,Corporation Commissioner,,DEM,"William ""Bill"" Mundell",311
Coconino,PARKS 79,Corporation Commissioner,,DEM,"William ""Bill"" Mundell",261
Coconino,PINEWOOD 80,Corporation Commissioner,,DEM,"William ""Bill"" Mundell",282
Coconino,SEDONA NORTH 82,Corporation Commissioner,,DEM,"William ""Bill"" Mundell",412
Coconino,SEDONA SOUTH 83,Corporation Commissioner,,DEM,"William ""Bill"" Mundell",725
Coconino,RANCHES 84,Corporation Commissioner,,DEM,"William ""Bill"" Mundell",186
Coconino,SUNSET CRATER 85,Corporation Commissioner,,DEM,"William ""Bill"" Mundell",579
Coconino,MOUNTAIN VIEW 86,Corporation Commissioner,,DEM,"William ""Bill"" Mundell",88
Coconino,TOLANI LAKE 88,Corporation Commissioner,,DEM,"William ""Bill"" Mundell",214
Coconino,TONALEA 90,Corporation Commissioner,,DEM,"William ""Bill"" Mundell",810
Coconino,WINONA 92,Corporation Commissioner,,DEM,"William ""Bill"" Mundell",627
Coconino,TUBA CITY NORTHEAST 93,Corporation Commissioner,,DEM,"William ""Bill"" Mundell",500
Coconino,TUBA CITY NORTHWEST 94,Corporation Commissioner,,DEM,"William ""Bill"" Mundell",428
Coconino,TUBA CITY SOUTH 95,Corporation Commissioner,,DEM,"William ""Bill"" Mundell",1733
Coconino,TUSAYAN 97,Corporation Commissioner,,DEM,"William ""Bill"" Mundell",190
Coconino,WILLIAMS NORTHSIDE 98,Corporation Commissioner,,DEM,"William ""Bill"" Mundell",455
Coconino,WILLIAMS SOUTHSIDE 99,Corporation Commissioner,,DEM,"William ""Bill"" Mundell",224
Coconino,FLAGSTAFF 1,Corporation Commissioner,,DEM,Shea Stanfield,978
Coconino,FLAGSTAFF 2,Corporation Commissioner,,DEM,Shea Stanfield,887
Coconino,FLAGSTAFF 3,Corporation Commissioner,,DEM,Shea Stanfield,681
Coconino,FLAGSTAFF 4,Corporation Commissioner,,DEM,Shea Stanfield,962
Coconino,FLAGSTAFF 5,Corporation Commissioner,,DEM,Shea Stanfield,1131
Coconino,FLAGSTAFF 6,Corporation Commissioner,,DEM,Shea Stanfield,854
Coconino,FLAGSTAFF 7,Corporation Commissioner,,DEM,Shea Stanfield,673
Coconino,FLAGSTAFF 8,Corporation Commissioner,,DEM,Shea Stanfield,534
Coconino,FLAGSTAFF 9,Corporation Commissioner,,DEM,Shea Stanfield,922
Coconino,FLAGSTAFF 10,Corporation Commissioner,,DEM,Shea Stanfield,104
Coconino,FLAGSTAFF 11,Corporation Commissioner,,DEM,Shea Stanfield,447
Coconino,FLAGSTAFF 12,Corporation Commissioner,,DEM,Shea Stanfield,654
Coconino,FLAGSTAFF 13,Corporation Commissioner,,DEM,Shea Stanfield,179
Coconino,FLAGSTAFF 14,Corporation Commissioner,,DEM,Shea Stanfield,667
Coconino,FLAGSTAFF 15,Corporation Commissioner,,DEM,Shea Stanfield,1274
Coconino,FLAGSTAFF 16,Corporation Commissioner,,DEM,Shea Stanfield,963
Coconino,FLAGSTAFF 17,Corporation Commissioner,,DEM,Shea Stanfield,302
Coconino,FLAGSTAFF 18,Corporation Commissioner,,DEM,Shea Stanfield,295
Coconino,FLAGSTAFF 19,Corporation Commissioner,,DEM,Shea Stanfield,820
Coconino,FLAGSTAFF 20,Corporation Commissioner,,DEM,Shea Stanfield,291
Coconino,FLAGSTAFF 21,Corporation Commissioner,,DEM,Shea Stanfield,1049
Coconino,FLAGSTAFF 22,Corporation Commissioner,,DEM,Shea Stanfield,1306
Coconino,FLAGSTAFF 23,Corporation Commissioner,,DEM,Shea Stanfield,766
Coconino,FLAGSTAFF 24,Corporation Commissioner,,DEM,Shea Stanfield,1176
Coconino,FLAGSTAFF 25,Corporation Commissioner,,DEM,Shea Stanfield,918
Coconino,FLAGSTAFF 26,Corporation Commissioner,,DEM,Shea Stanfield,429
Coconino,BELLEMONT 40,Corporation Commissioner,,DEM,Shea Stanfield,207
Coconino,BLUE RIDGE 41,Corporation Commissioner,,DEM,Shea Stanfield,123
Coconino,BODAWAY 42,Corporation Commissioner,,DEM,Shea Stanfield,408
Coconino,CAMERON 43,Corporation Commissioner,,DEM,Shea Stanfield,459
Coconino,COPPERMINE 47,Corporation Commissioner,,DEM,Shea Stanfield,222
Coconino,COALMINE 48,Corporation Commissioner,,DEM,Shea Stanfield,126
Coconino,DONEY PARK 50,Corporation Commissioner,,DEM,Shea Stanfield,629
Coconino,SCHULTZ 51,Corporation Commissioner,,DEM,Shea Stanfield,30
Coconino,TIMBERLINE FERNWOOD 52,Corporation Commissioner,,DEM,Shea Stanfield,580
Coconino,FOREST LAKES 53,Corporation Commissioner,,DEM,Shea Stanfield,32
Coconino,FORT VALLEY EAST 55,Corporation Commissioner,,DEM,Shea Stanfield,164
Coconino,FORT VALLEY WEST 56,Corporation Commissioner,,DEM,Shea Stanfield,283
Coconino,FREDONIA 58,Corporation Commissioner,,DEM,Shea Stanfield,92
Coconino,GRAND CANYON 59,Corporation Commissioner,,DEM,Shea Stanfield,389
Coconino,HAVASUPAI 60,Corporation Commissioner,,DEM,Shea Stanfield,39
Coconino,INSCRIPTION HOUSE 61,Corporation Commissioner,,DEM,Shea Stanfield,178
Coconino,PUMPHOUSE WASH 62,Corporation Commissioner,,DEM,Shea Stanfield,1387
Coconino,MORMON LAKE 63,Corporation Commissioner,,DEM,Shea Stanfield,58
Coconino,KAIBAB NORTH 64,Corporation Commissioner,,DEM,Shea Stanfield,2
Coconino,KAIBETO 65,Corporation Commissioner,,DEM,Shea Stanfield,535
Coconino,KAIBAB WEST 66,Corporation Commissioner,,DEM,Shea Stanfield,116
Coconino,LECHEE 67,Corporation Commissioner,,DEM,Shea Stanfield,342
Coconino,LEUPP 69,Corporation Commissioner,,DEM,Shea Stanfield,567
Coconino,MOENKOPI 70,Corporation Commissioner,,DEM,Shea Stanfield,168
Coconino,NAVAJO MOUNTAIN 71,Corporation Commissioner,,DEM,Shea Stanfield,42
Coconino,PAGE CENTRAL 72,Corporation Commissioner,,DEM,Shea Stanfield,257
Coconino,PAGE EAST 73,Corporation Commissioner,,DEM,Shea Stanfield,235
Coconino,PAGE SOUTH 74,Corporation Commissioner,,DEM,Shea Stanfield,234
Coconino,PAGE WEST 75,Corporation Commissioner,,DEM,Shea Stanfield,302
Coconino,PARKS 79,Corporation Commissioner,,DEM,Shea Stanfield,234
Coconino,PINEWOOD 80,Corporation Commissioner,,DEM,Shea Stanfield,237
Coconino,SEDONA NORTH 82,Corporation Commissioner,,DEM,Shea Stanfield,398
Coconino,SEDONA SOUTH 83,Corporation Commissioner,,DEM,Shea Stanfield,691
Coconino,RANCHES 84,Corporation Commissioner,,DEM,Shea Stanfield,173
Coconino,SUNSET CRATER 85,Corporation Commissioner,,DEM,Shea Stanfield,551
Coconino,MOUNTAIN VIEW 86,Corporation Commissioner,,DEM,Shea Stanfield,86
Coconino,TOLANI LAKE 88,Corporation Commissioner,,DEM,Shea Stanfield,181
Coconino,TONALEA 90,Corporation Commissioner,,DEM,Shea Stanfield,742
Coconino,WINONA 92,Corporation Commissioner,,DEM,Shea Stanfield,568
Coconino,TUBA CITY NORTHEAST 93,Corporation Commissioner,,DEM,Shea Stanfield,477
Coconino,TUBA CITY NORTHWEST 94,Corporation Commissioner,,DEM,Shea Stanfield,415
Coconino,TUBA CITY SOUTH 95,Corporation Commissioner,,DEM,Shea Stanfield,1683
Coconino,TUSAYAN 97,Corporation Commissioner,,DEM,Shea Stanfield,176
Coconino,WILLIAMS NORTHSIDE 98,Corporation Commissioner,,DEM,Shea Stanfield,413
Coconino,WILLIAMS SOUTHSIDE 99,Corporation Commissioner,,DEM,Shea Stanfield,218
Coconino,FLAGSTAFF 1,Corporation Commissioner,,DEM,Anna Tovar,1039
Coconino,FLAGSTAFF 2,Corporation Commissioner,,DEM,Anna Tovar,944
Coconino,FLAGSTAFF 3,Corporation Commissioner,,DEM,Anna Tovar,726
Coconino,FLAGSTAFF 4,Corporation Commissioner,,DEM,Anna Tovar,1011
Coconino,FLAGSTAFF 5,Corporation Commissioner,,DEM,Anna Tovar,1212
Coconino,FLAGSTAFF 6,Corporation Commissioner,,DEM,Anna Tovar,940
Coconino,FLAGSTAFF 7,Corporation Commissioner,,DEM,Anna Tovar,725
Coconino,FLAGSTAFF 8,Corporation Commissioner,,DEM,Anna Tovar,579
Coconino,FLAGSTAFF 9,Corporation Commissioner,,DEM,Anna Tovar,1019
Coconino,FLAGSTAFF 10,Corporation Commissioner,,DEM,Anna Tovar,112
Coconino,FLAGSTAFF 11,Corporation Commissioner,,DEM,Anna Tovar,514
Coconino,FLAGSTAFF 12,Corporation Commissioner,,DEM,Anna Tovar,716
Coconino,FLAGSTAFF 13,Corporation Commissioner,,DEM,Anna Tovar,190
Coconino,FLAGSTAFF 14,Corporation Commissioner,,DEM,Anna Tovar,740
Coconino,FLAGSTAFF 15,Corporation Commissioner,,DEM,Anna Tovar,1446
Coconino,FLAGSTAFF 16,Corporation Commissioner,,DEM,Anna Tovar,1058
Coconino,FLAGSTAFF 17,Corporation Commissioner,,DEM,Anna Tovar,338
Coconino,FLAGSTAFF 18,Corporation Commissioner,,DEM,Anna Tovar,333
Coconino,FLAGSTAFF 19,Corporation Commissioner,,DEM,Anna Tovar,884
Coconino,FLAGSTAFF 20,Corporation Commissioner,,DEM,Anna Tovar,329
Coconino,FLAGSTAFF 21,Corporation Commissioner,,DEM,Anna Tovar,1152
Coconino,FLAGSTAFF 22,Corporation Commissioner,,DEM,Anna Tovar,1435
Coconino,FLAGSTAFF 23,Corporation Commissioner,,DEM,Anna Tovar,866
Coconino,FLAGSTAFF 24,Corporation Commissioner,,DEM,Anna Tovar,1295
Coconino,FLAGSTAFF 25,Corporation Commissioner,,DEM,Anna Tovar,1010
Coconino,FLAGSTAFF 26,Corporation Commissioner,,DEM,Anna Tovar,493
Coconino,BELLEMONT 40,Corporation Commissioner,,DEM,Anna Tovar,252
Coconino,BLUE RIDGE 41,Corporation Commissioner,,DEM,Anna Tovar,122
Coconino,BODAWAY 42,Corporation Commissioner,,DEM,Anna Tovar,380
Coconino,CAMERON 43,Corporation Commissioner,,DEM,Anna Tovar,478
Coconino,COPPERMINE 47,Corporation Commissioner,,DEM,Anna Tovar,221
Coconino,COALMINE 48,Corporation Commissioner,,DEM,Anna Tovar,136
Coconino,DONEY PARK 50,Corporation Commissioner,,DEM,Anna Tovar,705
Coconino,SCHULTZ 51,Corporation Commissioner,,DEM,Anna Tovar,32
Coconino,TIMBERLINE FERNWOOD 52,Corporation Commissioner,,DEM,Anna Tovar,612
Coconino,FOREST LAKES 53,Corporation Commissioner,,DEM,Anna Tovar,38
Coconino,FORT VALLEY EAST 55,Corporation Commissioner,,DEM,Anna Tovar,175
Coconino,FORT VALLEY WEST 56,Corporation Commissioner,,DEM,Anna Tovar,312
Coconino,FREDONIA 58,Corporation Commissioner,,DEM,Anna Tovar,99
Coconino,GRAND CANYON 59,Corporation Commissioner,,DEM,Anna Tovar,426
Coconino,HAVASUPAI 60,Corporation Commissioner,,DEM,Anna Tovar,39
Coconino,INSCRIPTION HOUSE 61,Corporation Commissioner,,DEM,Anna Tovar,177
Coconino,PUMPHOUSE WASH 62,Corporation Commissioner,,DEM,Anna Tovar,1514
Coconino,MORMON LAKE 63,Corporation Commissioner,,DEM,Anna Tovar,61
Coconino,KAIBAB NORTH 64,Corporation Commissioner,,DEM,Anna Tovar,6
Coconino,KAIBETO 65,Corporation Commissioner,,DEM,Anna Tovar,524
Coconino,KAIBAB WEST 66,Corporation Commissioner,,DEM,Anna Tovar,126
Coconino,LECHEE 67,Corporation Commissioner,,DEM,Anna Tovar,346
Coconino,LEUPP 69,Corporation Commissioner,,DEM,Anna Tovar,625
Coconino,MOENKOPI 70,Corporation Commissioner,,DEM,Anna Tovar,204
Coconino,NAVAJO MOUNTAIN 71,Corporation Commissioner,,DEM,Anna Tovar,38
Coconino,PAGE CENTRAL 72,Corporation Commissioner,,DEM,Anna Tovar,289
Coconino,PAGE EAST 73,Corporation Commissioner,,DEM,Anna Tovar,264
Coconino,PAGE SOUTH 74,Corporation Commissioner,,DEM,Anna Tovar,244
Coconino,PAGE WEST 75,Corporation Commissioner,,DEM,Anna Tovar,338
Coconino,PARKS 79,Corporation Commissioner,,DEM,Anna Tovar,262
Coconino,PINEWOOD 80,Corporation Commissioner,,DEM,Anna Tovar,278
Coconino,SEDONA NORTH 82,Corporation Commissioner,,DEM,Anna Tovar,437
Coconino,SEDONA SOUTH 83,Corporation Commissioner,,DEM,Anna Tovar,741
Coconino,RANCHES 84,Corporation Commissioner,,DEM,Anna Tovar,193
Coconino,SUNSET CRATER 85,Corporation Commissioner,,DEM,Anna Tovar,633
Coconino,MOUNTAIN VIEW 86,Corporation Commissioner,,DEM,Anna Tovar,88
Coconino,TOLANI LAKE 88,Corporation Commissioner,,DEM,Anna Tovar,191
Coconino,TONALEA 90,Corporation Commissioner,,DEM,Anna Tovar,752
Coconino,WINONA 92,Corporation Commissioner,,DEM,Anna Tovar,627
Coconino,TUBA CITY NORTHEAST 93,Corporation Commissioner,,DEM,Anna Tovar,503
Coconino,TUBA CITY NORTHWEST 94,Corporation Commissioner,,DEM,Anna Tovar,411
Coconino,TUBA CITY SOUTH 95,Corporation Commissioner,,DEM,Anna Tovar,1710
Coconino,TUSAYAN 97,Corporation Commissioner,,DEM,Anna Tovar,212
Coconino,WILLIAMS NORTHSIDE 98,Corporation Commissioner,,DEM,Anna Tovar,485
Coconino,WILLIAMS SOUTHSIDE 99,Corporation Commissioner,,DEM,Anna Tovar,258
Coconino,FLAGSTAFF 1,Corporation Commissioner,,REP,Lea Marquez Peterson,319
Coconino,FLAGSTAFF 2,Corporation Commissioner,,REP,Lea Marquez Peterson,203
Coconino,FLAGSTAFF 3,Corporation Commissioner,,REP,Lea Marquez Peterson,134
Coconino,FLAGSTAFF 4,Corporation Commissioner,,REP,Lea Marquez Peterson,353
Coconino,FLAGSTAFF 5,Corporation Commissioner,,REP,Lea Marquez Peterson,586
Coconino,FLAGSTAFF 6,Corporation Commissioner,,REP,Lea Marquez Peterson,568
Coconino,FLAGSTAFF 7,Corporation Commissioner,,REP,Lea Marquez Peterson,383
Coconino,FLAGSTAFF 8,Corporation Commissioner,,REP,Lea Marquez Peterson,195
Coconino,FLAGSTAFF 9,Corporation Commissioner,,REP,Lea Marquez Peterson,356
Coconino,FLAGSTAFF 10,Corporation Commissioner,,REP,Lea Marquez Peterson,31
Coconino,FLAGSTAFF 11,Corporation Commissioner,,REP,Lea Marquez Peterson,201
Coconino,FLAGSTAFF 12,Corporation Commissioner,,REP,Lea Marquez Peterson,142
Coconino,FLAGSTAFF 13,Corporation Commissioner,,REP,Lea Marquez Peterson,51
Coconino,FLAGSTAFF 14,Corporation Commissioner,,REP,Lea Marquez Peterson,246
Coconino,FLAGSTAFF 15,Corporation Commissioner,,REP,Lea Marquez Peterson,536
Coconino,FLAGSTAFF 16,Corporation Commissioner,,REP,Lea Marquez Peterson,474
Coconino,FLAGSTAFF 17,Corporation Commissioner,,REP,Lea Marquez Peterson,176
Coconino,FLAGSTAFF 18,Corporation Commissioner,,REP,Lea Marquez Peterson,219
Coconino,FLAGSTAFF 19,Corporation Commissioner,,REP,Lea Marquez Peterson,568
Coconino,FLAGSTAFF 20,Corporation Commissioner,,REP,Lea Marquez Peterson,107
Coconino,FLAGSTAFF 21,Corporation Commissioner,,REP,Lea Marquez Peterson,634
Coconino,FLAGSTAFF 22,Corporation Commissioner,,REP,Lea Marquez Peterson,939
Coconino,FLAGSTAFF 23,Corporation Commissioner,,REP,Lea Marquez Peterson,410
Coconino,FLAGSTAFF 24,Corporation Commissioner,,REP,Lea Marquez Peterson,924
Coconino,FLAGSTAFF 25,Corporation Commissioner,,REP,Lea Marquez Peterson,577
Coconino,FLAGSTAFF 26,Corporation Commissioner,,REP,Lea Marquez Peterson,314
Coconino,BELLEMONT 40,Corporation Commissioner,,REP,Lea Marquez Peterson,267
Coconino,BLUE RIDGE 41,Corporation Commissioner,,REP,Lea Marquez Peterson,394
Coconino,BODAWAY 42,Corporation Commissioner,,REP,Lea Marquez Peterson,72
Coconino,CAMERON 43,Corporation Commissioner,,REP,Lea Marquez Peterson,94
Coconino,COPPERMINE 47,Corporation Commissioner,,REP,Lea Marquez Peterson,40
Coconino,COALMINE 48,Corporation Commissioner,,REP,Lea Marquez Peterson,20
Coconino,DONEY PARK 50,Corporation Commissioner,,REP,Lea Marquez Peterson,836
Coconino,SCHULTZ 51,Corporation Commissioner,,REP,Lea Marquez Peterson,29
Coconino,TIMBERLINE FERNWOOD 52,Corporation Commissioner,,REP,Lea Marquez Peterson,760
Coconino,FOREST LAKES 53,Corporation Commissioner,,REP,Lea Marquez Peterson,90
Coconino,FORT VALLEY EAST 55,Corporation Commissioner,,REP,Lea Marquez Peterson,100
Coconino,FORT VALLEY WEST 56,Corporation Commissioner,,REP,Lea Marquez Peterson,290
Coconino,FREDONIA 58,Corporation Commissioner,,REP,Lea Marquez Peterson,373
Coconino,GRAND CANYON 59,Corporation Commissioner,,REP,Lea Marquez Peterson,125
Coconino,HAVASUPAI 60,Corporation Commissioner,,REP,Lea Marquez Peterson,4
Coconino,INSCRIPTION HOUSE 61,Corporation Commissioner,,REP,Lea Marquez Peterson,63
Coconino,PUMPHOUSE WASH 62,Corporation Commissioner,,REP,Lea Marquez Peterson,890
Coconino,MORMON LAKE 63,Corporation Commissioner,,REP,Lea Marquez Peterson,84
Coconino,KAIBAB NORTH 64,Corporation Commissioner,,REP,Lea Marquez Peterson,11
Coconino,KAIBETO 65,Corporation Commissioner,,REP,Lea Marquez Peterson,99
Coconino,KAIBAB WEST 66,Corporation Commissioner,,REP,Lea Marquez Peterson,347
Coconino,LECHEE 67,Corporation Commissioner,,REP,Lea Marquez Peterson,86
Coconino,LEUPP 69,Corporation Commissioner,,REP,Lea Marquez Peterson,138
Coconino,MOENKOPI 70,Corporation Commissioner,,REP,Lea Marquez Peterson,31
Coconino,NAVAJO MOUNTAIN 71,Corporation Commissioner,,REP,Lea Marquez Peterson,11
Coconino,PAGE CENTRAL 72,Corporation Commissioner,,REP,Lea Marquez Peterson,344
Coconino,PAGE EAST 73,Corporation Commissioner,,REP,Lea Marquez Peterson,426
Coconino,PAGE SOUTH 74,Corporation Commissioner,,REP,Lea Marquez Peterson,202
Coconino,PAGE WEST 75,Corporation Commissioner,,REP,Lea Marquez Peterson,439
Coconino,PARKS 79,Corporation Commissioner,,REP,Lea Marquez Peterson,573
Coconino,PINEWOOD 80,Corporation Commissioner,,REP,Lea Marquez Peterson,457
Coconino,SEDONA NORTH 82,Corporation Commissioner,,REP,Lea Marquez Peterson,290
Coconino,SEDONA SOUTH 83,Corporation Commissioner,,REP,Lea Marquez Peterson,551
Coconino,RANCHES 84,Corporation Commissioner,,REP,Lea Marquez Peterson,220
Coconino,SUNSET CRATER 85,Corporation Commissioner,,REP,Lea Marquez Peterson,780
Coconino,MOUNTAIN VIEW 86,Corporation Commissioner,,REP,Lea Marquez Peterson,110
Coconino,TOLANI LAKE 88,Corporation Commissioner,,REP,Lea Marquez Peterson,20
Coconino,TONALEA 90,Corporation Commissioner,,REP,Lea Marquez Peterson,106
Coconino,WINONA 92,Corporation Commissioner,,REP,Lea Marquez Peterson,697
Coconino,TUBA CITY NORTHEAST 93,Corporation Commissioner,,REP,Lea Marquez Peterson,84
Coconino,TUBA CITY NORTHWEST 94,Corporation Commissioner,,REP,Lea Marquez Peterson,70
Coconino,TUBA CITY SOUTH 95,Corporation Commissioner,,REP,Lea Marquez Peterson,241
Coconino,TUSAYAN 97,Corporation Commissioner,,REP,Lea Marquez Peterson,271
Coconino,WILLIAMS NORTHSIDE 98,Corporation Commissioner,,REP,Lea Marquez Peterson,1229
Coconino,WILLIAMS SOUTHSIDE 99,Corporation Commissioner,,REP,Lea Marquez Peterson,421
Coconino,FLAGSTAFF 1,Corporation Commissioner,,REP,"James ""Jim"" O'Connor",300
Coconino,FLAGSTAFF 2,Corporation Commissioner,,REP,"James ""Jim"" O'Connor",174
Coconino,FLAGSTAFF 3,Corporation Commissioner,,REP,"James ""Jim"" O'Connor",118
Coconino,FLAGSTAFF 4,Corporation Commissioner,,REP,"James ""Jim"" O'Connor",338
Coconino,FLAGSTAFF 5,Corporation Commissioner,,REP,"James ""Jim"" O'Connor",574
Coconino,FLAGSTAFF 6,Corporation Commissioner,,REP,"James ""Jim"" O'Connor",580
Coconino,FLAGSTAFF 7,Corporation Commissioner,,REP,"James ""Jim"" O'Connor",384
Coconino,FLAGSTAFF 8,Corporation Commissioner,,REP,"James ""Jim"" O'Connor",170
Coconino,FLAGSTAFF 9,Corporation Commissioner,,REP,"James ""Jim"" O'Connor",364
Coconino,FLAGSTAFF 10,Corporation Commissioner,,REP,"James ""Jim"" O'Connor",27
Coconino,FLAGSTAFF 11,Corporation Commissioner,,REP,"James ""Jim"" O'Connor",187
Coconino,FLAGSTAFF 12,Corporation Commissioner,,REP,"James ""Jim"" O'Connor",129
Coconino,FLAGSTAFF 13,Corporation Commissioner,,REP,"James ""Jim"" O'Connor",46
Coconino,FLAGSTAFF 14,Corporation Commissioner,,REP,"James ""Jim"" O'Connor",245
Coconino,FLAGSTAFF 15,Corporation Commissioner,,REP,"James ""Jim"" O'Connor",549
Coconino,FLAGSTAFF 16,Corporation Commissioner,,REP,"James ""Jim"" O'Connor",464
Coconino,FLAGSTAFF 17,Corporation Commissioner,,REP,"James ""Jim"" O'Connor",172
Coconino,FLAGSTAFF 18,Corporation Commissioner,,REP,"James ""Jim"" O'Connor",255
Coconino,FLAGSTAFF 19,Corporation Commissioner,,REP,"James ""Jim"" O'Connor",554
Coconino,FLAGSTAFF 20,Corporation Commissioner,,REP,"James ""Jim"" O'Connor",91
Coconino,FLAGSTAFF 21,Corporation Commissioner,,REP,"James ""Jim"" O'Connor",641
Coconino,FLAGSTAFF 22,Corporation Commissioner,,REP,"James ""Jim"" O'Connor",922
Coconino,FLAGSTAFF 23,Corporation Commissioner,,REP,"James ""Jim"" O'Connor",403
Coconino,FLAGSTAFF 24,Corporation Commissioner,,REP,"James ""Jim"" O'Connor",939
Coconino,FLAGSTAFF 25,Corporation Commissioner,,REP,"James ""Jim"" O'Connor",595
Coconino,FLAGSTAFF 26,Corporation Commissioner,,REP,"James ""Jim"" O'Connor",348
Coconino,BELLEMONT 40,Corporation Commissioner,,REP,"James ""Jim"" O'Connor",282
Coconino,BLUE RIDGE 41,Corporation Commissioner,,REP,"James ""Jim"" O'Connor",435
Coconino,BODAWAY 42,Corporation Commissioner,,REP,"James ""Jim"" O'Connor",92
Coconino,CAMERON 43,Corporation Commissioner,,REP,"James ""Jim"" O'Connor",108
Coconino,COPPERMINE 47,Corporation Commissioner,,REP,"James ""Jim"" O'Connor",44
Coconino,COALMINE 48,Corporation Commissioner,,REP,"James ""Jim"" O'Connor",29
Coconino,DONEY PARK 50,Corporation Commissioner,,REP,"James ""Jim"" O'Connor",899
Coconino,SCHULTZ 51,Corporation Commissioner,,REP,"James ""Jim"" O'Connor",34
Coconino,TIMBERLINE FERNWOOD 52,Corporation Commissioner,,REP,"James ""Jim"" O'Connor",832
Coconino,FOREST LAKES 53,Corporation Commissioner,,REP,"James ""Jim"" O'Connor",99
Coconino,FORT VALLEY EAST 55,Corporation Commissioner,,REP,"James ""Jim"" O'Connor",110
Coconino,FORT VALLEY WEST 56,Corporation Commissioner,,REP,"James ""Jim"" O'Connor",284
Coconino,FREDONIA 58,Corporation Commissioner,,REP,"James ""Jim"" O'Connor",398
Coconino,GRAND CANYON 59,Corporation Commissioner,,REP,"James ""Jim"" O'Connor",130
Coconino,HAVASUPAI 60,Corporation Commissioner,,REP,"James ""Jim"" O'Connor",4
Coconino,INSCRIPTION HOUSE 61,Corporation Commissioner,,REP,"James ""Jim"" O'Connor",93
Coconino,PUMPHOUSE WASH 62,Corporation Commissioner,,REP,"James ""Jim"" O'Connor",925
Coconino,MORMON LAKE 63,Corporation Commissioner,,REP,"James ""Jim"" O'Connor",100
Coconino,KAIBAB NORTH 64,Corporation Commissioner,,REP,"James ""Jim"" O'Connor",12
Coconino,KAIBETO 65,Corporation Commissioner,,REP,"James ""Jim"" O'Connor",124
Coconino,KAIBAB WEST 66,Corporation Commissioner,,REP,"James ""Jim"" O'Connor",378
Coconino,LECHEE 67,Corporation Commissioner,,REP,"James ""Jim"" O'Connor",113
Coconino,LEUPP 69,Corporation Commissioner,,REP,"James ""Jim"" O'Connor",180
Coconino,MOENKOPI 70,Corporation Commissioner,,REP,"James ""Jim"" O'Connor",32
Coconino,NAVAJO MOUNTAIN 71,Corporation Commissioner,,REP,"James ""Jim"" O'Connor",18
Coconino,PAGE CENTRAL 72,Corporation Commissioner,,REP,"James ""Jim"" O'Connor",377
Coconino,PAGE EAST 73,Corporation Commissioner,,REP,"James ""Jim"" O'Connor",457
Coconino,PAGE SOUTH 74,Corporation Commissioner,,REP,"James ""Jim"" O'Connor",228
Coconino,PAGE WEST 75,Corporation Commissioner,,REP,"James ""Jim"" O'Connor",485
Coconino,PARKS 79,Corporation Commissioner,,REP,"James ""Jim"" O'Connor",606
Coconino,PINEWOOD 80,Corporation Commissioner,,REP,"James ""Jim"" O'Connor",492
Coconino,SEDONA NORTH 82,Corporation Commissioner,,REP,"James ""Jim"" O'Connor",296
Coconino,SEDONA SOUTH 83,Corporation Commissioner,,REP,"James ""Jim"" O'Connor",571
Coconino,RANCHES 84,Corporation Commissioner,,REP,"James ""Jim"" O'Connor",238
Coconino,SUNSET CRATER 85,Corporation Commissioner,,REP,"James ""Jim"" O'Connor",840
Coconino,MOUNTAIN VIEW 86,Corporation Commissioner,,REP,"James ""Jim"" O'Connor",121
Coconino,TOLANI LAKE 88,Corporation Commissioner,,REP,"James ""Jim"" O'Connor",47
Coconino,TONALEA 90,Corporation Commissioner,,REP,"James ""Jim"" O'Connor",146
Coconino,WINONA 92,Corporation Commissioner,,REP,"James ""Jim"" O'Connor",770
Coconino,TUBA CITY NORTHEAST 93,Corporation Commissioner,,REP,"James ""Jim"" O'Connor",129
Coconino,TUBA CITY NORTHWEST 94,Corporation Commissioner,,REP,"James ""Jim"" O'Connor",68
Coconino,TUBA CITY SOUTH 95,Corporation Commissioner,,REP,"James ""Jim"" O'Connor",287
Coconino,TUSAYAN 97,Corporation Commissioner,,REP,"James ""Jim"" O'Connor",292
Coconino,WILLIAMS NORTHSIDE 98,Corporation Commissioner,,REP,"James ""Jim"" O'Connor",1363
Coconino,WILLIAMS SOUTHSIDE 99,Corporation Commissioner,,REP,"James ""Jim"" O'Connor",461
Coconino,FLAGSTAFF 1,Corporation Commissioner,,REP,Eric Sloan,292
Coconino,FLAGSTAFF 2,Corporation Commissioner,,REP,Eric Sloan,184
Coconino,FLAGSTAFF 3,Corporation Commissioner,,REP,Eric Sloan,118
Coconino,FLAGSTAFF 4,Corporation Commissioner,,REP,Eric Sloan,319
Coconino,FLAGSTAFF 5,Corporation Commissioner,,REP,Eric Sloan,570
Coconino,FLAGSTAFF 6,Corporation Commissioner,,REP,Eric Sloan,532
Coconino,FLAGSTAFF 7,Corporation Commissioner,,REP,Eric Sloan,354
Coconino,FLAGSTAFF 8,Corporation Commissioner,,REP,Eric Sloan,168
Coconino,FLAGSTAFF 9,Corporation Commissioner,,REP,Eric Sloan,344
Coconino,FLAGSTAFF 10,Corporation Commissioner,,REP,Eric Sloan,20
Coconino,FLAGSTAFF 11,Corporation Commissioner,,REP,Eric Sloan,182
Coconino,FLAGSTAFF 12,Corporation Commissioner,,REP,Eric Sloan,127
Coconino,FLAGSTAFF 13,Corporation Commissioner,,REP,Eric Sloan,44
Coconino,FLAGSTAFF 14,Corporation Commissioner,,REP,Eric Sloan,220
Coconino,FLAGSTAFF 15,Corporation Commissioner,,REP,Eric Sloan,487
Coconino,FLAGSTAFF 16,Corporation Commissioner,,REP,Eric Sloan,459
Coconino,FLAGSTAFF 17,Corporation Commissioner,,REP,Eric Sloan,167
Coconino,FLAGSTAFF 18,Corporation Commissioner,,REP,Eric Sloan,220
Coconino,FLAGSTAFF 19,Corporation Commissioner,,REP,Eric Sloan,543
Coconino,FLAGSTAFF 20,Corporation Commissioner,,REP,Eric Sloan,90
Coconino,FLAGSTAFF 21,Corporation Commissioner,,REP,Eric Sloan,587
Coconino,FLAGSTAFF 22,Corporation Commissioner,,REP,Eric Sloan,860
Coconino,FLAGSTAFF 23,Corporation Commissioner,,REP,Eric Sloan,361
Coconino,FLAGSTAFF 24,Corporation Commissioner,,REP,Eric Sloan,897
Coconino,FLAGSTAFF 25,Corporation Commissioner,,REP,Eric Sloan,545
Coconino,FLAGSTAFF 26,Corporation Commissioner,,REP,Eric Sloan,322
Coconino,BELLEMONT 40,Corporation Commissioner,,REP,Eric Sloan,252
Coconino,BLUE RIDGE 41,Corporation Commissioner,,REP,Eric Sloan,399
Coconino,BODAWAY 42,Corporation Commissioner,,REP,Eric Sloan,153
Coconino,CAMERON 43,Corporation Commissioner,,REP,Eric Sloan,121
Coconino,COPPERMINE 47,Corporation Commissioner,,REP,Eric Sloan,74
Coconino,COALMINE 48,Corporation Commissioner,,REP,Eric Sloan,34
Coconino,DONEY PARK 50,Corporation Commissioner,,REP,Eric Sloan,818
Coconino,SCHULTZ 51,Corporation Commissioner,,REP,Eric Sloan,28
Coconino,TIMBERLINE FERNWOOD 52,Corporation Commissioner,,REP,Eric Sloan,777
Coconino,FOREST LAKES 53,Corporation Commissioner,,REP,Eric Sloan,80
Coconino,FORT VALLEY EAST 55,Corporation Commissioner,,REP,Eric Sloan,101
Coconino,FORT VALLEY WEST 56,Corporation Commissioner,,REP,Eric Sloan,265
Coconino,FREDONIA 58,Corporation Commissioner,,REP,Eric Sloan,381
Coconino,GRAND CANYON 59,Corporation Commissioner,,REP,Eric Sloan,119
Coconino,HAVASUPAI 60,Corporation Commissioner,,REP,Eric Sloan,6
Coconino,INSCRIPTION HOUSE 61,Corporation Commissioner,,REP,Eric Sloan,94
Coconino,PUMPHOUSE WASH 62,Corporation Commissioner,,REP,Eric Sloan,851
Coconino,MORMON LAKE 63,Corporation Commissioner,,REP,Eric Sloan,87
Coconino,KAIBAB NORTH 64,Corporation Commissioner,,REP,Eric Sloan,10
Coconino,KAIBETO 65,Corporation Commissioner,,REP,Eric Sloan,147
Coconino,KAIBAB WEST 66,Corporation Commissioner,,REP,Eric Sloan,339
Coconino,LECHEE 67,Corporation Commissioner,,REP,Eric Sloan,137
Coconino,LEUPP 69,Corporation Commissioner,,REP,Eric Sloan,147
Coconino,MOENKOPI 70,Corporation Commissioner,,REP,Eric Sloan,38
Coconino,NAVAJO MOUNTAIN 71,Corporation Commissioner,,REP,Eric Sloan,14
Coconino,PAGE CENTRAL 72,Corporation Commissioner,,REP,Eric Sloan,365
Coconino,PAGE EAST 73,Corporation Commissioner,,REP,Eric Sloan,419
Coconino,PAGE SOUTH 74,Corporation Commissioner,,REP,Eric Sloan,230
Coconino,PAGE WEST 75,Corporation Commissioner,,REP,Eric Sloan,429
Coconino,PARKS 79,Corporation Commissioner,,REP,Eric Sloan,569
Coconino,PINEWOOD 80,Corporation Commissioner,,REP,Eric Sloan,462
Coconino,SEDONA NORTH 82,Corporation Commissioner,,REP,Eric Sloan,280
Coconino,SEDONA SOUTH 83,Corporation Commissioner,,REP,Eric Sloan,545
Coconino,RANCHES 84,Corporation Commissioner,,REP,Eric Sloan,214
Coconino,SUNSET CRATER 85,Corporation Commissioner,,REP,Eric Sloan,779
Coconino,MOUNTAIN VIEW 86,Corporation Commissioner,,REP,Eric Sloan,115
Coconino,TOLANI LAKE 88,Corporation Commissioner,,REP,Eric Sloan,40
Coconino,TONALEA 90,Corporation Commissioner,,REP,Eric Sloan,170
Coconino,WINONA 92,Corporation Commissioner,,REP,Eric Sloan,681
Coconino,TUBA CITY NORTHEAST 93,Corporation Commissioner,,REP,Eric Sloan,133
Coconino,TUBA CITY NORTHWEST 94,Corporation Commissioner,,REP,Eric Sloan,107
Coconino,TUBA CITY SOUTH 95,Corporation Commissioner,,REP,Eric Sloan,345
Coconino,TUSAYAN 97,Corporation Commissioner,,REP,Eric Sloan,255
Coconino,WILLIAMS NORTHSIDE 98,Corporation Commissioner,,REP,Eric Sloan,1202
Coconino,WILLIAMS SOUTHSIDE 99,Corporation Commissioner,,REP,Eric Sloan,421