contest,choice,precinct_id,vote_total,polling_place_votes,early_votes,late_early_votes,provisional_votes,party_name,contest_name,choice_name,precinct_designation,precinct_name,votes_allowed,referendum_flag
000,00,000,00786,00000,00000,00000,00000,00000,,Registered Voters,REGISTERED VOTERS,Red Butte,0,
000,00,000,00116,00000,00000,00000,00000,00000,,Registered Voters,REGISTERED VOTERS,Painted Desert,0,
000,00,000,00017,00000,00000,00000,00000,00000,,Registered Voters,REGISTERED VOTERS,Hubbell,0,
000,00,000,00555,00000,00000,00000,00000,00000,,Registered Voters,REGISTERED VOTERS,Black Buttes,0,
000,00,000,00148,00000,00000,00000,00000,00000,,Registered Voters,REGISTERED VOTERS,Cedar Valley,0,
000,00,000,00057,00000,00000,00000,00000,00000,,Registered Voters,REGISTERED VOTERS,Stone Butte,0,
000,00,000,00520,00000,00000,00000,00000,00000,,Registered Voters,REGISTERED VOTERS,Pioneer,0,
000,00,000,00259,00000,00000,00000,00000,00000,,Registered Voters,REGISTERED VOTERS,Antelope,0,
000,00,000,00082,00000,00000,00000,00000,00000,,Registered Voters,REGISTERED VOTERS,Juniper,0,
000,00,001,00068,00000,00000,00000,00000,00000,,Registered Voters,REGISTERED VOTERS,Bison,0,
000,00,001,00189,00000,00000,00000,00000,00000,,Registered Voters,REGISTERED VOTERS,Mogollon,0,
000,00,001,00078,00000,00000,00000,00000,00000,,Registered Voters,REGISTERED VOTERS,Woodland,0,
000,00,001,00539,00000,00000,00000,00000,00000,,Registered Voters,REGISTERED VOTERS,Sitgreaves,0,
000,00,001,00807,00000,00000,00000,00000,00000,,Registered Voters,REGISTERED VOTERS,Sunrise,0,
000,00,000,00121,00000,00000,00000,00000,00000,REP,REGISTERED VOTERS - REPUBLICAN PARTY,REGISTERED VOTERS - REPUBLICAN PARTY,Red Butte,0,
000,00,000,00015,00000,00000,00000,00000,00000,REP,REGISTERED VOTERS - REPUBLICAN PARTY,REGISTERED VOTERS - REPUBLICAN PARTY,Painted Desert,0,
000,00,000,00008,00000,00000,00000,00000,00000,REP,REGISTERED VOTERS - REPUBLICAN PARTY,REGISTERED VOTERS - REPUBLICAN PARTY,Hubbell,0,
000,00,000,00126,00000,00000,00000,00000,00000,REP,REGISTERED VOTERS - REPUBLICAN PARTY,REGISTERED VOTERS - REPUBLICAN PARTY,Black Buttes,0,
000,00,000,00013,00000,00000,00000,00000,00000,REP,REGISTERED VOTERS - REPUBLICAN PARTY,REGISTERED VOTERS - REPUBLICAN PARTY,Cedar Valley,0,
000,00,000,00004,00000,00000,00000,00000,00000,REP,REGISTERED VOTERS - REPUBLICAN PARTY,REGISTERED VOTERS - REPUBLICAN PARTY,Stone Butte,0,
000,00,000,00437,00000,00000,00000,00000,00000,REP,REGISTERED VOTERS - REPUBLICAN PARTY,REGISTERED VOTERS - REPUBLICAN PARTY,Pioneer,0,
000,00,000,00128,00000,00000,00000,00000,00000,REP,REGISTERED VOTERS - REPUBLICAN PARTY,REGISTERED VOTERS - REPUBLICAN PARTY,Antelope,0,
000,00,000,00055,00000,00000,00000,00000,00000,REP,REGISTERED VOTERS - REPUBLICAN PARTY,REGISTERED VOTERS - REPUBLICAN PARTY,Juniper,0,
000,00,001,00054,00000,00000,00000,00000,00000,REP,REGISTERED VOTERS - REPUBLICAN PARTY,REGISTERED VOTERS - REPUBLICAN PARTY,Bison,0,
000,00,001,00146,00000,00000,00000,00000,00000,REP,REGISTERED VOTERS - REPUBLICAN PARTY,REGISTERED VOTERS - REPUBLICAN PARTY,Mogollon,0,
000,00,001,00054,00000,00000,00000,00000,00000,REP,REGISTERED VOTERS - REPUBLICAN PARTY,REGISTERED VOTERS - REPUBLICAN PARTY,Woodland,0,
000,00,001,00396,00000,00000,00000,00000,00000,REP,REGISTERED VOTERS - REPUBLICAN PARTY,REGISTERED VOTERS - REPUBLICAN PARTY,Sitgreaves,0,
000,00,001,00326,00000,00000,00000,00000,00000,REP,REGISTERED VOTERS - REPUBLICAN PARTY,REGISTERED VOTERS - REPUBLICAN PARTY,Sunrise,0,
000,00,000,00663,00000,00000,00000,00000,00000,DEM,REGISTERED VOTERS - DEMOCRATIC PARTY,REGISTERED VOTERS - DEMOCRATIC PARTY,Red Butte,0,
000,00,000,00101,00000,00000,00000,00000,00000,DEM,REGISTERED VOTERS - DEMOCRATIC PARTY,REGISTERED VOTERS - DEMOCRATIC PARTY,Painted Desert,0,
000,00,000,00008,00000,00000,00000,00000,00000,DEM,REGISTERED VOTERS - DEMOCRATIC PARTY,REGISTERED VOTERS - DEMOCRATIC PARTY,Hubbell,0,
000,00,000,00427,00000,00000,00000,00000,00000,DEM,REGISTERED VOTERS - DEMOCRATIC PARTY,REGISTERED VOTERS - DEMOCRATIC PARTY,Black Buttes,0,
000,00,000,00135,00000,00000,00000,00000,00000,DEM,REGISTERED VOTERS - DEMOCRATIC PARTY,REGISTERED VOTERS - DEMOCRATIC PARTY,Cedar Valley,0,
000,00,000,00052,00000,00000,00000,00000,00000,DEM,REGISTERED VOTERS - DEMOCRATIC PARTY,REGISTERED VOTERS - DEMOCRATIC PARTY,Stone Butte,0,
000,00,000,00083,00000,00000,00000,00000,00000,DEM,REGISTERED VOTERS - DEMOCRATIC PARTY,REGISTERED VOTERS - DEMOCRATIC PARTY,Pioneer,0,
000,00,000,00131,00000,00000,00000,00000,00000,DEM,REGISTERED VOTERS - DEMOCRATIC PARTY,REGISTERED VOTERS - DEMOCRATIC PARTY,Antelope,0,
000,00,000,00026,00000,00000,00000,00000,00000,DEM,REGISTERED VOTERS - DEMOCRATIC PARTY,REGISTERED VOTERS - DEMOCRATIC PARTY,Juniper,0,
000,00,001,00013,00000,00000,00000,00000,00000,DEM,REGISTERED VOTERS - DEMOCRATIC PARTY,REGISTERED VOTERS - DEMOCRATIC PARTY,Bison,0,
000,00,001,00043,00000,00000,00000,00000,00000,DEM,REGISTERED VOTERS - DEMOCRATIC PARTY,REGISTERED VOTERS - DEMOCRATIC PARTY,Mogollon,0,
000,00,001,00024,00000,00000,00000,00000,00000,DEM,REGISTERED VOTERS - DEMOCRATIC PARTY,REGISTERED VOTERS - DEMOCRATIC PARTY,Woodland,0,
000,00,001,00142,00000,00000,00000,00000,00000,DEM,REGISTERED VOTERS - DEMOCRATIC PARTY,REGISTERED VOTERS - DEMOCRATIC PARTY,Sitgreaves,0,
000,00,001,00480,00000,00000,00000,00000,00000,DEM,REGISTERED VOTERS - DEMOCRATIC PARTY,REGISTERED VOTERS - DEMOCRATIC PARTY,Sunrise,0,
000,00,000,00000,00000,00000,00000,00000,00000,GRN,REGISTERED VOTERS - GREEN PARTY,REGISTERED VOTERS - GREEN PARTY,Red Butte,0,
000,00,000,00000,00000,00000,00000,00000,00000,GRN,REGISTERED VOTERS - GREEN PARTY,REGISTERED VOTERS - GREEN PARTY,Painted Desert,0,
000,00,000,00000,00000,00000,00000,00000,00000,GRN,REGISTERED VOTERS - GREEN PARTY,REGISTERED VOTERS - GREEN PARTY,Hubbell,0,
000,00,000,00000,00000,00000,00000,00000,00000,GRN,REGISTERED VOTERS - GREEN PARTY,REGISTERED VOTERS - GREEN PARTY,Black Buttes,0,
000,00,000,00000,00000,00000,00000,00000,00000,GRN,REGISTERED VOTERS - GREEN PARTY,REGISTERED VOTERS - GREEN PARTY,Cedar Valley,0,
000,00,000,00000,00000,00000,00000,00000,00000,GRN,REGISTERED VOTERS - GREEN PARTY,REGISTERED VOTERS - GREEN PARTY,Stone Butte,0,
000,00,000,00000,00000,00000,00000,00000,00000,GRN,REGISTERED VOTERS - GREEN PARTY,REGISTERED VOTERS - GREEN PARTY,Pioneer,0,
000,00,000,00000,00000,00000,00000,00000,00000,GRN,REGISTERED VOTERS - GREEN PARTY,REGISTERED VOTERS - GREEN PARTY,Antelope,0,
000,00,000,00000,00000,00000,00000,00000,00000,GRN,REGISTERED VOTERS - GREEN PARTY,REGISTERED VOTERS - GREEN PARTY,Juniper,0,
000,00,001,00000,00000,00000,00000,00000,00000,GRN,REGISTERED VOTERS - GREEN PARTY,REGISTERED VOTERS - GREEN PARTY,Bison,0,
000,00,001,00000,00000,00000,00000,00000,00000,GRN,REGISTERED VOTERS - GREEN PARTY,REGISTERED VOTERS - GREEN PARTY,Mogollon,0,
000,00,001,00000,00000,00000,00000,00000,00000,GRN,REGISTERED VOTERS - GREEN PARTY,REGISTERED VOTERS - GREEN PARTY,Woodland,0,
000,00,001,00000,00000,00000,00000,00000,00000,GRN,REGISTERED VOTERS - GREEN PARTY,REGISTERED VOTERS - GREEN PARTY,Sitgreaves,0,
000,00,001,00000,00000,00000,00000,00000,00000,GRN,REGISTERED VOTERS - GREEN PARTY,REGISTERED VOTERS - GREEN PARTY,Sunrise,0,
000,00,000,00245,00161,00061,00007,00015,00000,,Ballots Cast,BALLOTS CAST,Red Butte,0,
000,00,000,00055,00041,00009,00001,00004,00000,,Ballots Cast,BALLOTS CAST,Painted Desert,0,
000,00,000,00008,00003,00003,00000,00000,00000,,Ballots Cast,BALLOTS CAST,Hubbell,0,
000,00,000,00199,00074,00104,00006,00013,00000,,Ballots Cast,BALLOTS CAST,Black Buttes,0,
000,00,000,00050,00031,00011,00001,00005,00000,,Ballots Cast,BALLOTS CAST,Cedar Valley,0,
000,00,000,00017,00013,00002,00000,00001,00000,,Ballots Cast,BALLOTS CAST,Stone Butte,0,
000,00,000,00271,00109,00128,00024,00009,00000,,Ballots Cast,BALLOTS CAST,Pioneer,0,
000,00,000,00101,00032,00057,00009,00002,00000,,Ballots Cast,BALLOTS CAST,Antelope,0,
000,00,000,00045,00010,00030,00003,00001,00000,,Ballots Cast,BALLOTS CAST,Juniper,0,
000,00,001,00039,00017,00017,00004,00000,00000,,Ballots Cast,BALLOTS CAST,Bison,0,
000,00,001,00112,00027,00070,00012,00003,00000,,Ballots Cast,BALLOTS CAST,Mogollon,0,
000,00,001,00035,00004,00024,00004,00001,00000,,Ballots Cast,BALLOTS CAST,Woodland,0,
000,00,001,00295,00068,00200,00022,00005,00000,,Ballots Cast,BALLOTS CAST,Sitgreaves,0,
000,00,001,00327,00112,00180,00018,00015,00000,,Ballots Cast,BALLOTS CAST,Sunrise,0,
000,00,000,00027,00017,00007,00001,00001,00000,REP,BALLOTS CAST - REPUBLICAN PARTY,BALLOTS CAST - REPUBLICAN PARTY,Red Butte,0,
000,00,000,00020,00016,00002,00000,00000,00000,REP,BALLOTS CAST - REPUBLICAN PARTY,BALLOTS CAST - REPUBLICAN PARTY,Painted Desert,0,
000,00,000,00005,00002,00002,00000,00000,00000,REP,BALLOTS CAST - REPUBLICAN PARTY,BALLOTS CAST - REPUBLICAN PARTY,Hubbell,0,
000,00,000,00052,00018,00028,00002,00003,00000,REP,BALLOTS CAST - REPUBLICAN PARTY,BALLOTS CAST - REPUBLICAN PARTY,Black Buttes,0,
000,00,000,00002,00001,00001,00000,00000,00000,REP,BALLOTS CAST - REPUBLICAN PARTY,BALLOTS CAST - REPUBLICAN PARTY,Cedar Valley,0,
000,00,000,00001,00000,00000,00000,00000,00000,REP,BALLOTS CAST - REPUBLICAN PARTY,BALLOTS CAST - REPUBLICAN PARTY,Stone Butte,0,
000,00,000,00238,00101,00104,00022,00008,00000,REP,BALLOTS CAST - REPUBLICAN PARTY,BALLOTS CAST - REPUBLICAN PARTY,Pioneer,0,
000,00,000,00052,00019,00026,00005,00000,00000,REP,BALLOTS CAST - REPUBLICAN PARTY,BALLOTS CAST - REPUBLICAN PARTY,Antelope,0,
000,00,000,00032,00008,00020,00003,00000,00000,REP,BALLOTS CAST - REPUBLICAN PARTY,BALLOTS CAST - REPUBLICAN PARTY,Juniper,0,
000,00,001,00033,00014,00014,00003,00000,00000,REP,BALLOTS CAST - REPUBLICAN PARTY,BALLOTS CAST - REPUBLICAN PARTY,Bison,0,
000,00,001,00089,00023,00053,00010,00002,00000,REP,BALLOTS CAST - REPUBLICAN PARTY,BALLOTS CAST - REPUBLICAN PARTY,Mogollon,0,
000,00,001,00024,00004,00015,00003,00000,00000,REP,BALLOTS CAST - REPUBLICAN PARTY,BALLOTS CAST - REPUBLICAN PARTY,Woodland,0,
000,00,001,00229,00058,00148,00018,00004,00000,REP,BALLOTS CAST - REPUBLICAN PARTY,BALLOTS CAST - REPUBLICAN PARTY,Sitgreaves,0,
000,00,001,00169,00040,00110,00012,00006,00000,REP,BALLOTS CAST - REPUBLICAN PARTY,BALLOTS CAST - REPUBLICAN PARTY,Sunrise,0,
000,00,000,00217,00143,00054,00006,00014,00000,DEM,BALLOTS CAST - DEMOCRATIC PARTY,BALLOTS CAST - DEMOCRATIC PARTY,Red Butte,0,
000,00,000,00035,00024,00006,00001,00003,00000,DEM,BALLOTS CAST - DEMOCRATIC PARTY,BALLOTS CAST - DEMOCRATIC PARTY,Painted Desert,0,
000,00,000,00003,00001,00001,00000,00000,00000,DEM,BALLOTS CAST - DEMOCRATIC PARTY,BALLOTS CAST - DEMOCRATIC PARTY,Hubbell,0,
000,00,000,00147,00056,00076,00004,00010,00000,DEM,BALLOTS CAST - DEMOCRATIC PARTY,BALLOTS CAST - DEMOCRATIC PARTY,Black Buttes,0,
000,00,000,00047,00030,00010,00001,00005,00000,DEM,BALLOTS CAST - DEMOCRATIC PARTY,BALLOTS CAST - DEMOCRATIC PARTY,Cedar Valley,0,
000,00,000,00016,00012,00001,00000,00001,00000,DEM,BALLOTS CAST - DEMOCRATIC PARTY,BALLOTS CAST - DEMOCRATIC PARTY,Stone Butte,0,
000,00,000,00033,00008,00023,00001,00000,00000,DEM,BALLOTS CAST - DEMOCRATIC PARTY,BALLOTS CAST - DEMOCRATIC PARTY,Pioneer,0,
000,00,000,00049,00013,00030,00003,00001,00000,DEM,BALLOTS CAST - DEMOCRATIC PARTY,BALLOTS CAST - DEMOCRATIC PARTY,Antelope,0,
000,00,000,00012,00002,00009,00000,00000,00000,DEM,BALLOTS CAST - DEMOCRATIC PARTY,BALLOTS CAST - DEMOCRATIC PARTY,Juniper,0,
000,00,001,00006,00002,00003,00000,00000,00000,DEM,BALLOTS CAST - DEMOCRATIC PARTY,BALLOTS CAST - DEMOCRATIC PARTY,Bison,0,
000,00,001,00023,00004,00016,00002,00000,00000,DEM,BALLOTS CAST - DEMOCRATIC PARTY,BALLOTS CAST - DEMOCRATIC PARTY,Mogollon,0,
000,00,001,00010,00000,00009,00000,00000,00000,DEM,BALLOTS CAST - DEMOCRATIC PARTY,BALLOTS CAST - DEMOCRATIC PARTY,Woodland,0,
000,00,001,00066,00010,00051,00004,00000,00000,DEM,BALLOTS CAST - DEMOCRATIC PARTY,BALLOTS CAST - DEMOCRATIC PARTY,Sitgreaves,0,
000,00,001,00157,00071,00069,00006,00009,00000,DEM,BALLOTS CAST - DEMOCRATIC PARTY,BALLOTS CAST - DEMOCRATIC PARTY,Sunrise,0,
000,00,000,00000,00000,00000,00000,00000,00000,GRN,BALLOTS CAST - GREEN PARTY,BALLOTS CAST - GREEN PARTY,Red Butte,0,
000,00,000,00000,00000,00000,00000,00000,00000,GRN,BALLOTS CAST - GREEN PARTY,BALLOTS CAST - GREEN PARTY,Painted Desert,0,
000,00,000,00000,00000,00000,00000,00000,00000,GRN,BALLOTS CAST - GREEN PARTY,BALLOTS CAST - GREEN PARTY,Hubbell,0,
000,00,000,00000,00000,00000,00000,00000,00000,GRN,BALLOTS CAST - GREEN PARTY,BALLOTS CAST - GREEN PARTY,Black Buttes,0,
000,00,000,00000,00000,00000,00000,00000,00000,GRN,BALLOTS CAST - GREEN PARTY,BALLOTS CAST - GREEN PARTY,Cedar Valley,0,
000,00,000,00000,00000,00000,00000,00000,00000,GRN,BALLOTS CAST - GREEN PARTY,BALLOTS CAST - GREEN PARTY,Stone Butte,0,
000,00,000,00000,00000,00000,00000,00000,00000,GRN,BALLOTS CAST - GREEN PARTY,BALLOTS CAST - GREEN PARTY,Pioneer,0,
000,00,000,00000,00000,00000,00000,00000,00000,GRN,BALLOTS CAST - GREEN PARTY,BALLOTS CAST - GREEN PARTY,Antelope,0,
000,00,000,00000,00000,00000,00000,00000,00000,GRN,BALLOTS CAST - GREEN PARTY,BALLOTS CAST - GREEN PARTY,Juniper,0,
000,00,001,00000,00000,00000,00000,00000,00000,GRN,BALLOTS CAST - GREEN PARTY,BALLOTS CAST - GREEN PARTY,Bison,0,
000,00,001,00000,00000,00000,00000,00000,00000,GRN,BALLOTS CAST - GREEN PARTY,BALLOTS CAST - GREEN PARTY,Mogollon,0,
000,00,001,00000,00000,00000,00000,00000,00000,GRN,BALLOTS CAST - GREEN PARTY,BALLOTS CAST - GREEN PARTY,Woodland,0,
000,00,001,00000,00000,00000,00000,00000,00000,GRN,BALLOTS CAST - GREEN PARTY,BALLOTS CAST - GREEN PARTY,Sitgreaves,0,
000,00,001,00000,00000,00000,00000,00000,00000,GRN,BALLOTS CAST - GREEN PARTY,BALLOTS CAST - GREEN PARTY,Sunrise,0,
000,00,000,00000,00000,00000,00000,00000,00000,,BALLOTS CAST - NONPARTISAN,BALLOTS CAST - NONPARTISAN,Red Butte,0,
000,00,000,00000,00000,00000,00000,00000,00000,,BALLOTS CAST - NONPARTISAN,BALLOTS CAST - NONPARTISAN,Painted Desert,0,
000,00,000,00000,00000,00000,00000,00000,00000,,BALLOTS CAST - NONPARTISAN,BALLOTS CAST - NONPARTISAN,Hubbell,0,
000,00,000,00000,00000,00000,00000,00000,00000,,BALLOTS CAST - NONPARTISAN,BALLOTS CAST - NONPARTISAN,Black Buttes,0,
000,00,000,00000,00000,00000,00000,00000,00000,,BALLOTS CAST - NONPARTISAN,BALLOTS CAST - NONPARTISAN,Cedar Valley,0,
000,00,000,00000,00000,00000,00000,00000,00000,,BALLOTS CAST - NONPARTISAN,BALLOTS CAST - NONPARTISAN,Stone Butte,0,
000,00,000,00000,00000,00000,00000,00000,00000,,BALLOTS CAST - NONPARTISAN,BALLOTS CAST - NONPARTISAN,Pioneer,0,
000,00,000,00000,00000,00000,00000,00000,00000,,BALLOTS CAST - NONPARTISAN,BALLOTS CAST - NONPARTISAN,Antelope,0,
000,00,000,00000,00000,00000,00000,00000,00000,,BALLOTS CAST - NONPARTISAN,BALLOTS CAST - NONPARTISAN,Juniper,0,
000,00,001,00000,00000,00000,00000,00000,00000,,BALLOTS CAST - NONPARTISAN,BALLOTS CAST - NONPARTISAN,Bison,0,
000,00,001,00000,00000,00000,00000,00000,00000,,BALLOTS CAST - NONPARTISAN,BALLOTS CAST - NONPARTISAN,Mogollon,0,
000,00,001,00000,00000,00000,00000,00000,00000,,BALLOTS CAST - NONPARTISAN,BALLOTS CAST - NONPARTISAN,Woodland,0,
000,00,001,00000,00000,00000,00000,00000,00000,,BALLOTS CAST - NONPARTISAN,BALLOTS CAST - NONPARTISAN,Sitgreaves,0,
000,00,001,00000,00000,00000,00000,00000,00000,,BALLOTS CAST - NONPARTISAN,BALLOTS CAST - NONPARTISAN,Sunrise,0,
001,00,000,00002,00002,00000,00000,00000,00000,,Blank Ballots Cast,BALLOTS CAST - BLANK,Red Butte,0,
001,00,000,00000,00000,00000,00000,00000,00000,,Blank Ballots Cast,BALLOTS CAST - BLANK,Painted Desert,0,
001,00,000,00000,00000,00000,00000,00000,00000,,Blank Ballots Cast,BALLOTS CAST - BLANK,Hubbell,0,
001,00,000,00000,00000,00000,00000,00000,00000,,Blank Ballots Cast,BALLOTS CAST - BLANK,Black Buttes,0,
001,00,000,00000,00000,00000,00000,00000,00000,,Blank Ballots Cast,BALLOTS CAST - BLANK,Cedar Valley,0,
001,00,000,00000,00000,00000,00000,00000,00000,,Blank Ballots Cast,BALLOTS CAST - BLANK,Stone Butte,0,
001,00,000,00001,00001,00000,00000,00000,00000,,Blank Ballots Cast,BALLOTS CAST - BLANK,Pioneer,0,
001,00,000,00000,00000,00000,00000,00000,00000,,Blank Ballots Cast,BALLOTS CAST - BLANK,Antelope,0,
001,00,000,00000,00000,00000,00000,00000,00000,,Blank Ballots Cast,BALLOTS CAST - BLANK,Juniper,0,
001,00,001,00000,00000,00000,00000,00000,00000,,Blank Ballots Cast,BALLOTS CAST - BLANK,Bison,0,
001,00,001,00000,00000,00000,00000,00000,00000,,Blank Ballots Cast,BALLOTS CAST - BLANK,Mogollon,0,
001,00,001,00000,00000,00000,00000,00000,00000,,Blank Ballots Cast,BALLOTS CAST - BLANK,Woodland,0,
001,00,001,00000,00000,00000,00000,00000,00000,,Blank Ballots Cast,BALLOTS CAST - BLANK,Sitgreaves,0,
001,00,001,00001,00000,00000,00000,00000,00000,,Blank Ballots Cast,BALLOTS CAST - BLANK,Sunrise,0,
010,00,000,00000,00000,00000,00000,00000,00000,REP,PRESIDENT OF THE UNITED STATES,"SANTORUM, RICK",Red Butte,0,
010,00,000,00000,00000,00000,00000,00000,00000,REP,PRESIDENT OF THE UNITED STATES,"SANTORUM, RICK",Painted Desert,0,
010,00,000,00000,00000,00000,00000,00000,00000,REP,PRESIDENT OF THE UNITED STATES,"SANTORUM, RICK",Hubbell,0,
010,00,000,00000,00000,00000,00000,00000,00000,REP,PRESIDENT OF THE UNITED STATES,"SANTORUM, RICK",Black Buttes,0,
010,00,000,00000,00000,00000,00000,00000,00000,REP,PRESIDENT OF THE UNITED STATES,"SANTORUM, RICK",Cedar Valley,0,
010,00,000,00000,00000,00000,00000,00000,00000,REP,PRESIDENT OF THE UNITED STATES,"SANTORUM, RICK",Stone Butte,0,
010,00,000,00000,00000,00000,00000,00000,00000,REP,PRESIDENT OF THE UNITED STATES,"SANTORUM, RICK",Pioneer,0,
010,00,000,00000,00000,00000,00000,00000,00000,REP,PRESIDENT OF THE UNITED STATES,"SANTORUM, RICK",Antelope,0,
010,00,000,00000,00000,00000,00000,00000,00000,REP,PRESIDENT OF THE UNITED STATES,"SANTORUM, RICK",Juniper,0,
010,00,001,00000,00000,00000,00000,00000,00000,REP,PRESIDENT OF THE UNITED STATES,"SANTORUM, RICK",Bison,0,
010,00,001,00000,00000,00000,00000,00000,00000,REP,PRESIDENT OF THE UNITED STATES,"SANTORUM, RICK",Mogollon,0,
010,00,001,00000,00000,00000,00000,00000,00000,REP,PRESIDENT OF THE UNITED STATES,"SANTORUM, RICK",Woodland,0,
010,00,001,00000,00000,00000,00000,00000,00000,REP,PRESIDENT OF THE UNITED STATES,"SANTORUM, RICK",Sitgreaves,0,
010,00,001,00000,00000,00000,00000,00000,00000,REP,PRESIDENT OF THE UNITED STATES,"SANTORUM, RICK",Sunrise,0,
010,00,000,00000,00000,00000,00000,00000,00000,REP,PRESIDENT OF THE UNITED STATES,"COOK, TIM",Red Butte,0,
010,00,000,00000,00000,00000,00000,00000,00000,REP,PRESIDENT OF THE UNITED STATES,"COOK, TIM",Painted Desert,0,
010,00,000,00000,00000,00000,00000,00000,00000,REP,PRESIDENT OF THE UNITED STATES,"COOK, TIM",Hubbell,0,
010,00,000,00000,00000,00000,00000,00000,00000,REP,PRESIDENT OF THE UNITED STATES,"COOK, TIM",Black Buttes,0,
010,00,000,00000,00000,00000,00000,00000,00000,REP,PRESIDENT OF THE UNITED STATES,"COOK, TIM",Cedar Valley,0,
010,00,000,00000,00000,00000,00000,00000,00000,REP,PRESIDENT OF THE UNITED STATES,"COOK, TIM",Stone Butte,0,
010,00,000,00000,00000,00000,00000,00000,00000,REP,PRESIDENT OF THE UNITED STATES,"COOK, TIM",Pioneer,0,
010,00,000,00000,00000,00000,00000,00000,00000,REP,PRESIDENT OF THE UNITED STATES,"COOK, TIM",Antelope,0,
010,00,000,00000,00000,00000,00000,00000,00000,REP,PRESIDENT OF THE UNITED STATES,"COOK, TIM",Juniper,0,
010,00,001,00000,00000,00000,00000,00000,00000,REP,PRESIDENT OF THE UNITED STATES,"COOK, TIM",Bison,0,
010,00,001,00000,00000,00000,00000,00000,00000,REP,PRESIDENT OF THE UNITED STATES,"COOK, TIM",Mogollon,0,
010,00,001,00000,00000,00000,00000,00000,00000,REP,PRESIDENT OF THE UNITED STATES,"COOK, TIM",Woodland,0,
010,00,001,00000,00000,00000,00000,00000,00000,REP,PRESIDENT OF THE UNITED STATES,"COOK, TIM",Sitgreaves,0,
010,00,001,00000,00000,00000,00000,00000,00000,REP,PRESIDENT OF THE UNITED STATES,"COOK, TIM",Sunrise,0,
010,00,000,00000,00000,00000,00000,00000,00000,REP,PRESIDENT OF THE UNITED STATES,"PAUL, RAND",Red Butte,0,
010,00,000,00000,00000,00000,00000,00000,00000,REP,PRESIDENT OF THE UNITED STATES,"PAUL, RAND",Painted Desert,0,
010,00,000,00000,00000,00000,00000,00000,00000,REP,PRESIDENT OF THE UNITED STATES,"PAUL, RAND",Hubbell,0,
010,00,000,00000,00000,00000,00000,00000,00000,REP,PRESIDENT OF THE UNITED STATES,"PAUL, RAND",Black Buttes,0,
010,00,000,00000,00000,00000,00000,00000,00000,REP,PRESIDENT OF THE UNITED STATES,"PAUL, RAND",Cedar Valley,0,
010,00,000,00000,00000,00000,00000,00000,00000,REP,PRESIDENT OF THE UNITED STATES,"PAUL, RAND",Stone Butte,0,
010,00,000,00000,00000,00000,00000,00000,00000,REP,PRESIDENT OF THE UNITED STATES,"PAUL, RAND",Pioneer,0,
010,00,000,00000,00000,00000,00000,00000,00000,REP,PRESIDENT OF THE UNITED STATES,"PAUL, RAND",Antelope,0,
010,00,000,00000,00000,00000,00000,00000,00000,REP,PRESIDENT OF THE UNITED STATES,"PAUL, RAND",Juniper,0,
010,00,001,00000,00000,00000,00000,00000,00000,REP,PRESIDENT OF THE UNITED STATES,"PAUL, RAND",Bison,0,
010,00,001,00000,00000,00000,00000,00000,00000,REP,PRESIDENT OF THE UNITED STATES,"PAUL, RAND",Mogollon,0,
010,00,001,00000,00000,00000,00000,00000,00000,REP,PRESIDENT OF THE UNITED STATES,"PAUL, RAND",Woodland,0,
010,00,001,00000,00000,00000,00000,00000,00000,REP,PRESIDENT OF THE UNITED STATES,"PAUL, RAND",Sitgreaves,0,
010,00,001,00000,00000,00000,00000,00000,00000,REP,PRESIDENT OF THE UNITED STATES,"PAUL, RAND",Sunrise,0,
010,00,000,00001,00001,00000,00000,00000,00000,REP,PRESIDENT OF THE UNITED STATES,"RUBIO, MARCO",Red Butte,0,
010,00,000,00000,00000,00000,00000,00000,00000,REP,PRESIDENT OF THE UNITED STATES,"RUBIO, MARCO",Painted Desert,0,
010,00,000,00000,00000,00000,00000,00000,00000,REP,PRESIDENT OF THE UNITED STATES,"RUBIO, MARCO",Hubbell,0,
010,00,000,00004,00000,00003,00000,00000,00000,REP,PRESIDENT OF THE UNITED STATES,"RUBIO, MARCO",Black Buttes,0,
010,00,000,00000,00000,00000,00000,00000,00000,REP,PRESIDENT OF THE UNITED STATES,"RUBIO, MARCO",Cedar Valley,0,
010,00,000,00000,00000,00000,00000,00000,00000,REP,PRESIDENT OF THE UNITED STATES,"RUBIO, MARCO",Stone Butte,0,
010,00,000,00012,00000,00012,00000,00000,00000,REP,PRESIDENT OF THE UNITED STATES,"RUBIO, MARCO",Pioneer,0,
010,00,000,00003,00000,00003,00000,00000,00000,REP,PRESIDENT OF THE UNITED STATES,"RUBIO, MARCO",Antelope,0,
010,00,000,00001,00000,00001,00000,00000,00000,REP,PRESIDENT OF THE UNITED STATES,"RUBIO, MARCO",Juniper,0,
010,00,001,00001,00000,00001,00000,00000,00000,REP,PRESIDENT OF THE UNITED STATES,"RUBIO, MARCO",Bison,0,
010,00,001,00005,00000,00005,00000,00000,00000,REP,PRESIDENT OF THE UNITED STATES,"RUBIO, MARCO",Mogollon,0,
010,00,001,00001,00000,00001,00000,00000,00000,REP,PRESIDENT OF THE UNITED STATES,"RUBIO, MARCO",Woodland,0,
010,00,001,00017,00000,00017,00000,00000,00000,REP,PRESIDENT OF THE UNITED STATES,"RUBIO, MARCO",Sitgreaves,0,
010,00,001,00015,00000,00014,00000,00000,00000,REP,PRESIDENT OF THE UNITED STATES,"RUBIO, MARCO",Sunrise,0,
010,00,000,00000,00000,00000,00000,00000,00000,REP,PRESIDENT OF THE UNITED STATES,"GRAHAM, LINDSEY",Red Butte,0,
010,00,000,00000,00000,00000,00000,00000,00000,REP,PRESIDENT OF THE UNITED STATES,"GRAHAM, LINDSEY",Painted Desert,0,
010,00,000,00000,00000,00000,00000,00000,00000,REP,PRESIDENT OF THE UNITED STATES,"GRAHAM, LINDSEY",Hubbell,0,
010,00,000,00000,00000,00000,00000,00000,00000,REP,PRESIDENT OF THE UNITED STATES,"GRAHAM, LINDSEY",Black Buttes,0,
010,00,000,00000,00000,00000,00000,00000,00000,REP,PRESIDENT OF THE UNITED STATES,"GRAHAM, LINDSEY",Cedar Valley,0,
010,00,000,00000,00000,00000,00000,00000,00000,REP,PRESIDENT OF THE UNITED STATES,"GRAHAM, LINDSEY",Stone Butte,0,
010,00,000,00000,00000,00000,00000,00000,00000,REP,PRESIDENT OF THE UNITED STATES,"GRAHAM, LINDSEY",Pioneer,0,
010,00,000,00000,00000,00000,00000,00000,00000,REP,PRESIDENT OF THE UNITED STATES,"GRAHAM, LINDSEY",Antelope,0,
010,00,000,00000,00000,00000,00000,00000,00000,REP,PRESIDENT OF THE UNITED STATES,"GRAHAM, LINDSEY",Juniper,0,
010,00,001,00000,00000,00000,00000,00000,00000,REP,PRESIDENT OF THE UNITED STATES,"GRAHAM, LINDSEY",Bison,0,
010,00,001,00000,00000,00000,00000,00000,00000,REP,PRESIDENT OF THE UNITED STATES,"GRAHAM, LINDSEY",Mogollon,0,
010,00,001,00000,00000,00000,00000,00000,00000,REP,PRESIDENT OF THE UNITED STATES,"GRAHAM, LINDSEY",Woodland,0,
010,00,001,00000,00000,00000,00000,00000,00000,REP,PRESIDENT OF THE UNITED STATES,"GRAHAM, LINDSEY",Sitgreaves,0,
010,00,001,00000,00000,00000,00000,00000,00000,REP,PRESIDENT OF THE UNITED STATES,"GRAHAM, LINDSEY",Sunrise,0,
010,00,000,00001,00000,00000,00000,00000,00000,REP,PRESIDENT OF THE UNITED STATES,"KASICH, JOHN R.",Red Butte,0,
010,00,000,00000,00000,00000,00000,00000,00000,REP,PRESIDENT OF THE UNITED STATES,"KASICH, JOHN R.",Painted Desert,0,
010,00,000,00000,00000,00000,00000,00000,00000,REP,PRESIDENT OF THE UNITED STATES,"KASICH, JOHN R.",Hubbell,0,
010,00,000,00001,00000,00001,00000,00000,00000,REP,PRESIDENT OF THE UNITED STATES,"KASICH, JOHN R.",Black Buttes,0,
010,00,000,00000,00000,00000,00000,00000,00000,REP,PRESIDENT OF THE UNITED STATES,"KASICH, JOHN R.",Cedar Valley,0,
010,00,000,00000,00000,00000,00000,00000,00000,REP,PRESIDENT OF THE UNITED STATES,"KASICH, JOHN R.",Stone Butte,0,
010,00,000,00009,00004,00003,00001,00000,00000,REP,PRESIDENT OF THE UNITED STATES,"KASICH, JOHN R.",Pioneer,0,
010,00,000,00002,00000,00000,00000,00000,00000,REP,PRESIDENT OF THE UNITED STATES,"KASICH, JOHN R.",Antelope,0,
010,00,000,00000,00000,00000,00000,00000,00000,REP,PRESIDENT OF THE UNITED STATES,"KASICH, JOHN R.",Juniper,0,
010,00,001,00001,00000,00001,00000,00000,00000,REP,PRESIDENT OF THE UNITED STATES,"KASICH, JOHN R.",Bison,0,
010,00,001,00005,00001,00003,00000,00000,00000,REP,PRESIDENT OF THE UNITED STATES,"KASICH, JOHN R.",Mogollon,0,
010,00,001,00001,00000,00000,00000,00000,00000,REP,PRESIDENT OF THE UNITED STATES,"KASICH, JOHN R.",Woodland,0,
010,00,001,00012,00003,00008,00000,00000,00000,REP,PRESIDENT OF THE UNITED STATES,"KASICH, JOHN R.",Sitgreaves,0,
010,00,001,00013,00002,00009,00001,00000,00000,REP,PRESIDENT OF THE UNITED STATES,"KASICH, JOHN R.",Sunrise,0,
010,00,000,00003,00002,00001,00000,00000,00000,REP,PRESIDENT OF THE UNITED STATES,"BUSH, JEB",Red Butte,0,
010,00,000,00000,00000,00000,00000,00000,00000,REP,PRESIDENT OF THE UNITED STATES,"BUSH, JEB",Painted Desert,0,
010,00,000,00000,00000,00000,00000,00000,00000,REP,PRESIDENT OF THE UNITED STATES,"BUSH, JEB",Hubbell,0,
010,00,000,00000,00000,00000,00000,00000,00000,REP,PRESIDENT OF THE UNITED STATES,"BUSH, JEB",Black Buttes,0,
010,00,000,00000,00000,00000,00000,00000,00000,REP,PRESIDENT OF THE UNITED STATES,"BUSH, JEB",Cedar Valley,0,
010,00,000,00000,00000,00000,00000,00000,00000,REP,PRESIDENT OF THE UNITED STATES,"BUSH, JEB",Stone Butte,0,
010,00,000,00000,00000,00000,00000,00000,00000,REP,PRESIDENT OF THE UNITED STATES,"BUSH, JEB",Pioneer,0,
010,00,000,00000,00000,00000,00000,00000,00000,REP,PRESIDENT OF THE UNITED STATES,"BUSH, JEB",Antelope,0,
010,00,000,00000,00000,00000,00000,00000,00000,REP,PRESIDENT OF THE UNITED STATES,"BUSH, JEB",Juniper,0,
010,00,001,00000,00000,00000,00000,00000,00000,REP,PRESIDENT OF THE UNITED STATES,"BUSH, JEB",Bison,0,
010,00,001,00000,00000,00000,00000,00000,00000,REP,PRESIDENT OF THE UNITED STATES,"BUSH, JEB",Mogollon,0,
010,00,001,00000,00000,00000,00000,00000,00000,REP,PRESIDENT OF THE UNITED STATES,"BUSH, JEB",Woodland,0,
010,00,001,00000,00000,00000,00000,00000,00000,REP,PRESIDENT OF THE UNITED STATES,"BUSH, JEB",Sitgreaves,0,
010,00,001,00000,00000,00000,00000,00000,00000,REP,PRESIDENT OF THE UNITED STATES,"BUSH, JEB",Sunrise,0,
010,00,000,00004,00003,00001,00000,00000,00000,REP,PRESIDENT OF THE UNITED STATES,"TRUMP, DONALD J.",Red Butte,0,
010,00,000,00006,00004,00001,00000,00000,00000,REP,PRESIDENT OF THE UNITED STATES,"TRUMP, DONALD J.",Painted Desert,0,
010,00,000,00002,00001,00001,00000,00000,00000,REP,PRESIDENT OF THE UNITED STATES,"TRUMP, DONALD J.",Hubbell,0,
010,00,000,00018,00006,00010,00001,00001,00000,REP,PRESIDENT OF THE UNITED STATES,"TRUMP, DONALD J.",Black Buttes,0,
010,00,000,00000,00000,00000,00000,00000,00000,REP,PRESIDENT OF THE UNITED STATES,"TRUMP, DONALD J.",Cedar Valley,0,
010,00,000,00000,00000,00000,00000,00000,00000,REP,PRESIDENT OF THE UNITED STATES,"TRUMP, DONALD J.",Stone Butte,0,
010,00,000,00086,00032,00040,00009,00004,00000,REP,PRESIDENT OF THE UNITED STATES,"TRUMP, DONALD J.",Pioneer,0,
010,00,000,00015,00004,00009,00001,00000,00000,REP,PRESIDENT OF THE UNITED STATES,"TRUMP, DONALD J.",Antelope,0,
010,00,000,00018,00004,00011,00001,00000,00000,REP,PRESIDENT OF THE UNITED STATES,"TRUMP, DONALD J.",Juniper,0,
010,00,001,00014,00006,00006,00001,00000,00000,REP,PRESIDENT OF THE UNITED STATES,"TRUMP, DONALD J.",Bison,0,
010,00,001,00040,00011,00024,00003,00000,00000,REP,PRESIDENT OF THE UNITED STATES,"TRUMP, DONALD J.",Mogollon,0,
010,00,001,00012,00001,00008,00001,00000,00000,REP,PRESIDENT OF THE UNITED STATES,"TRUMP, DONALD J.",Woodland,0,
010,00,001,00101,00025,00068,00006,00001,00000,REP,PRESIDENT OF THE UNITED STATES,"TRUMP, DONALD J.",Sitgreaves,0,
010,00,001,00077,00018,00051,00004,00003,00000,REP,PRESIDENT OF THE UNITED STATES,"TRUMP, DONALD J.",Sunrise,0,
010,00,000,00000,00000,00000,00000,00000,00000,REP,PRESIDENT OF THE UNITED STATES,"FIORINA, CARLY",Red Butte,0,
010,00,000,00000,00000,00000,00000,00000,00000,REP,PRESIDENT OF THE UNITED STATES,"FIORINA, CARLY",Painted Desert,0,
010,00,000,00000,00000,00000,00000,00000,00000,REP,PRESIDENT OF THE UNITED STATES,"FIORINA, CARLY",Hubbell,0,
010,00,000,00000,00000,00000,00000,00000,00000,REP,PRESIDENT OF THE UNITED STATES,"FIORINA, CARLY",Black Buttes,0,
010,00,000,00000,00000,00000,00000,00000,00000,REP,PRESIDENT OF THE UNITED STATES,"FIORINA, CARLY",Cedar Valley,0,
010,00,000,00000,00000,00000,00000,00000,00000,REP,PRESIDENT OF THE UNITED STATES,"FIORINA, CARLY",Stone Butte,0,
010,00,000,00000,00000,00000,00000,00000,00000,REP,PRESIDENT OF THE UNITED STATES,"FIORINA, CARLY",Pioneer,0,
010,00,000,00000,00000,00000,00000,00000,00000,REP,PRESIDENT OF THE UNITED STATES,"FIORINA, CARLY",Antelope,0,
010,00,000,00000,00000,00000,00000,00000,00000,REP,PRESIDENT OF THE UNITED STATES,"FIORINA, CARLY",Juniper,0,
010,00,001,00000,00000,00000,00000,00000,00000,REP,PRESIDENT OF THE UNITED STATES,"FIORINA, CARLY",Bison,0,
010,00,001,00000,00000,00000,00000,00000,00000,REP,PRESIDENT OF THE UNITED STATES,"FIORINA, CARLY",Mogollon,0,
010,00,001,00000,00000,00000,00000,00000,00000,REP,PRESIDENT OF THE UNITED STATES,"FIORINA, CARLY",Woodland,0,
010,00,001,00000,00000,00000,00000,00000,00000,REP,PRESIDENT OF THE UNITED STATES,"FIORINA, CARLY",Sitgreaves,0,
010,00,001,00000,00000,00000,00000,00000,00000,REP,PRESIDENT OF THE UNITED STATES,"FIORINA, CARLY",Sunrise,0,
010,01,000,00000,00000,00000,00000,00000,00000,REP,PRESIDENT OF THE UNITED STATES,"PATAKI, GEORGE E.",Red Butte,0,
010,01,000,00000,00000,00000,00000,00000,00000,REP,PRESIDENT OF THE UNITED STATES,"PATAKI, GEORGE E.",Painted Desert,0,
010,01,000,00000,00000,00000,00000,00000,00000,REP,PRESIDENT OF THE UNITED STATES,"PATAKI, GEORGE E.",Hubbell,0,
010,01,000,00000,00000,00000,00000,00000,00000,REP,PRESIDENT OF THE UNITED STATES,"PATAKI, GEORGE E.",Black Buttes,0,
010,01,000,00000,00000,00000,00000,00000,00000,REP,PRESIDENT OF THE UNITED STATES,"PATAKI, GEORGE E.",Cedar Valley,0,
010,01,000,00000,00000,00000,00000,00000,00000,REP,PRESIDENT OF THE UNITED STATES,"PATAKI, GEORGE E.",Stone Butte,0,
010,01,000,00000,00000,00000,00000,00000,00000,REP,PRESIDENT OF THE UNITED STATES,"PATAKI, GEORGE E.",Pioneer,0,
010,01,000,00000,00000,00000,00000,00000,00000,REP,PRESIDENT OF THE UNITED STATES,"PATAKI, GEORGE E.",Antelope,0,
010,01,000,00000,00000,00000,00000,00000,00000,REP,PRESIDENT OF THE UNITED STATES,"PATAKI, GEORGE E.",Juniper,0,
010,01,001,00000,00000,00000,00000,00000,00000,REP,PRESIDENT OF THE UNITED STATES,"PATAKI, GEORGE E.",Bison,0,
010,01,001,00000,00000,00000,00000,00000,00000,REP,PRESIDENT OF THE UNITED STATES,"PATAKI, GEORGE E.",Mogollon,0,
010,01,001,00000,00000,00000,00000,00000,00000,REP,PRESIDENT OF THE UNITED STATES,"PATAKI, GEORGE E.",Woodland,0,
010,01,001,00000,00000,00000,00000,00000,00000,REP,PRESIDENT OF THE UNITED STATES,"PATAKI, GEORGE E.",Sitgreaves,0,
010,01,001,00000,00000,00000,00000,00000,00000,REP,PRESIDENT OF THE UNITED STATES,"PATAKI, GEORGE E.",Sunrise,0,
010,01,000,00011,00007,00002,00000,00000,00000,REP,PRESIDENT OF THE UNITED STATES,"CRUZ, TED",Red Butte,0,
010,01,000,00012,00011,00000,00000,00000,00000,REP,PRESIDENT OF THE UNITED STATES,"CRUZ, TED",Painted Desert,0,
010,01,000,00001,00001,00000,00000,00000,00000,REP,PRESIDENT OF THE UNITED STATES,"CRUZ, TED",Hubbell,0,
010,01,000,00022,00009,00010,00001,00001,00000,REP,PRESIDENT OF THE UNITED STATES,"CRUZ, TED",Black Buttes,0,
010,01,000,00001,00000,00000,00000,00000,00000,REP,PRESIDENT OF THE UNITED STATES,"CRUZ, TED",Cedar Valley,0,
010,01,000,00000,00000,00000,00000,00000,00000,REP,PRESIDENT OF THE UNITED STATES,"CRUZ, TED",Stone Butte,0,
010,01,000,00119,00061,00041,00012,00004,00000,REP,PRESIDENT OF THE UNITED STATES,"CRUZ, TED",Pioneer,0,
010,01,000,00028,00013,00010,00003,00000,00000,REP,PRESIDENT OF THE UNITED STATES,"CRUZ, TED",Antelope,0,
010,01,000,00010,00002,00005,00001,00000,00000,REP,PRESIDENT OF THE UNITED STATES,"CRUZ, TED",Juniper,0,
010,01,001,00014,00008,00004,00001,00000,00000,REP,PRESIDENT OF THE UNITED STATES,"CRUZ, TED",Bison,0,
010,01,001,00034,00009,00017,00005,00001,00000,REP,PRESIDENT OF THE UNITED STATES,"CRUZ, TED",Mogollon,0,
010,01,001,00008,00001,00004,00002,00000,00000,REP,PRESIDENT OF THE UNITED STATES,"CRUZ, TED",Woodland,0,
010,01,001,00086,00027,00046,00010,00002,00000,REP,PRESIDENT OF THE UNITED STATES,"CRUZ, TED",Sitgreaves,0,
010,01,001,00056,00018,00028,00006,00002,00000,REP,PRESIDENT OF THE UNITED STATES,"CRUZ, TED",Sunrise,0,
010,01,000,00000,00000,00000,00000,00000,00000,REP,PRESIDENT OF THE UNITED STATES,"HUCKABEE, MIKE",Red Butte,0,
010,01,000,00000,00000,00000,00000,00000,00000,REP,PRESIDENT OF THE UNITED STATES,"HUCKABEE, MIKE",Painted Desert,0,
010,01,000,00000,00000,00000,00000,00000,00000,REP,PRESIDENT OF THE UNITED STATES,"HUCKABEE, MIKE",Hubbell,0,
010,01,000,00000,00000,00000,00000,00000,00000,REP,PRESIDENT OF THE UNITED STATES,"HUCKABEE, MIKE",Black Buttes,0,
010,01,000,00000,00000,00000,00000,00000,00000,REP,PRESIDENT OF THE UNITED STATES,"HUCKABEE, MIKE",Cedar Valley,0,
010,01,000,00000,00000,00000,00000,00000,00000,REP,PRESIDENT OF THE UNITED STATES,"HUCKABEE, MIKE",Stone Butte,0,
010,01,000,00000,00000,00000,00000,00000,00000,REP,PRESIDENT OF THE UNITED STATES,"HUCKABEE, MIKE",Pioneer,0,
010,01,000,00000,00000,00000,00000,00000,00000,REP,PRESIDENT OF THE UNITED STATES,"HUCKABEE, MIKE",Antelope,0,
010,01,000,00000,00000,00000,00000,00000,00000,REP,PRESIDENT OF THE UNITED STATES,"HUCKABEE, MIKE",Juniper,0,
010,01,001,00000,00000,00000,00000,00000,00000,REP,PRESIDENT OF THE UNITED STATES,"HUCKABEE, MIKE",Bison,0,
010,01,001,00000,00000,00000,00000,00000,00000,REP,PRESIDENT OF THE UNITED STATES,"HUCKABEE, MIKE",Mogollon,0,
010,01,001,00000,00000,00000,00000,00000,00000,REP,PRESIDENT OF THE UNITED STATES,"HUCKABEE, MIKE",Woodland,0,
010,01,001,00000,00000,00000,00000,00000,00000,REP,PRESIDENT OF THE UNITED STATES,"HUCKABEE, MIKE",Sitgreaves,0,
010,01,001,00000,00000,00000,00000,00000,00000,REP,PRESIDENT OF THE UNITED STATES,"HUCKABEE, MIKE",Sunrise,0,
010,01,000,00000,00000,00000,00000,00000,00000,REP,PRESIDENT OF THE UNITED STATES,"CHRISTIE, CHRIS",Red Butte,0,
010,01,000,00000,00000,00000,00000,00000,00000,REP,PRESIDENT OF THE UNITED STATES,"CHRISTIE, CHRIS",Painted Desert,0,
010,01,000,00000,00000,00000,00000,00000,00000,REP,PRESIDENT OF THE UNITED STATES,"CHRISTIE, CHRIS",Hubbell,0,
010,01,000,00000,00000,00000,00000,00000,00000,REP,PRESIDENT OF THE UNITED STATES,"CHRISTIE, CHRIS",Black Buttes,0,
010,01,000,00000,00000,00000,00000,00000,00000,REP,PRESIDENT OF THE UNITED STATES,"CHRISTIE, CHRIS",Cedar Valley,0,
010,01,000,00000,00000,00000,00000,00000,00000,REP,PRESIDENT OF THE UNITED STATES,"CHRISTIE, CHRIS",Stone Butte,0,
010,01,000,00000,00000,00000,00000,00000,00000,REP,PRESIDENT OF THE UNITED STATES,"CHRISTIE, CHRIS",Pioneer,0,
010,01,000,00000,00000,00000,00000,00000,00000,REP,PRESIDENT OF THE UNITED STATES,"CHRISTIE, CHRIS",Antelope,0,
010,01,000,00000,00000,00000,00000,00000,00000,REP,PRESIDENT OF THE UNITED STATES,"CHRISTIE, CHRIS",Juniper,0,
010,01,001,00000,00000,00000,00000,00000,00000,REP,PRESIDENT OF THE UNITED STATES,"CHRISTIE, CHRIS",Bison,0,
010,01,001,00000,00000,00000,00000,00000,00000,REP,PRESIDENT OF THE UNITED STATES,"CHRISTIE, CHRIS",Mogollon,0,
010,01,001,00000,00000,00000,00000,00000,00000,REP,PRESIDENT OF THE UNITED STATES,"CHRISTIE, CHRIS",Woodland,0,
010,01,001,00000,00000,00000,00000,00000,00000,REP,PRESIDENT OF THE UNITED STATES,"CHRISTIE, CHRIS",Sitgreaves,0,
010,01,001,00000,00000,00000,00000,00000,00000,REP,PRESIDENT OF THE UNITED STATES,"CHRISTIE, CHRIS",Sunrise,0,
010,01,000,00000,00000,00000,00000,00000,00000,REP,PRESIDENT OF THE UNITED STATES,"CARSON, BEN",Red Butte,0,
010,01,000,00000,00000,00000,00000,00000,00000,REP,PRESIDENT OF THE UNITED STATES,"CARSON, BEN",Painted Desert,0,
010,01,000,00000,00000,00000,00000,00000,00000,REP,PRESIDENT OF THE UNITED STATES,"CARSON, BEN",Hubbell,0,
010,01,000,00002,00000,00001,00000,00000,00000,REP,PRESIDENT OF THE UNITED STATES,"CARSON, BEN",Black Buttes,0,
010,01,000,00000,00000,00000,00000,00000,00000,REP,PRESIDENT OF THE UNITED STATES,"CARSON, BEN",Cedar Valley,0,
010,01,000,00000,00000,00000,00000,00000,00000,REP,PRESIDENT OF THE UNITED STATES,"CARSON, BEN",Stone Butte,0,
010,01,000,00006,00001,00004,00000,00000,00000,REP,PRESIDENT OF THE UNITED STATES,"CARSON, BEN",Pioneer,0,
010,01,000,00001,00000,00001,00000,00000,00000,REP,PRESIDENT OF THE UNITED STATES,"CARSON, BEN",Antelope,0,
010,01,000,00001,00000,00000,00000,00000,00000,REP,PRESIDENT OF THE UNITED STATES,"CARSON, BEN",Juniper,0,
010,01,001,00001,00000,00000,00000,00000,00000,REP,PRESIDENT OF THE UNITED STATES,"CARSON, BEN",Bison,0,
010,01,001,00001,00000,00001,00000,00000,00000,REP,PRESIDENT OF THE UNITED STATES,"CARSON, BEN",Mogollon,0,
010,01,001,00000,00000,00000,00000,00000,00000,REP,PRESIDENT OF THE UNITED STATES,"CARSON, BEN",Woodland,0,
010,01,001,00007,00000,00006,00000,00000,00000,REP,PRESIDENT OF THE UNITED STATES,"CARSON, BEN",Sitgreaves,0,
010,01,001,00004,00000,00004,00000,00000,00000,REP,PRESIDENT OF THE UNITED STATES,"CARSON, BEN",Sunrise,0,
010,01,000,00000,00000,00000,00000,00000,00000,REP,PRESIDENT OF THE UNITED STATES,OVER VOTES,Red Butte,0,
010,01,000,00000,00000,00000,00000,00000,00000,REP,PRESIDENT OF THE UNITED STATES,OVER VOTES,Painted Desert,0,
010,01,000,00000,00000,00000,00000,00000,00000,REP,PRESIDENT OF THE UNITED STATES,OVER VOTES,Hubbell,0,
010,01,000,00000,00000,00000,00000,00000,00000,REP,PRESIDENT OF THE UNITED STATES,OVER VOTES,Black Buttes,0,
010,01,000,00000,00000,00000,00000,00000,00000,REP,PRESIDENT OF THE UNITED STATES,OVER VOTES,Cedar Valley,0,
010,01,000,00000,00000,00000,00000,00000,00000,REP,PRESIDENT OF THE UNITED STATES,OVER VOTES,Stone Butte,0,
010,01,000,00000,00000,00000,00000,00000,00000,REP,PRESIDENT OF THE UNITED STATES,OVER VOTES,Pioneer,0,
010,01,000,00000,00000,00000,00000,00000,00000,REP,PRESIDENT OF THE UNITED STATES,OVER VOTES,Antelope,0,
010,01,000,00000,00000,00000,00000,00000,00000,REP,PRESIDENT OF THE UNITED STATES,OVER VOTES,Juniper,0,
010,01,001,00000,00000,00000,00000,00000,00000,REP,PRESIDENT OF THE UNITED STATES,OVER VOTES,Bison,0,
010,01,001,00000,00000,00000,00000,00000,00000,REP,PRESIDENT OF THE UNITED STATES,OVER VOTES,Mogollon,0,
010,01,001,00000,00000,00000,00000,00000,00000,REP,PRESIDENT OF THE UNITED STATES,OVER VOTES,Woodland,0,
010,01,001,00000,00000,00000,00000,00000,00000,REP,PRESIDENT OF THE UNITED STATES,OVER VOTES,Sitgreaves,0,
010,01,001,00000,00000,00000,00000,00000,00000,REP,PRESIDENT OF THE UNITED STATES,OVER VOTES,Sunrise,0,
010,01,000,00001,00001,00000,00000,00000,00000,REP,PRESIDENT OF THE UNITED STATES,UNDER VOTES,Red Butte,0,
010,01,000,00000,00000,00000,00000,00000,00000,REP,PRESIDENT OF THE UNITED STATES,UNDER VOTES,Painted Desert,0,
010,01,000,00000,00000,00000,00000,00000,00000,REP,PRESIDENT OF THE UNITED STATES,UNDER VOTES,Hubbell,0,
010,01,000,00000,00000,00000,00000,00000,00000,REP,PRESIDENT OF THE UNITED STATES,UNDER VOTES,Black Buttes,0,
010,01,000,00000,00000,00000,00000,00000,00000,REP,PRESIDENT OF THE UNITED STATES,UNDER VOTES,Cedar Valley,0,
010,01,000,00000,00000,00000,00000,00000,00000,REP,PRESIDENT OF THE UNITED STATES,UNDER VOTES,Stone Butte,0,
010,01,000,00001,00000,00000,00000,00000,00000,REP,PRESIDENT OF THE UNITED STATES,UNDER VOTES,Pioneer,0,
010,01,000,00000,00000,00000,00000,00000,00000,REP,PRESIDENT OF THE UNITED STATES,UNDER VOTES,Antelope,0,
010,01,000,00000,00000,00000,00000,00000,00000,REP,PRESIDENT OF THE UNITED STATES,UNDER VOTES,Juniper,0,
010,01,001,00000,00000,00000,00000,00000,00000,REP,PRESIDENT OF THE UNITED STATES,UNDER VOTES,Bison,0,
010,01,001,00000,00000,00000,00000,00000,00000,REP,PRESIDENT OF THE UNITED STATES,UNDER VOTES,Mogollon,0,
010,01,001,00000,00000,00000,00000,00000,00000,REP,PRESIDENT OF THE UNITED STATES,UNDER VOTES,Woodland,0,
010,01,001,00000,00000,00000,00000,00000,00000,REP,PRESIDENT OF THE UNITED STATES,UNDER VOTES,Sitgreaves,0,
010,01,001,00000,00000,00000,00000,00000,00000,REP,PRESIDENT OF THE UNITED STATES,UNDER VOTES,Sunrise,0,
010,00,000,00001,00000,00000,00000,00000,00000,DEM,PRESIDENT OF THE UNITED STATES,"DE LA FUENTE, ROQUE ""ROCKY""",Red Butte,0,
010,00,000,00000,00000,00000,00000,00000,00000,DEM,PRESIDENT OF THE UNITED STATES,"DE LA FUENTE, ROQUE ""ROCKY""",Painted Desert,0,
010,00,000,00000,00000,00000,00000,00000,00000,DEM,PRESIDENT OF THE UNITED STATES,"DE LA FUENTE, ROQUE ""ROCKY""",Hubbell,0,
010,00,000,00002,00000,00001,00000,00000,00000,DEM,PRESIDENT OF THE UNITED STATES,"DE LA FUENTE, ROQUE ""ROCKY""",Black Buttes,0,
010,00,000,00000,00000,00000,00000,00000,00000,DEM,PRESIDENT OF THE UNITED STATES,"DE LA FUENTE, ROQUE ""ROCKY""",Cedar Valley,0,
010,00,000,00000,00000,00000,00000,00000,00000,DEM,PRESIDENT OF THE UNITED STATES,"DE LA FUENTE, ROQUE ""ROCKY""",Stone Butte,0,
010,00,000,00000,00000,00000,00000,00000,00000,DEM,PRESIDENT OF THE UNITED STATES,"DE LA FUENTE, ROQUE ""ROCKY""",Pioneer,0,
010,00,000,00001,00000,00000,00000,00000,00000,DEM,PRESIDENT OF THE UNITED STATES,"DE LA FUENTE, ROQUE ""ROCKY""",Antelope,0,
010,00,000,00000,00000,00000,00000,00000,00000,DEM,PRESIDENT OF THE UNITED STATES,"DE LA FUENTE, ROQUE ""ROCKY""",Juniper,0,
010,00,001,00000,00000,00000,00000,00000,00000,DEM,PRESIDENT OF THE UNITED STATES,"DE LA FUENTE, ROQUE ""ROCKY""",Bison,0,
010,00,001,00000,00000,00000,00000,00000,00000,DEM,PRESIDENT OF THE UNITED STATES,"DE LA FUENTE, ROQUE ""ROCKY""",Mogollon,0,
010,00,001,00000,00000,00000,00000,00000,00000,DEM,PRESIDENT OF THE UNITED STATES,"DE LA FUENTE, ROQUE ""ROCKY""",Woodland,0,
010,00,001,00000,00000,00000,00000,00000,00000,DEM,PRESIDENT OF THE UNITED STATES,"DE LA FUENTE, ROQUE ""ROCKY""",Sitgreaves,0,
010,00,001,00001,00000,00001,00000,00000,00000,DEM,PRESIDENT OF THE UNITED STATES,"DE LA FUENTE, ROQUE ""ROCKY""",Sunrise,0,
010,00,000,00002,00001,00001,00000,00000,00000,DEM,PRESIDENT OF THE UNITED STATES,"STEINBERG, MICHAEL",Red Butte,0,
010,00,000,00000,00000,00000,00000,00000,00000,DEM,PRESIDENT OF THE UNITED STATES,"STEINBERG, MICHAEL",Painted Desert,0,
010,00,000,00000,00000,00000,00000,00000,00000,DEM,PRESIDENT OF THE UNITED STATES,"STEINBERG, MICHAEL",Hubbell,0,
010,00,000,00001,00000,00001,00000,00000,00000,DEM,PRESIDENT OF THE UNITED STATES,"STEINBERG, MICHAEL",Black Buttes,0,
010,00,000,00000,00000,00000,00000,00000,00000,DEM,PRESIDENT OF THE UNITED STATES,"STEINBERG, MICHAEL",Cedar Valley,0,
010,00,000,00000,00000,00000,00000,00000,00000,DEM,PRESIDENT OF THE UNITED STATES,"STEINBERG, MICHAEL",Stone Butte,0,
010,00,000,00001,00000,00000,00000,00000,00000,DEM,PRESIDENT OF THE UNITED STATES,"STEINBERG, MICHAEL",Pioneer,0,
010,00,000,00000,00000,00000,00000,00000,00000,DEM,PRESIDENT OF THE UNITED STATES,"STEINBERG, MICHAEL",Antelope,0,
010,00,000,00000,00000,00000,00000,00000,00000,DEM,PRESIDENT OF THE UNITED STATES,"STEINBERG, MICHAEL",Juniper,0,
010,00,001,00000,00000,00000,00000,00000,00000,DEM,PRESIDENT OF THE UNITED STATES,"STEINBERG, MICHAEL",Bison,0,
010,00,001,00000,00000,00000,00000,00000,00000,DEM,PRESIDENT OF THE UNITED STATES,"STEINBERG, MICHAEL",Mogollon,0,
010,00,001,00000,00000,00000,00000,00000,00000,DEM,PRESIDENT OF THE UNITED STATES,"STEINBERG, MICHAEL",Woodland,0,
010,00,001,00001,00000,00000,00000,00000,00000,DEM,PRESIDENT OF THE UNITED STATES,"STEINBERG, MICHAEL",Sitgreaves,0,
010,00,001,00001,00000,00000,00000,00000,00000,DEM,PRESIDENT OF THE UNITED STATES,"STEINBERG, MICHAEL",Sunrise,0,
010,00,000,00063,00043,00014,00002,00004,00000,DEM,PRESIDENT OF THE UNITED STATES,"SANDERS, BERNIE",Red Butte,0,
010,00,000,00009,00005,00001,00000,00001,00000,DEM,PRESIDENT OF THE UNITED STATES,"SANDERS, BERNIE",Painted Desert,0,
010,00,000,00001,00000,00000,00000,00000,00000,DEM,PRESIDENT OF THE UNITED STATES,"SANDERS, BERNIE",Hubbell,0,
010,00,000,00052,00023,00022,00001,00003,00000,DEM,PRESIDENT OF THE UNITED STATES,"SANDERS, BERNIE",Black Buttes,0,
010,00,000,00012,00008,00002,00000,00001,00000,DEM,PRESIDENT OF THE UNITED STATES,"SANDERS, BERNIE",Cedar Valley,0,
010,00,000,00004,00003,00000,00000,00000,00000,DEM,PRESIDENT OF THE UNITED STATES,"SANDERS, BERNIE",Stone Butte,0,
010,00,000,00017,00005,00011,00000,00000,00000,DEM,PRESIDENT OF THE UNITED STATES,"SANDERS, BERNIE",Pioneer,0,
010,00,000,00024,00007,00013,00002,00001,00000,DEM,PRESIDENT OF THE UNITED STATES,"SANDERS, BERNIE",Antelope,0,
010,00,000,00005,00001,00003,00000,00000,00000,DEM,PRESIDENT OF THE UNITED STATES,"SANDERS, BERNIE",Juniper,0,
010,00,001,00003,00001,00001,00000,00000,00000,DEM,PRESIDENT OF THE UNITED STATES,"SANDERS, BERNIE",Bison,0,
010,00,001,00009,00002,00005,00000,00000,00000,DEM,PRESIDENT OF THE UNITED STATES,"SANDERS, BERNIE",Mogollon,0,
010,00,001,00004,00000,00003,00000,00000,00000,DEM,PRESIDENT OF THE UNITED STATES,"SANDERS, BERNIE",Woodland,0,
010,00,001,00029,00004,00022,00002,00000,00000,DEM,PRESIDENT OF THE UNITED STATES,"SANDERS, BERNIE",Sitgreaves,0,
010,00,001,00057,00026,00024,00002,00003,00000,DEM,PRESIDENT OF THE UNITED STATES,"SANDERS, BERNIE",Sunrise,0,
010,00,000,00003,00001,00001,00000,00000,00000,DEM,PRESIDENT OF THE UNITED STATES,"O'MALLEY, MARTIN J.",Red Butte,0,
010,00,000,00000,00000,00000,00000,00000,00000,DEM,PRESIDENT OF THE UNITED STATES,"O'MALLEY, MARTIN J.",Painted Desert,0,
010,00,000,00000,00000,00000,00000,00000,00000,DEM,PRESIDENT OF THE UNITED STATES,"O'MALLEY, MARTIN J.",Hubbell,0,
010,00,000,00001,00000,00000,00000,00000,00000,DEM,PRESIDENT OF THE UNITED STATES,"O'MALLEY, MARTIN J.",Black Buttes,0,
010,00,000,00000,00000,00000,00000,00000,00000,DEM,PRESIDENT OF THE UNITED STATES,"O'MALLEY, MARTIN J.",Cedar Valley,0,
010,00,000,00000,00000,00000,00000,00000,00000,DEM,PRESIDENT OF THE UNITED STATES,"O'MALLEY, MARTIN J.",Stone Butte,0,
010,00,000,00000,00000,00000,00000,00000,00000,DEM,PRESIDENT OF THE UNITED STATES,"O'MALLEY, MARTIN J.",Pioneer,0,
010,00,000,00001,00000,00001,00000,00000,00000,DEM,PRESIDENT OF THE UNITED STATES,"O'MALLEY, MARTIN J.",Antelope,0,
010,00,000,00000,00000,00000,00000,00000,00000,DEM,PRESIDENT OF THE UNITED STATES,"O'MALLEY, MARTIN J.",Juniper,0,
010,00,001,00000,00000,00000,00000,00000,00000,DEM,PRESIDENT OF THE UNITED STATES,"O'MALLEY, MARTIN J.",Bison,0,
010,00,001,00000,00000,00000,00000,00000,00000,DEM,PRESIDENT OF THE UNITED STATES,"O'MALLEY, MARTIN J.",Mogollon,0,
010,00,001,00000,00000,00000,00000,00000,00000,DEM,PRESIDENT OF THE UNITED STATES,"O'MALLEY, MARTIN J.",Woodland,0,
010,00,001,00001,00000,00001,00000,00000,00000,DEM,PRESIDENT OF THE UNITED STATES,"O'MALLEY, MARTIN J.",Sitgreaves,0,
010,00,001,00001,00000,00001,00000,00000,00000,DEM,PRESIDENT OF THE UNITED STATES,"O'MALLEY, MARTIN J.",Sunrise,0,
010,00,000,00142,00094,00035,00004,00008,00000,DEM,PRESIDENT OF THE UNITED STATES,"CLINTON, HILLARY",Red Butte,0,
010,00,000,00025,00018,00004,00000,00001,00000,DEM,PRESIDENT OF THE UNITED STATES,"CLINTON, HILLARY",Painted Desert,0,
010,00,000,00001,00000,00001,00000,00000,00000,DEM,PRESIDENT OF THE UNITED STATES,"CLINTON, HILLARY",Hubbell,0,
010,00,000,00087,00030,00049,00002,00005,00000,DEM,PRESIDENT OF THE UNITED STATES,"CLINTON, HILLARY",Black Buttes,0,
010,00,000,00034,00021,00008,00000,00004,00000,DEM,PRESIDENT OF THE UNITED STATES,"CLINTON, HILLARY",Cedar Valley,0,
010,00,000,00011,00008,00001,00000,00000,00000,DEM,PRESIDENT OF THE UNITED STATES,"CLINTON, HILLARY",Stone Butte,0,
010,00,000,00012,00002,00009,00000,00000,00000,DEM,PRESIDENT OF THE UNITED STATES,"CLINTON, HILLARY",Pioneer,0,
010,00,000,00019,00004,00013,00001,00000,00000,DEM,PRESIDENT OF THE UNITED STATES,"CLINTON, HILLARY",Antelope,0,
010,00,000,00006,00001,00005,00000,00000,00000,DEM,PRESIDENT OF THE UNITED STATES,"CLINTON, HILLARY",Juniper,0,
010,00,001,00002,00000,00002,00000,00000,00000,DEM,PRESIDENT OF THE UNITED STATES,"CLINTON, HILLARY",Bison,0,
010,00,001,00013,00001,00010,00001,00000,00000,DEM,PRESIDENT OF THE UNITED STATES,"CLINTON, HILLARY",Mogollon,0,
010,00,001,00005,00000,00004,00000,00000,00000,DEM,PRESIDENT OF THE UNITED STATES,"CLINTON, HILLARY",Woodland,0,
010,00,001,00032,00004,00025,00002,00000,00000,DEM,PRESIDENT OF THE UNITED STATES,"CLINTON, HILLARY",Sitgreaves,0,
010,00,001,00093,00042,00041,00004,00005,00000,DEM,PRESIDENT OF THE UNITED STATES,"CLINTON, HILLARY",Sunrise,0,
010,00,000,00002,00000,00001,00000,00000,00000,DEM,PRESIDENT OF THE UNITED STATES,"HEWES, HENRY",Red Butte,0,
010,00,000,00000,00000,00000,00000,00000,00000,DEM,PRESIDENT OF THE UNITED STATES,"HEWES, HENRY",Painted Desert,0,
010,00,000,00000,00000,00000,00000,00000,00000,DEM,PRESIDENT OF THE UNITED STATES,"HEWES, HENRY",Hubbell,0,
010,00,000,00000,00000,00000,00000,00000,00000,DEM,PRESIDENT OF THE UNITED STATES,"HEWES, HENRY",Black Buttes,0,
010,00,000,00000,00000,00000,00000,00000,00000,DEM,PRESIDENT OF THE UNITED STATES,"HEWES, HENRY",Cedar Valley,0,
010,00,000,00000,00000,00000,00000,00000,00000,DEM,PRESIDENT OF THE UNITED STATES,"HEWES, HENRY",Stone Butte,0,
010,00,000,00000,00000,00000,00000,00000,00000,DEM,PRESIDENT OF THE UNITED STATES,"HEWES, HENRY",Pioneer,0,
010,00,000,00000,00000,00000,00000,00000,00000,DEM,PRESIDENT OF THE UNITED STATES,"HEWES, HENRY",Antelope,0,
010,00,000,00000,00000,00000,00000,00000,00000,DEM,PRESIDENT OF THE UNITED STATES,"HEWES, HENRY",Juniper,0,
010,00,001,00000,00000,00000,00000,00000,00000,DEM,PRESIDENT OF THE UNITED STATES,"HEWES, HENRY",Bison,0,
010,00,001,00000,00000,00000,00000,00000,00000,DEM,PRESIDENT OF THE UNITED STATES,"HEWES, HENRY",Mogollon,0,
010,00,001,00000,00000,00000,00000,00000,00000,DEM,PRESIDENT OF THE UNITED STATES,"HEWES, HENRY",Woodland,0,
010,00,001,00000,00000,00000,00000,00000,00000,DEM,PRESIDENT OF THE UNITED STATES,"HEWES, HENRY",Sitgreaves,0,
010,00,001,00000,00000,00000,00000,00000,00000,DEM,PRESIDENT OF THE UNITED STATES,"HEWES, HENRY",Sunrise,0,
010,00,000,00000,00000,00000,00000,00000,00000,DEM,PRESIDENT OF THE UNITED STATES,OVER VOTES,Red Butte,0,
010,00,000,00000,00000,00000,00000,00000,00000,DEM,PRESIDENT OF THE UNITED STATES,OVER VOTES,Painted Desert,0,
010,00,000,00000,00000,00000,00000,00000,00000,DEM,PRESIDENT OF THE UNITED STATES,OVER VOTES,Hubbell,0,
010,00,000,00000,00000,00000,00000,00000,00000,DEM,PRESIDENT OF THE UNITED STATES,OVER VOTES,Black Buttes,0,
010,00,000,00000,00000,00000,00000,00000,00000,DEM,PRESIDENT OF THE UNITED STATES,OVER VOTES,Cedar Valley,0,
010,00,000,00000,00000,00000,00000,00000,00000,DEM,PRESIDENT OF THE UNITED STATES,OVER VOTES,Stone Butte,0,
010,00,000,00000,00000,00000,00000,00000,00000,DEM,PRESIDENT OF THE UNITED STATES,OVER VOTES,Pioneer,0,
010,00,000,00000,00000,00000,00000,00000,00000,DEM,PRESIDENT OF THE UNITED STATES,OVER VOTES,Antelope,0,
010,00,000,00000,00000,00000,00000,00000,00000,DEM,PRESIDENT OF THE UNITED STATES,OVER VOTES,Juniper,0,
010,00,001,00000,00000,00000,00000,00000,00000,DEM,PRESIDENT OF THE UNITED STATES,OVER VOTES,Bison,0,
010,00,001,00000,00000,00000,00000,00000,00000,DEM,PRESIDENT OF THE UNITED STATES,OVER VOTES,Mogollon,0,
010,00,001,00000,00000,00000,00000,00000,00000,DEM,PRESIDENT OF THE UNITED STATES,OVER VOTES,Woodland,0,
010,00,001,00000,00000,00000,00000,00000,00000,DEM,PRESIDENT OF THE UNITED STATES,OVER VOTES,Sitgreaves,0,
010,00,001,00000,00000,00000,00000,00000,00000,DEM,PRESIDENT OF THE UNITED STATES,OVER VOTES,Sunrise,0,
010,00,000,00000,00000,00000,00000,00000,00000,DEM,PRESIDENT OF THE UNITED STATES,UNDER VOTES,Red Butte,0,
010,00,000,00000,00000,00000,00000,00000,00000,DEM,PRESIDENT OF THE UNITED STATES,UNDER VOTES,Painted Desert,0,
010,00,000,00000,00000,00000,00000,00000,00000,DEM,PRESIDENT OF THE UNITED STATES,UNDER VOTES,Hubbell,0,
010,00,000,00000,00000,00000,00000,00000,00000,DEM,PRESIDENT OF THE UNITED STATES,UNDER VOTES,Black Buttes,0,
010,00,000,00000,00000,00000,00000,00000,00000,DEM,PRESIDENT OF THE UNITED STATES,UNDER VOTES,Cedar Valley,0,
010,00,000,00000,00000,00000,00000,00000,00000,DEM,PRESIDENT OF THE UNITED STATES,UNDER VOTES,Stone Butte,0,
010,00,000,00000,00000,00000,00000,00000,00000,DEM,PRESIDENT OF THE UNITED STATES,UNDER VOTES,Pioneer,0,
010,00,000,00000,00000,00000,00000,00000,00000,DEM,PRESIDENT OF THE UNITED STATES,UNDER VOTES,Antelope,0,
010,00,000,00000,00000,00000,00000,00000,00000,DEM,PRESIDENT OF THE UNITED STATES,UNDER VOTES,Juniper,0,
010,00,001,00000,00000,00000,00000,00000,00000,DEM,PRESIDENT OF THE UNITED STATES,UNDER VOTES,Bison,0,
010,00,001,00000,00000,00000,00000,00000,00000,DEM,PRESIDENT OF THE UNITED STATES,UNDER VOTES,Mogollon,0,
010,00,001,00000,00000,00000,00000,00000,00000,DEM,PRESIDENT OF THE UNITED STATES,UNDER VOTES,Woodland,0,
010,00,001,00000,00000,00000,00000,00000,00000,DEM,PRESIDENT OF THE UNITED STATES,UNDER VOTES,Sitgreaves,0,
010,00,001,00000,00000,00000,00000,00000,00000,DEM,PRESIDENT OF THE UNITED STATES,UNDER VOTES,Sunrise,0,
010,00,000,00000,00000,00000,00000,00000,00000,GRN,PRESIDENT OF THE UNITED STATES,"MESPLAY, KENT",Red Butte,0,
010,00,000,00000,00000,00000,00000,00000,00000,GRN,PRESIDENT OF THE UNITED STATES,"MESPLAY, KENT",Painted Desert,0,
010,00,000,00000,00000,00000,00000,00000,00000,GRN,PRESIDENT OF THE UNITED STATES,"MESPLAY, KENT",Hubbell,0,
010,00,000,00000,00000,00000,00000,00000,00000,GRN,PRESIDENT OF THE UNITED STATES,"MESPLAY, KENT",Black Buttes,0,
010,00,000,00000,00000,00000,00000,00000,00000,GRN,PRESIDENT OF THE UNITED STATES,"MESPLAY, KENT",Cedar Valley,0,
010,00,000,00000,00000,00000,00000,00000,00000,GRN,PRESIDENT OF THE UNITED STATES,"MESPLAY, KENT",Stone Butte,0,
010,00,000,00000,00000,00000,00000,00000,00000,GRN,PRESIDENT OF THE UNITED STATES,"MESPLAY, KENT",Pioneer,0,
010,00,000,00000,00000,00000,00000,00000,00000,GRN,PRESIDENT OF THE UNITED STATES,"MESPLAY, KENT",Antelope,0,
010,00,000,00000,00000,00000,00000,00000,00000,GRN,PRESIDENT OF THE UNITED STATES,"MESPLAY, KENT",Juniper,0,
010,00,001,00000,00000,00000,00000,00000,00000,GRN,PRESIDENT OF THE UNITED STATES,"MESPLAY, KENT",Bison,0,
010,00,001,00000,00000,00000,00000,00000,00000,GRN,PRESIDENT OF THE UNITED STATES,"MESPLAY, KENT",Mogollon,0,
010,00,001,00000,00000,00000,00000,00000,00000,GRN,PRESIDENT OF THE UNITED STATES,"MESPLAY, KENT",Woodland,0,
010,00,001,00000,00000,00000,00000,00000,00000,GRN,PRESIDENT OF THE UNITED STATES,"MESPLAY, KENT",Sitgreaves,0,
010,00,001,00000,00000,00000,00000,00000,00000,GRN,PRESIDENT OF THE UNITED STATES,"MESPLAY, KENT",Sunrise,0,
010,00,000,00000,00000,00000,00000,00000,00000,GRN,PRESIDENT OF THE UNITED STATES,"STEIN, JILL",Red Butte,0,
010,00,000,00000,00000,00000,00000,00000,00000,GRN,PRESIDENT OF THE UNITED STATES,"STEIN, JILL",Painted Desert,0,
010,00,000,00000,00000,00000,00000,00000,00000,GRN,PRESIDENT OF THE UNITED STATES,"STEIN, JILL",Hubbell,0,
010,00,000,00000,00000,00000,00000,00000,00000,GRN,PRESIDENT OF THE UNITED STATES,"STEIN, JILL",Black Buttes,0,
010,00,000,00000,00000,00000,00000,00000,00000,GRN,PRESIDENT OF THE UNITED STATES,"STEIN, JILL",Cedar Valley,0,
010,00,000,00000,00000,00000,00000,00000,00000,GRN,PRESIDENT OF THE UNITED STATES,"STEIN, JILL",Stone Butte,0,
010,00,000,00000,00000,00000,00000,00000,00000,GRN,PRESIDENT OF THE UNITED STATES,"STEIN, JILL",Pioneer,0,
010,00,000,00000,00000,00000,00000,00000,00000,GRN,PRESIDENT OF THE UNITED STATES,"STEIN, JILL",Antelope,0,
010,00,000,00000,00000,00000,00000,00000,00000,GRN,PRESIDENT OF THE UNITED STATES,"STEIN, JILL",Juniper,0,
010,00,001,00000,00000,00000,00000,00000,00000,GRN,PRESIDENT OF THE UNITED STATES,"STEIN, JILL",Bison,0,
010,00,001,00000,00000,00000,00000,00000,00000,GRN,PRESIDENT OF THE UNITED STATES,"STEIN, JILL",Mogollon,0,
010,00,001,00000,00000,00000,00000,00000,00000,GRN,PRESIDENT OF THE UNITED STATES,"STEIN, JILL",Woodland,0,
010,00,001,00000,00000,00000,00000,00000,00000,GRN,PRESIDENT OF THE UNITED STATES,"STEIN, JILL",Sitgreaves,0,
010,00,001,00000,00000,00000,00000,00000,00000,GRN,PRESIDENT OF THE UNITED STATES,"STEIN, JILL",Sunrise,0,
010,00,000,00000,00000,00000,00000,00000,00000,GRN,PRESIDENT OF THE UNITED STATES,OVER VOTES,Red Butte,0,
010,00,000,00000,00000,00000,00000,00000,00000,GRN,PRESIDENT OF THE UNITED STATES,OVER VOTES,Painted Desert,0,
010,00,000,00000,00000,00000,00000,00000,00000,GRN,PRESIDENT OF THE UNITED STATES,OVER VOTES,Hubbell,0,
010,00,000,00000,00000,00000,00000,00000,00000,GRN,PRESIDENT OF THE UNITED STATES,OVER VOTES,Black Buttes,0,
010,00,000,00000,00000,00000,00000,00000,00000,GRN,PRESIDENT OF THE UNITED STATES,OVER VOTES,Cedar Valley,0,
010,00,000,00000,00000,00000,00000,00000,00000,GRN,PRESIDENT OF THE UNITED STATES,OVER VOTES,Stone Butte,0,
010,00,000,00000,00000,00000,00000,00000,00000,GRN,PRESIDENT OF THE UNITED STATES,OVER VOTES,Pioneer,0,
010,00,000,00000,00000,00000,00000,00000,00000,GRN,PRESIDENT OF THE UNITED STATES,OVER VOTES,Antelope,0,
010,00,000,00000,00000,00000,00000,00000,00000,GRN,PRESIDENT OF THE UNITED STATES,OVER VOTES,Juniper,0,
010,00,001,00000,00000,00000,00000,00000,00000,GRN,PRESIDENT OF THE UNITED STATES,OVER VOTES,Bison,0,
010,00,001,00000,00000,00000,00000,00000,00000,GRN,PRESIDENT OF THE UNITED STATES,OVER VOTES,Mogollon,0,
010,00,001,00000,00000,00000,00000,00000,00000,GRN,PRESIDENT OF THE UNITED STATES,OVER VOTES,Woodland,0,
010,00,001,00000,00000,00000,00000,00000,00000,GRN,PRESIDENT OF THE UNITED STATES,OVER VOTES,Sitgreaves,0,
010,00,001,00000,00000,00000,00000,00000,00000,GRN,PRESIDENT OF THE UNITED STATES,OVER VOTES,Sunrise,0,
010,00,000,00000,00000,00000,00000,00000,00000,GRN,PRESIDENT OF THE UNITED STATES,UNDER VOTES,Red Butte,0,
010,00,000,00000,00000,00000,00000,00000,00000,GRN,PRESIDENT OF THE UNITED STATES,UNDER VOTES,Painted Desert,0,
010,00,000,00000,00000,00000,00000,00000,00000,GRN,PRESIDENT OF THE UNITED STATES,UNDER VOTES,Hubbell,0,
010,00,000,00000,00000,00000,00000,00000,00000,GRN,PRESIDENT OF THE UNITED STATES,UNDER VOTES,Black Buttes,0,
010,00,000,00000,00000,00000,00000,00000,00000,GRN,PRESIDENT OF THE UNITED STATES,UNDER VOTES,Cedar Valley,0,
010,00,000,00000,00000,00000,00000,00000,00000,GRN,PRESIDENT OF THE UNITED STATES,UNDER VOTES,Stone Butte,0,
010,00,000,00000,00000,00000,00000,00000,00000,GRN,PRESIDENT OF THE UNITED STATES,UNDER VOTES,Pioneer,0,
010,00,000,00000,00000,00000,00000,00000,00000,GRN,PRESIDENT OF THE UNITED STATES,UNDER VOTES,Antelope,0,
010,00,000,00000,00000,00000,00000,00000,00000,GRN,PRESIDENT OF THE UNITED STATES,UNDER VOTES,Juniper,0,
010,00,001,00000,00000,00000,00000,00000,00000,GRN,PRESIDENT OF THE UNITED STATES,UNDER VOTES,Bison,0,
010,00,001,00000,00000,00000,00000,00000,00000,GRN,PRESIDENT OF THE UNITED STATES,UNDER VOTES,Mogollon,0,
010,00,001,00000,00000,00000,00000,00000,00000,GRN,PRESIDENT OF THE UNITED STATES,UNDER VOTES,Woodland,0,
010,00,001,00000,00000,00000,00000,00000,00000,GRN,PRESIDENT OF THE UNITED STATES,UNDER VOTES,Sitgreaves,0,
010,00,001,00000,00000,00000,00000,00000,00000,GRN,PRESIDENT OF THE UNITED STATES,UNDER VOTES,Sunrise,0,
,,,,,,,,,,,,,,
