contest,choice,precinct_id,vote_total,polling_place_votes,early_votes,provisional_votes,party_name,contest_name,choice_name,precinct_designation,precinct_name,subjurisdiction,votes_allowed,referendum_flag
0,0,0,130,0,0,0,,Registered Voters,REGISTERED VOTERS,201-Wikieup CG:4,0,,,
0,0,0,135,0,0,0,,Registered Voters,REGISTERED VOTERS,202-White Hills CG:4,0,,,
0,0,0,311,0,0,0,,Registered Voters,REGISTERED VOTERS,203-Yucca CG:4,0,,,
0,0,0,308,0,0,0,,Registered Voters,REGISTERED VOTERS,204-Chloride CG:4,0,,,
0,0,0,1439,0,0,0,,Registered Voters,REGISTERED VOTERS,205-North Canyon CG:4,0,,,
0,0,0,95,0,0,0,,Registered Voters,REGISTERED VOTERS,206-Oatman CG:4,0,,,
0,0,0,1041,0,0,0,,Registered Voters,REGISTERED VOTERS,207-Desert Hills CG:4,0,,,
0,0,0,489,0,0,0,,Registered Voters,REGISTERED VOTERS,208-Meadview CG:4,0,,,
0,0,0,576,0,0,0,,Registered Voters,REGISTERED VOTERS,209-Dolan Springs CG:4,0,,,
0,0,1,3090,0,0,0,,Registered Voters,REGISTERED VOTERS,210-Golden Valley CG:4,0,,,
0,0,1,11519,0,0,0,,Registered Voters,REGISTERED VOTERS,211-Bullhead City CG:4,0,,,
0,0,1,6614,0,0,0,,Registered Voters,REGISTERED VOTERS,212-Mohave Valley CG:4,0,,,
0,0,1,967,0,0,0,,Registered Voters,REGISTERED VOTERS,213-Hackberry CG:4,0,,,
0,0,1,93,0,0,0,,Registered Voters,REGISTERED VOTERS,214-Truxton CG:4,0,,,
0,0,1,2795,0,0,0,,Registered Voters,REGISTERED VOTERS,215-Kingman Central CG:4,0,,,
0,0,1,3615,0,0,0,,Registered Voters,REGISTERED VOTERS,216-Kingman North CG:4,0,,,
0,0,1,4564,0,0,0,,Registered Voters,REGISTERED VOTERS,217-Kingman South CG:4,0,,,
0,0,1,5029,0,0,0,,Registered Voters,REGISTERED VOTERS,218-Kingman East CG:4,0,,,
0,0,1,5697,0,0,0,,Registered Voters,REGISTERED VOTERS,219-Lake Havasu N. CG:4,0,,,
0,0,2,15153,0,0,0,,Registered Voters,REGISTERED VOTERS,220-Lake Havasu S. CG:4,0,,,
0,0,2,696,0,0,0,,Registered Voters,REGISTERED VOTERS,221-Littlefield CG:4,0,,,
0,0,2,750,0,0,0,,Registered Voters,REGISTERED VOTERS,222-Golden Shores CG:4,0,,,
0,0,2,86,0,0,0,,Registered Voters,REGISTERED VOTERS,223-Moccasin CG:1,0,,,
0,0,2,305,0,0,0,,Registered Voters,REGISTERED VOTERS,224-Peach Springs CG:1,0,,,
0,0,0,114,0,0,0,REP,REGISTERED VOTERS - Republican Party,REGISTERED VOTERS - Republican Party,201-Wikieup CG:4,0,,,
0,0,0,93,0,0,0,REP,REGISTERED VOTERS - Republican Party,REGISTERED VOTERS - Republican Party,202-White Hills CG:4,0,,,
0,0,0,223,0,0,0,REP,REGISTERED VOTERS - Republican Party,REGISTERED VOTERS - Republican Party,203-Yucca CG:4,0,,,
0,0,0,231,0,0,0,REP,REGISTERED VOTERS - Republican Party,REGISTERED VOTERS - Republican Party,204-Chloride CG:4,0,,,
0,0,0,1385,0,0,0,REP,REGISTERED VOTERS - Republican Party,REGISTERED VOTERS - Republican Party,205-North Canyon CG:4,0,,,
0,0,0,69,0,0,0,REP,REGISTERED VOTERS - Republican Party,REGISTERED VOTERS - Republican Party,206-Oatman CG:4,0,,,
0,0,0,776,0,0,0,REP,REGISTERED VOTERS - Republican Party,REGISTERED VOTERS - Republican Party,207-Desert Hills CG:4,0,,,
0,0,0,316,0,0,0,REP,REGISTERED VOTERS - Republican Party,REGISTERED VOTERS - Republican Party,208-Meadview CG:4,0,,,
0,0,0,294,0,0,0,REP,REGISTERED VOTERS - Republican Party,REGISTERED VOTERS - Republican Party,209-Dolan Springs CG:4,0,,,
0,0,1,2135,0,0,0,REP,REGISTERED VOTERS - Republican Party,REGISTERED VOTERS - Republican Party,210-Golden Valley CG:4,0,,,
0,0,1,7112,0,0,0,REP,REGISTERED VOTERS - Republican Party,REGISTERED VOTERS - Republican Party,211-Bullhead City CG:4,0,,,
0,0,1,4262,0,0,0,REP,REGISTERED VOTERS - Republican Party,REGISTERED VOTERS - Republican Party,212-Mohave Valley CG:4,0,,,
0,0,1,749,0,0,0,REP,REGISTERED VOTERS - Republican Party,REGISTERED VOTERS - Republican Party,213-Hackberry CG:4,0,,,
0,0,1,76,0,0,0,REP,REGISTERED VOTERS - Republican Party,REGISTERED VOTERS - Republican Party,214-Truxton CG:4,0,,,
0,0,1,1859,0,0,0,REP,REGISTERED VOTERS - Republican Party,REGISTERED VOTERS - Republican Party,215-Kingman Central CG:4,0,,,
0,0,1,2333,0,0,0,REP,REGISTERED VOTERS - Republican Party,REGISTERED VOTERS - Republican Party,216-Kingman North CG:4,0,,,
0,0,1,3318,0,0,0,REP,REGISTERED VOTERS - Republican Party,REGISTERED VOTERS - Republican Party,217-Kingman South CG:4,0,,,
0,0,1,3515,0,0,0,REP,REGISTERED VOTERS - Republican Party,REGISTERED VOTERS - Republican Party,218-Kingman East CG:4,0,,,
0,0,1,4240,0,0,0,REP,REGISTERED VOTERS - Republican Party,REGISTERED VOTERS - Republican Party,219-Lake Havasu N. CG:4,0,,,
0,0,2,11144,0,0,0,REP,REGISTERED VOTERS - Republican Party,REGISTERED VOTERS - Republican Party,220-Lake Havasu S. CG:4,0,,,
0,0,2,433,0,0,0,REP,REGISTERED VOTERS - Republican Party,REGISTERED VOTERS - Republican Party,221-Littlefield CG:4,0,,,
0,0,2,465,0,0,0,REP,REGISTERED VOTERS - Republican Party,REGISTERED VOTERS - Republican Party,222-Golden Shores CG:4,0,,,
0,0,2,62,0,0,0,REP,REGISTERED VOTERS - Republican Party,REGISTERED VOTERS - Republican Party,223-Moccasin CG:1,0,,,
0,0,2,59,0,0,0,REP,REGISTERED VOTERS - Republican Party,REGISTERED VOTERS - Republican Party,224-Peach Springs CG:1,0,,,
0,0,0,16,0,0,0,DEM,REGISTERED VOTERS - Democratic Party,REGISTERED VOTERS - Democratic Party,201-Wikieup CG:4,0,,,
0,0,0,42,0,0,0,DEM,REGISTERED VOTERS - Democratic Party,REGISTERED VOTERS - Democratic Party,202-White Hills CG:4,0,,,
0,0,0,88,0,0,0,DEM,REGISTERED VOTERS - Democratic Party,REGISTERED VOTERS - Democratic Party,203-Yucca CG:4,0,,,
0,0,0,76,0,0,0,DEM,REGISTERED VOTERS - Democratic Party,REGISTERED VOTERS - Democratic Party,204-Chloride CG:4,0,,,
0,0,0,54,0,0,0,DEM,REGISTERED VOTERS - Democratic Party,REGISTERED VOTERS - Democratic Party,205-North Canyon CG:4,0,,,
0,0,0,26,0,0,0,DEM,REGISTERED VOTERS - Democratic Party,REGISTERED VOTERS - Democratic Party,206-Oatman CG:4,0,,,
0,0,0,264,0,0,0,DEM,REGISTERED VOTERS - Democratic Party,REGISTERED VOTERS - Democratic Party,207-Desert Hills CG:4,0,,,
0,0,0,172,0,0,0,DEM,REGISTERED VOTERS - Democratic Party,REGISTERED VOTERS - Democratic Party,208-Meadview CG:4,0,,,
0,0,0,281,0,0,0,DEM,REGISTERED VOTERS - Democratic Party,REGISTERED VOTERS - Democratic Party,209-Dolan Springs CG:4,0,,,
0,0,1,952,0,0,0,DEM,REGISTERED VOTERS - Democratic Party,REGISTERED VOTERS - Democratic Party,210-Golden Valley CG:4,0,,,
0,0,1,4388,0,0,0,DEM,REGISTERED VOTERS - Democratic Party,REGISTERED VOTERS - Democratic Party,211-Bullhead City CG:4,0,,,
0,0,1,2343,0,0,0,DEM,REGISTERED VOTERS - Democratic Party,REGISTERED VOTERS - Democratic Party,212-Mohave Valley CG:4,0,,,
0,0,1,216,0,0,0,DEM,REGISTERED VOTERS - Democratic Party,REGISTERED VOTERS - Democratic Party,213-Hackberry CG:4,0,,,
0,0,1,17,0,0,0,DEM,REGISTERED VOTERS - Democratic Party,REGISTERED VOTERS - Democratic Party,214-Truxton CG:4,0,,,
0,0,1,932,0,0,0,DEM,REGISTERED VOTERS - Democratic Party,REGISTERED VOTERS - Democratic Party,215-Kingman Central CG:4,0,,,
0,0,1,1279,0,0,0,DEM,REGISTERED VOTERS - Democratic Party,REGISTERED VOTERS - Democratic Party,216-Kingman North CG:4,0,,,
0,0,1,1238,0,0,0,DEM,REGISTERED VOTERS - Democratic Party,REGISTERED VOTERS - Democratic Party,217-Kingman South CG:4,0,,,
0,0,1,1503,0,0,0,DEM,REGISTERED VOTERS - Democratic Party,REGISTERED VOTERS - Democratic Party,218-Kingman East CG:4,0,,,
0,0,1,1453,0,0,0,DEM,REGISTERED VOTERS - Democratic Party,REGISTERED VOTERS - Democratic Party,219-Lake Havasu N. CG:4,0,,,
0,0,2,3986,0,0,0,DEM,REGISTERED VOTERS - Democratic Party,REGISTERED VOTERS - Democratic Party,220-Lake Havasu S. CG:4,0,,,
0,0,2,262,0,0,0,DEM,REGISTERED VOTERS - Democratic Party,REGISTERED VOTERS - Democratic Party,221-Littlefield CG:4,0,,,
0,0,2,281,0,0,0,DEM,REGISTERED VOTERS - Democratic Party,REGISTERED VOTERS - Democratic Party,222-Golden Shores CG:4,0,,,
0,0,2,24,0,0,0,DEM,REGISTERED VOTERS - Democratic Party,REGISTERED VOTERS - Democratic Party,223-Moccasin CG:1,0,,,
0,0,2,246,0,0,0,DEM,REGISTERED VOTERS - Democratic Party,REGISTERED VOTERS - Democratic Party,224-Peach Springs CG:1,0,,,
0,0,0,0,0,0,0,GRN,REGISTERED VOTERS - Green Party,REGISTERED VOTERS - Green Party,201-Wikieup CG:4,0,,,
0,0,0,0,0,0,0,GRN,REGISTERED VOTERS - Green Party,REGISTERED VOTERS - Green Party,202-White Hills CG:4,0,,,
0,0,0,0,0,0,0,GRN,REGISTERED VOTERS - Green Party,REGISTERED VOTERS - Green Party,203-Yucca CG:4,0,,,
0,0,0,1,0,0,0,GRN,REGISTERED VOTERS - Green Party,REGISTERED VOTERS - Green Party,204-Chloride CG:4,0,,,
0,0,0,0,0,0,0,GRN,REGISTERED VOTERS - Green Party,REGISTERED VOTERS - Green Party,205-North Canyon CG:4,0,,,
0,0,0,0,0,0,0,GRN,REGISTERED VOTERS - Green Party,REGISTERED VOTERS - Green Party,206-Oatman CG:4,0,,,
0,0,0,1,0,0,0,GRN,REGISTERED VOTERS - Green Party,REGISTERED VOTERS - Green Party,207-Desert Hills CG:4,0,,,
0,0,0,1,0,0,0,GRN,REGISTERED VOTERS - Green Party,REGISTERED VOTERS - Green Party,208-Meadview CG:4,0,,,
0,0,0,1,0,0,0,GRN,REGISTERED VOTERS - Green Party,REGISTERED VOTERS - Green Party,209-Dolan Springs CG:4,0,,,
0,0,1,3,0,0,0,GRN,REGISTERED VOTERS - Green Party,REGISTERED VOTERS - Green Party,210-Golden Valley CG:4,0,,,
0,0,1,19,0,0,0,GRN,REGISTERED VOTERS - Green Party,REGISTERED VOTERS - Green Party,211-Bullhead City CG:4,0,,,
0,0,1,9,0,0,0,GRN,REGISTERED VOTERS - Green Party,REGISTERED VOTERS - Green Party,212-Mohave Valley CG:4,0,,,
0,0,1,2,0,0,0,GRN,REGISTERED VOTERS - Green Party,REGISTERED VOTERS - Green Party,213-Hackberry CG:4,0,,,
0,0,1,0,0,0,0,GRN,REGISTERED VOTERS - Green Party,REGISTERED VOTERS - Green Party,214-Truxton CG:4,0,,,
0,0,1,4,0,0,0,GRN,REGISTERED VOTERS - Green Party,REGISTERED VOTERS - Green Party,215-Kingman Central CG:4,0,,,
0,0,1,3,0,0,0,GRN,REGISTERED VOTERS - Green Party,REGISTERED VOTERS - Green Party,216-Kingman North CG:4,0,,,
0,0,1,8,0,0,0,GRN,REGISTERED VOTERS - Green Party,REGISTERED VOTERS - Green Party,217-Kingman South CG:4,0,,,
0,0,1,11,0,0,0,GRN,REGISTERED VOTERS - Green Party,REGISTERED VOTERS - Green Party,218-Kingman East CG:4,0,,,
0,0,1,4,0,0,0,GRN,REGISTERED VOTERS - Green Party,REGISTERED VOTERS - Green Party,219-Lake Havasu N. CG:4,0,,,
0,0,2,23,0,0,0,GRN,REGISTERED VOTERS - Green Party,REGISTERED VOTERS - Green Party,220-Lake Havasu S. CG:4,0,,,
0,0,2,1,0,0,0,GRN,REGISTERED VOTERS - Green Party,REGISTERED VOTERS - Green Party,221-Littlefield CG:4,0,,,
0,0,2,4,0,0,0,GRN,REGISTERED VOTERS - Green Party,REGISTERED VOTERS - Green Party,222-Golden Shores CG:4,0,,,
0,0,2,0,0,0,0,GRN,REGISTERED VOTERS - Green Party,REGISTERED VOTERS - Green Party,223-Moccasin CG:1,0,,,
0,0,2,0,0,0,0,GRN,REGISTERED VOTERS - Green Party,REGISTERED VOTERS - Green Party,224-Peach Springs CG:1,0,,,
0,0,0,67,23,42,2,,Ballots Cast,BALLOTS CAST,201-Wikieup CG:4,0,,,
0,0,0,54,10,37,7,,Ballots Cast,BALLOTS CAST,202-White Hills CG:4,0,,,
0,0,0,193,58,130,5,,Ballots Cast,BALLOTS CAST,203-Yucca CG:4,0,,,
0,0,0,184,44,138,2,,Ballots Cast,BALLOTS CAST,204-Chloride CG:4,0,,,
0,0,0,144,84,53,7,,Ballots Cast,BALLOTS CAST,205-North Canyon CG:4,0,,,
0,0,0,52,19,30,3,,Ballots Cast,BALLOTS CAST,206-Oatman CG:4,0,,,
0,0,0,581,187,380,14,,Ballots Cast,BALLOTS CAST,207-Desert Hills CG:4,0,,,
0,0,0,318,106,205,7,,Ballots Cast,BALLOTS CAST,208-Meadview CG:4,0,,,
0,0,0,282,94,172,16,,Ballots Cast,BALLOTS CAST,209-Dolan Springs CG:4,0,,,
0,0,1,1730,566,1106,58,,Ballots Cast,BALLOTS CAST,210-Golden Valley CG:4,0,,,
0,0,1,5618,1600,3819,199,,Ballots Cast,BALLOTS CAST,211-Bullhead City CG:4,0,,,
0,0,1,3256,1243,1919,94,,Ballots Cast,BALLOTS CAST,212-Mohave Valley CG:4,0,,,
0,0,1,640,257,351,32,,Ballots Cast,BALLOTS CAST,213-Hackberry CG:4,0,,,
0,0,1,77,26,37,14,,Ballots Cast,BALLOTS CAST,214-Truxton CG:4,0,,,
0,0,1,1404,541,810,53,,Ballots Cast,BALLOTS CAST,215-Kingman Central CG:4,0,,,
0,0,1,1840,703,1075,62,,Ballots Cast,BALLOTS CAST,216-Kingman North CG:4,0,,,
0,0,1,2689,1079,1543,67,,Ballots Cast,BALLOTS CAST,217-Kingman South CG:4,0,,,
0,0,1,2549,929,1551,69,,Ballots Cast,BALLOTS CAST,218-Kingman East CG:4,0,,,
0,0,1,3252,997,2173,82,,Ballots Cast,BALLOTS CAST,219-Lake Havasu N. CG:4,0,,,
0,0,2,7927,2603,5093,231,,Ballots Cast,BALLOTS CAST,220-Lake Havasu S. CG:4,0,,,
0,0,2,256,138,111,7,,Ballots Cast,BALLOTS CAST,221-Littlefield CG:4,0,,,
0,0,2,378,148,209,21,,Ballots Cast,BALLOTS CAST,222-Golden Shores CG:4,0,,,
0,0,2,24,14,9,1,,Ballots Cast,BALLOTS CAST,223-Moccasin CG:1,0,,,
0,0,2,37,15,21,1,,Ballots Cast,BALLOTS CAST,224-Peach Springs CG:1,0,,,
0,0,0,61,23,36,2,REP,BALLOTS CAST - Republican Party,BALLOTS CAST - Republican Party,201-Wikieup CG:4,0,,,
0,0,0,40,9,24,7,REP,BALLOTS CAST - Republican Party,BALLOTS CAST - Republican Party,202-White Hills CG:4,0,,,
0,0,0,151,47,101,3,REP,BALLOTS CAST - Republican Party,BALLOTS CAST - Republican Party,203-Yucca CG:4,0,,,
0,0,0,137,37,99,1,REP,BALLOTS CAST - Republican Party,BALLOTS CAST - Republican Party,204-Chloride CG:4,0,,,
0,0,0,136,79,50,7,REP,BALLOTS CAST - Republican Party,BALLOTS CAST - Republican Party,205-North Canyon CG:4,0,,,
0,0,0,40,16,21,3,REP,BALLOTS CAST - Republican Party,BALLOTS CAST - Republican Party,206-Oatman CG:4,0,,,
0,0,0,469,156,300,13,REP,BALLOTS CAST - Republican Party,BALLOTS CAST - Republican Party,207-Desert Hills CG:4,0,,,
0,0,0,214,79,131,4,REP,BALLOTS CAST - Republican Party,BALLOTS CAST - Republican Party,208-Meadview CG:4,0,,,
0,0,0,169,66,92,11,REP,BALLOTS CAST - Republican Party,BALLOTS CAST - Republican Party,209-Dolan Springs CG:4,0,,,
0,0,1,1308,457,803,48,REP,BALLOTS CAST - Republican Party,BALLOTS CAST - Republican Party,210-Golden Valley CG:4,0,,,
0,0,1,3921,1229,2545,147,REP,BALLOTS CAST - Republican Party,BALLOTS CAST - Republican Party,211-Bullhead City CG:4,0,,,
0,0,1,2345,979,1292,74,REP,BALLOTS CAST - Republican Party,BALLOTS CAST - Republican Party,212-Mohave Valley CG:4,0,,,
0,0,1,525,227,273,25,REP,BALLOTS CAST - Republican Party,BALLOTS CAST - Republican Party,213-Hackberry CG:4,0,,,
0,0,1,56,17,34,5,REP,BALLOTS CAST - Republican Party,BALLOTS CAST - Republican Party,214-Truxton CG:4,0,,,
0,0,1,974,427,514,33,REP,BALLOTS CAST - Republican Party,BALLOTS CAST - Republican Party,215-Kingman Central CG:4,0,,,
0,0,1,1323,568,708,47,REP,BALLOTS CAST - Republican Party,BALLOTS CAST - Republican Party,216-Kingman North CG:4,0,,,
0,0,1,2085,886,1143,56,REP,BALLOTS CAST - Republican Party,BALLOTS CAST - Republican Party,217-Kingman South CG:4,0,,,
0,0,1,1930,761,1111,58,REP,BALLOTS CAST - Republican Party,BALLOTS CAST - Republican Party,218-Kingman East CG:4,0,,,
0,0,1,2541,829,1643,69,REP,BALLOTS CAST - Republican Party,BALLOTS CAST - Republican Party,219-Lake Havasu N. CG:4,0,,,
0,0,2,6224,2176,3860,188,REP,BALLOTS CAST - Republican Party,BALLOTS CAST - Republican Party,220-Lake Havasu S. CG:4,0,,,
0,0,2,187,110,72,5,REP,BALLOTS CAST - Republican Party,BALLOTS CAST - Republican Party,221-Littlefield CG:4,0,,,
0,0,2,258,108,141,9,REP,BALLOTS CAST - Republican Party,BALLOTS CAST - Republican Party,222-Golden Shores CG:4,0,,,
0,0,2,19,14,5,0,REP,BALLOTS CAST - Republican Party,BALLOTS CAST - Republican Party,223-Moccasin CG:1,0,,,
0,0,2,7,3,4,0,REP,BALLOTS CAST - Republican Party,BALLOTS CAST - Republican Party,224-Peach Springs CG:1,0,,,
0,0,0,6,0,6,0,DEM,BALLOTS CAST - Democratic Party,BALLOTS CAST - Democratic Party,201-Wikieup CG:4,0,,,
0,0,0,14,1,13,0,DEM,BALLOTS CAST - Democratic Party,BALLOTS CAST - Democratic Party,202-White Hills CG:4,0,,,
0,0,0,42,11,29,2,DEM,BALLOTS CAST - Democratic Party,BALLOTS CAST - Democratic Party,203-Yucca CG:4,0,,,
0,0,0,46,7,38,1,DEM,BALLOTS CAST - Democratic Party,BALLOTS CAST - Democratic Party,204-Chloride CG:4,0,,,
0,0,0,8,5,3,0,DEM,BALLOTS CAST - Democratic Party,BALLOTS CAST - Democratic Party,205-North Canyon CG:4,0,,,
0,0,0,12,3,9,0,DEM,BALLOTS CAST - Democratic Party,BALLOTS CAST - Democratic Party,206-Oatman CG:4,0,,,
0,0,0,112,31,80,1,DEM,BALLOTS CAST - Democratic Party,BALLOTS CAST - Democratic Party,207-Desert Hills CG:4,0,,,
0,0,0,103,27,73,3,DEM,BALLOTS CAST - Democratic Party,BALLOTS CAST - Democratic Party,208-Meadview CG:4,0,,,
0,0,0,113,28,80,5,DEM,BALLOTS CAST - Democratic Party,BALLOTS CAST - Democratic Party,209-Dolan Springs CG:4,0,,,
0,0,1,422,109,303,10,DEM,BALLOTS CAST - Democratic Party,BALLOTS CAST - Democratic Party,210-Golden Valley CG:4,0,,,
0,0,1,1696,370,1274,52,DEM,BALLOTS CAST - Democratic Party,BALLOTS CAST - Democratic Party,211-Bullhead City CG:4,0,,,
0,0,1,911,264,627,20,DEM,BALLOTS CAST - Democratic Party,BALLOTS CAST - Democratic Party,212-Mohave Valley CG:4,0,,,
0,0,1,115,30,78,7,DEM,BALLOTS CAST - Democratic Party,BALLOTS CAST - Democratic Party,213-Hackberry CG:4,0,,,
0,0,1,21,9,3,9,DEM,BALLOTS CAST - Democratic Party,BALLOTS CAST - Democratic Party,214-Truxton CG:4,0,,,
0,0,1,430,114,296,20,DEM,BALLOTS CAST - Democratic Party,BALLOTS CAST - Democratic Party,215-Kingman Central CG:4,0,,,
0,0,1,517,135,367,15,DEM,BALLOTS CAST - Democratic Party,BALLOTS CAST - Democratic Party,216-Kingman North CG:4,0,,,
0,0,1,601,191,400,10,DEM,BALLOTS CAST - Democratic Party,BALLOTS CAST - Democratic Party,217-Kingman South CG:4,0,,,
0,0,1,616,167,438,11,DEM,BALLOTS CAST - Democratic Party,BALLOTS CAST - Democratic Party,218-Kingman East CG:4,0,,,
0,0,1,711,168,530,13,DEM,BALLOTS CAST - Democratic Party,BALLOTS CAST - Democratic Party,219-Lake Havasu N. CG:4,0,,,
0,0,2,1700,426,1231,43,DEM,BALLOTS CAST - Democratic Party,BALLOTS CAST - Democratic Party,220-Lake Havasu S. CG:4,0,,,
0,0,2,69,28,39,2,DEM,BALLOTS CAST - Democratic Party,BALLOTS CAST - Democratic Party,221-Littlefield CG:4,0,,,
0,0,2,119,40,68,11,DEM,BALLOTS CAST - Democratic Party,BALLOTS CAST - Democratic Party,222-Golden Shores CG:4,0,,,
0,0,2,5,0,4,1,DEM,BALLOTS CAST - Democratic Party,BALLOTS CAST - Democratic Party,223-Moccasin CG:1,0,,,
0,0,2,30,12,17,1,DEM,BALLOTS CAST - Democratic Party,BALLOTS CAST - Democratic Party,224-Peach Springs CG:1,0,,,
0,0,0,0,0,0,0,GRN,BALLOTS CAST - Green Party,BALLOTS CAST - Green Party,201-Wikieup CG:4,0,,,
0,0,0,0,0,0,0,GRN,BALLOTS CAST - Green Party,BALLOTS CAST - Green Party,202-White Hills CG:4,0,,,
0,0,0,0,0,0,0,GRN,BALLOTS CAST - Green Party,BALLOTS CAST - Green Party,203-Yucca CG:4,0,,,
0,0,0,1,0,1,0,GRN,BALLOTS CAST - Green Party,BALLOTS CAST - Green Party,204-Chloride CG:4,0,,,
0,0,0,0,0,0,0,GRN,BALLOTS CAST - Green Party,BALLOTS CAST - Green Party,205-North Canyon CG:4,0,,,
0,0,0,0,0,0,0,GRN,BALLOTS CAST - Green Party,BALLOTS CAST - Green Party,206-Oatman CG:4,0,,,
0,0,0,0,0,0,0,GRN,BALLOTS CAST - Green Party,BALLOTS CAST - Green Party,207-Desert Hills CG:4,0,,,
0,0,0,1,0,1,0,GRN,BALLOTS CAST - Green Party,BALLOTS CAST - Green Party,208-Meadview CG:4,0,,,
0,0,0,0,0,0,0,GRN,BALLOTS CAST - Green Party,BALLOTS CAST - Green Party,209-Dolan Springs CG:4,0,,,
0,0,1,0,0,0,0,GRN,BALLOTS CAST - Green Party,BALLOTS CAST - Green Party,210-Golden Valley CG:4,0,,,
0,0,1,1,1,0,0,GRN,BALLOTS CAST - Green Party,BALLOTS CAST - Green Party,211-Bullhead City CG:4,0,,,
0,0,1,0,0,0,0,GRN,BALLOTS CAST - Green Party,BALLOTS CAST - Green Party,212-Mohave Valley CG:4,0,,,
0,0,1,0,0,0,0,GRN,BALLOTS CAST - Green Party,BALLOTS CAST - Green Party,213-Hackberry CG:4,0,,,
0,0,1,0,0,0,0,GRN,BALLOTS CAST - Green Party,BALLOTS CAST - Green Party,214-Truxton CG:4,0,,,
0,0,1,0,0,0,0,GRN,BALLOTS CAST - Green Party,BALLOTS CAST - Green Party,215-Kingman Central CG:4,0,,,
0,0,1,0,0,0,0,GRN,BALLOTS CAST - Green Party,BALLOTS CAST - Green Party,216-Kingman North CG:4,0,,,
0,0,1,3,2,0,1,GRN,BALLOTS CAST - Green Party,BALLOTS CAST - Green Party,217-Kingman South CG:4,0,,,
0,0,1,3,1,2,0,GRN,BALLOTS CAST - Green Party,BALLOTS CAST - Green Party,218-Kingman East CG:4,0,,,
0,0,1,0,0,0,0,GRN,BALLOTS CAST - Green Party,BALLOTS CAST - Green Party,219-Lake Havasu N. CG:4,0,,,
0,0,2,3,1,2,0,GRN,BALLOTS CAST - Green Party,BALLOTS CAST - Green Party,220-Lake Havasu S. CG:4,0,,,
0,0,2,0,0,0,0,GRN,BALLOTS CAST - Green Party,BALLOTS CAST - Green Party,221-Littlefield CG:4,0,,,
0,0,2,1,0,0,1,GRN,BALLOTS CAST - Green Party,BALLOTS CAST - Green Party,222-Golden Shores CG:4,0,,,
0,0,2,0,0,0,0,GRN,BALLOTS CAST - Green Party,BALLOTS CAST - Green Party,223-Moccasin CG:1,0,,,
0,0,2,0,0,0,0,GRN,BALLOTS CAST - Green Party,BALLOTS CAST - Green Party,224-Peach Springs CG:1,0,,,
0,0,0,0,0,0,0,,BALLOTS CAST - NONPARTISAN,BALLOTS CAST - NONPARTISAN,201-Wikieup CG:4,0,,,
0,0,0,0,0,0,0,,BALLOTS CAST - NONPARTISAN,BALLOTS CAST - NONPARTISAN,202-White Hills CG:4,0,,,
0,0,0,0,0,0,0,,BALLOTS CAST - NONPARTISAN,BALLOTS CAST - NONPARTISAN,203-Yucca CG:4,0,,,
0,0,0,0,0,0,0,,BALLOTS CAST - NONPARTISAN,BALLOTS CAST - NONPARTISAN,204-Chloride CG:4,0,,,
0,0,0,0,0,0,0,,BALLOTS CAST - NONPARTISAN,BALLOTS CAST - NONPARTISAN,205-North Canyon CG:4,0,,,
0,0,0,0,0,0,0,,BALLOTS CAST - NONPARTISAN,BALLOTS CAST - NONPARTISAN,206-Oatman CG:4,0,,,
0,0,0,0,0,0,0,,BALLOTS CAST - NONPARTISAN,BALLOTS CAST - NONPARTISAN,207-Desert Hills CG:4,0,,,
0,0,0,0,0,0,0,,BALLOTS CAST - NONPARTISAN,BALLOTS CAST - NONPARTISAN,208-Meadview CG:4,0,,,
0,0,0,0,0,0,0,,BALLOTS CAST - NONPARTISAN,BALLOTS CAST - NONPARTISAN,209-Dolan Springs CG:4,0,,,
0,0,1,0,0,0,0,,BALLOTS CAST - NONPARTISAN,BALLOTS CAST - NONPARTISAN,210-Golden Valley CG:4,0,,,
0,0,1,0,0,0,0,,BALLOTS CAST - NONPARTISAN,BALLOTS CAST - NONPARTISAN,211-Bullhead City CG:4,0,,,
0,0,1,0,0,0,0,,BALLOTS CAST - NONPARTISAN,BALLOTS CAST - NONPARTISAN,212-Mohave Valley CG:4,0,,,
0,0,1,0,0,0,0,,BALLOTS CAST - NONPARTISAN,BALLOTS CAST - NONPARTISAN,213-Hackberry CG:4,0,,,
0,0,1,0,0,0,0,,BALLOTS CAST - NONPARTISAN,BALLOTS CAST - NONPARTISAN,214-Truxton CG:4,0,,,
0,0,1,0,0,0,0,,BALLOTS CAST - NONPARTISAN,BALLOTS CAST - NONPARTISAN,215-Kingman Central CG:4,0,,,
0,0,1,0,0,0,0,,BALLOTS CAST - NONPARTISAN,BALLOTS CAST - NONPARTISAN,216-Kingman North CG:4,0,,,
0,0,1,0,0,0,0,,BALLOTS CAST - NONPARTISAN,BALLOTS CAST - NONPARTISAN,217-Kingman South CG:4,0,,,
0,0,1,0,0,0,0,,BALLOTS CAST - NONPARTISAN,BALLOTS CAST - NONPARTISAN,218-Kingman East CG:4,0,,,
0,0,1,0,0,0,0,,BALLOTS CAST - NONPARTISAN,BALLOTS CAST - NONPARTISAN,219-Lake Havasu N. CG:4,0,,,
0,0,2,0,0,0,0,,BALLOTS CAST - NONPARTISAN,BALLOTS CAST - NONPARTISAN,220-Lake Havasu S. CG:4,0,,,
0,0,2,0,0,0,0,,BALLOTS CAST - NONPARTISAN,BALLOTS CAST - NONPARTISAN,221-Littlefield CG:4,0,,,
0,0,2,0,0,0,0,,BALLOTS CAST - NONPARTISAN,BALLOTS CAST - NONPARTISAN,222-Golden Shores CG:4,0,,,
0,0,2,0,0,0,0,,BALLOTS CAST - NONPARTISAN,BALLOTS CAST - NONPARTISAN,223-Moccasin CG:1,0,,,
0,0,2,0,0,0,0,,BALLOTS CAST - NONPARTISAN,BALLOTS CAST - NONPARTISAN,224-Peach Springs CG:1,0,,,
1,0,0,0,0,0,0,,Blank Ballots Cast,BALLOTS CAST - BLANK,201-Wikieup CG:4,0,,,
1,0,0,0,0,0,0,,Blank Ballots Cast,BALLOTS CAST - BLANK,202-White Hills CG:4,0,,,
1,0,0,0,0,0,0,,Blank Ballots Cast,BALLOTS CAST - BLANK,203-Yucca CG:4,0,,,
1,0,0,0,0,0,0,,Blank Ballots Cast,BALLOTS CAST - BLANK,204-Chloride CG:4,0,,,
1,0,0,1,0,1,0,,Blank Ballots Cast,BALLOTS CAST - BLANK,205-North Canyon CG:4,0,,,
1,0,0,1,0,1,0,,Blank Ballots Cast,BALLOTS CAST - BLANK,206-Oatman CG:4,0,,,
1,0,0,0,0,0,0,,Blank Ballots Cast,BALLOTS CAST - BLANK,207-Desert Hills CG:4,0,,,
1,0,0,2,1,1,0,,Blank Ballots Cast,BALLOTS CAST - BLANK,208-Meadview CG:4,0,,,
1,0,0,1,0,1,0,,Blank Ballots Cast,BALLOTS CAST - BLANK,209-Dolan Springs CG:4,0,,,
1,0,1,7,3,2,2,,Blank Ballots Cast,BALLOTS CAST - BLANK,210-Golden Valley CG:4,0,,,
1,0,1,30,7,22,1,,Blank Ballots Cast,BALLOTS CAST - BLANK,211-Bullhead City CG:4,0,,,
1,0,1,13,3,10,0,,Blank Ballots Cast,BALLOTS CAST - BLANK,212-Mohave Valley CG:4,0,,,
1,0,1,3,0,2,1,,Blank Ballots Cast,BALLOTS CAST - BLANK,213-Hackberry CG:4,0,,,
1,0,1,0,0,0,0,,Blank Ballots Cast,BALLOTS CAST - BLANK,214-Truxton CG:4,0,,,
1,0,1,2,1,1,0,,Blank Ballots Cast,BALLOTS CAST - BLANK,215-Kingman Central CG:4,0,,,
1,0,1,8,2,5,1,,Blank Ballots Cast,BALLOTS CAST - BLANK,216-Kingman North CG:4,0,,,
1,0,1,15,3,12,0,,Blank Ballots Cast,BALLOTS CAST - BLANK,217-Kingman South CG:4,0,,,
1,0,1,14,5,9,0,,Blank Ballots Cast,BALLOTS CAST - BLANK,218-Kingman East CG:4,0,,,
1,0,1,11,3,8,0,,Blank Ballots Cast,BALLOTS CAST - BLANK,219-Lake Havasu N. CG:4,0,,,
1,0,2,31,8,23,0,,Blank Ballots Cast,BALLOTS CAST - BLANK,220-Lake Havasu S. CG:4,0,,,
1,0,2,0,0,0,0,,Blank Ballots Cast,BALLOTS CAST - BLANK,221-Littlefield CG:4,0,,,
1,0,2,1,1,0,0,,Blank Ballots Cast,BALLOTS CAST - BLANK,222-Golden Shores CG:4,0,,,
1,0,2,0,0,0,0,,Blank Ballots Cast,BALLOTS CAST - BLANK,223-Moccasin CG:1,0,,,
1,0,2,0,0,0,0,,Blank Ballots Cast,BALLOTS CAST - BLANK,224-Peach Springs CG:1,0,,,
10,0,0,0,0,0,0,REP,PRESIDENT OF THE UNITED STATES,"SANTORUM, RICK",201-Wikieup CG:4,0,,,
10,0,0,0,0,0,0,REP,PRESIDENT OF THE UNITED STATES,"SANTORUM, RICK",202-White Hills CG:4,0,,,
10,0,0,1,0,1,0,REP,PRESIDENT OF THE UNITED STATES,"SANTORUM, RICK",203-Yucca CG:4,0,,,
10,0,0,0,0,0,0,REP,PRESIDENT OF THE UNITED STATES,"SANTORUM, RICK",204-Chloride CG:4,0,,,
10,0,0,0,0,0,0,REP,PRESIDENT OF THE UNITED STATES,"SANTORUM, RICK",205-North Canyon CG:4,0,,,
10,0,0,0,0,0,0,REP,PRESIDENT OF THE UNITED STATES,"SANTORUM, RICK",206-Oatman CG:4,0,,,
10,0,0,0,0,0,0,REP,PRESIDENT OF THE UNITED STATES,"SANTORUM, RICK",207-Desert Hills CG:4,0,,,
10,0,0,0,0,0,0,REP,PRESIDENT OF THE UNITED STATES,"SANTORUM, RICK",208-Meadview CG:4,0,,,
10,0,0,0,0,0,0,REP,PRESIDENT OF THE UNITED STATES,"SANTORUM, RICK",209-Dolan Springs CG:4,0,,,
10,0,1,0,0,0,0,REP,PRESIDENT OF THE UNITED STATES,"SANTORUM, RICK",210-Golden Valley CG:4,0,,,
10,0,1,0,0,0,0,REP,PRESIDENT OF THE UNITED STATES,"SANTORUM, RICK",211-Bullhead City CG:4,0,,,
10,0,1,1,0,1,0,REP,PRESIDENT OF THE UNITED STATES,"SANTORUM, RICK",212-Mohave Valley CG:4,0,,,
10,0,1,0,0,0,0,REP,PRESIDENT OF THE UNITED STATES,"SANTORUM, RICK",213-Hackberry CG:4,0,,,
10,0,1,0,0,0,0,REP,PRESIDENT OF THE UNITED STATES,"SANTORUM, RICK",214-Truxton CG:4,0,,,
10,0,1,0,0,0,0,REP,PRESIDENT OF THE UNITED STATES,"SANTORUM, RICK",215-Kingman Central CG:4,0,,,
10,0,1,0,0,0,0,REP,PRESIDENT OF THE UNITED STATES,"SANTORUM, RICK",216-Kingman North CG:4,0,,,
10,0,1,1,0,1,0,REP,PRESIDENT OF THE UNITED STATES,"SANTORUM, RICK",217-Kingman South CG:4,0,,,
10,0,1,3,2,1,0,REP,PRESIDENT OF THE UNITED STATES,"SANTORUM, RICK",218-Kingman East CG:4,0,,,
10,0,1,0,0,0,0,REP,PRESIDENT OF THE UNITED STATES,"SANTORUM, RICK",219-Lake Havasu N. CG:4,0,,,
10,0,2,5,2,3,0,REP,PRESIDENT OF THE UNITED STATES,"SANTORUM, RICK",220-Lake Havasu S. CG:4,0,,,
10,0,2,0,0,0,0,REP,PRESIDENT OF THE UNITED STATES,"SANTORUM, RICK",221-Littlefield CG:4,0,,,
10,0,2,1,1,0,0,REP,PRESIDENT OF THE UNITED STATES,"SANTORUM, RICK",222-Golden Shores CG:4,0,,,
10,0,2,0,0,0,0,REP,PRESIDENT OF THE UNITED STATES,"SANTORUM, RICK",223-Moccasin CG:1,0,,,
10,0,2,0,0,0,0,REP,PRESIDENT OF THE UNITED STATES,"SANTORUM, RICK",224-Peach Springs CG:1,0,,,
10,0,0,0,0,0,0,REP,PRESIDENT OF THE UNITED STATES,"COOK, TIM",201-Wikieup CG:4,0,,,
10,0,0,0,0,0,0,REP,PRESIDENT OF THE UNITED STATES,"COOK, TIM",202-White Hills CG:4,0,,,
10,0,0,0,0,0,0,REP,PRESIDENT OF THE UNITED STATES,"COOK, TIM",203-Yucca CG:4,0,,,
10,0,0,0,0,0,0,REP,PRESIDENT OF THE UNITED STATES,"COOK, TIM",204-Chloride CG:4,0,,,
10,0,0,0,0,0,0,REP,PRESIDENT OF THE UNITED STATES,"COOK, TIM",205-North Canyon CG:4,0,,,
10,0,0,0,0,0,0,REP,PRESIDENT OF THE UNITED STATES,"COOK, TIM",206-Oatman CG:4,0,,,
10,0,0,0,0,0,0,REP,PRESIDENT OF THE UNITED STATES,"COOK, TIM",207-Desert Hills CG:4,0,,,
10,0,0,0,0,0,0,REP,PRESIDENT OF THE UNITED STATES,"COOK, TIM",208-Meadview CG:4,0,,,
10,0,0,0,0,0,0,REP,PRESIDENT OF THE UNITED STATES,"COOK, TIM",209-Dolan Springs CG:4,0,,,
10,0,1,0,0,0,0,REP,PRESIDENT OF THE UNITED STATES,"COOK, TIM",210-Golden Valley CG:4,0,,,
10,0,1,0,0,0,0,REP,PRESIDENT OF THE UNITED STATES,"COOK, TIM",211-Bullhead City CG:4,0,,,
10,0,1,2,2,0,0,REP,PRESIDENT OF THE UNITED STATES,"COOK, TIM",212-Mohave Valley CG:4,0,,,
10,0,1,0,0,0,0,REP,PRESIDENT OF THE UNITED STATES,"COOK, TIM",213-Hackberry CG:4,0,,,
10,0,1,0,0,0,0,REP,PRESIDENT OF THE UNITED STATES,"COOK, TIM",214-Truxton CG:4,0,,,
10,0,1,1,0,1,0,REP,PRESIDENT OF THE UNITED STATES,"COOK, TIM",215-Kingman Central CG:4,0,,,
10,0,1,1,1,0,0,REP,PRESIDENT OF THE UNITED STATES,"COOK, TIM",216-Kingman North CG:4,0,,,
10,0,1,0,0,0,0,REP,PRESIDENT OF THE UNITED STATES,"COOK, TIM",217-Kingman South CG:4,0,,,
10,0,1,0,0,0,0,REP,PRESIDENT OF THE UNITED STATES,"COOK, TIM",218-Kingman East CG:4,0,,,
10,0,1,1,0,1,0,REP,PRESIDENT OF THE UNITED STATES,"COOK, TIM",219-Lake Havasu N. CG:4,0,,,
10,0,2,3,0,3,0,REP,PRESIDENT OF THE UNITED STATES,"COOK, TIM",220-Lake Havasu S. CG:4,0,,,
10,0,2,0,0,0,0,REP,PRESIDENT OF THE UNITED STATES,"COOK, TIM",221-Littlefield CG:4,0,,,
10,0,2,0,0,0,0,REP,PRESIDENT OF THE UNITED STATES,"COOK, TIM",222-Golden Shores CG:4,0,,,
10,0,2,0,0,0,0,REP,PRESIDENT OF THE UNITED STATES,"COOK, TIM",223-Moccasin CG:1,0,,,
10,0,2,0,0,0,0,REP,PRESIDENT OF THE UNITED STATES,"COOK, TIM",224-Peach Springs CG:1,0,,,
10,0,0,0,0,0,0,REP,PRESIDENT OF THE UNITED STATES,"PAUL, RAND",201-Wikieup CG:4,0,,,
10,0,0,0,0,0,0,REP,PRESIDENT OF THE UNITED STATES,"PAUL, RAND",202-White Hills CG:4,0,,,
10,0,0,0,0,0,0,REP,PRESIDENT OF THE UNITED STATES,"PAUL, RAND",203-Yucca CG:4,0,,,
10,0,0,1,0,1,0,REP,PRESIDENT OF THE UNITED STATES,"PAUL, RAND",204-Chloride CG:4,0,,,
10,0,0,7,5,2,0,REP,PRESIDENT OF THE UNITED STATES,"PAUL, RAND",205-North Canyon CG:4,0,,,
10,0,0,1,0,1,0,REP,PRESIDENT OF THE UNITED STATES,"PAUL, RAND",206-Oatman CG:4,0,,,
10,0,0,0,0,0,0,REP,PRESIDENT OF THE UNITED STATES,"PAUL, RAND",207-Desert Hills CG:4,0,,,
10,0,0,0,0,0,0,REP,PRESIDENT OF THE UNITED STATES,"PAUL, RAND",208-Meadview CG:4,0,,,
10,0,0,1,0,1,0,REP,PRESIDENT OF THE UNITED STATES,"PAUL, RAND",209-Dolan Springs CG:4,0,,,
10,0,1,6,1,5,0,REP,PRESIDENT OF THE UNITED STATES,"PAUL, RAND",210-Golden Valley CG:4,0,,,
10,0,1,3,0,3,0,REP,PRESIDENT OF THE UNITED STATES,"PAUL, RAND",211-Bullhead City CG:4,0,,,
10,0,1,6,1,5,0,REP,PRESIDENT OF THE UNITED STATES,"PAUL, RAND",212-Mohave Valley CG:4,0,,,
10,0,1,1,1,0,0,REP,PRESIDENT OF THE UNITED STATES,"PAUL, RAND",213-Hackberry CG:4,0,,,
10,0,1,1,0,1,0,REP,PRESIDENT OF THE UNITED STATES,"PAUL, RAND",214-Truxton CG:4,0,,,
10,0,1,0,0,0,0,REP,PRESIDENT OF THE UNITED STATES,"PAUL, RAND",215-Kingman Central CG:4,0,,,
10,0,1,4,2,2,0,REP,PRESIDENT OF THE UNITED STATES,"PAUL, RAND",216-Kingman North CG:4,0,,,
10,0,1,3,1,2,0,REP,PRESIDENT OF THE UNITED STATES,"PAUL, RAND",217-Kingman South CG:4,0,,,
10,0,1,7,1,6,0,REP,PRESIDENT OF THE UNITED STATES,"PAUL, RAND",218-Kingman East CG:4,0,,,
10,0,1,6,4,2,0,REP,PRESIDENT OF THE UNITED STATES,"PAUL, RAND",219-Lake Havasu N. CG:4,0,,,
10,0,2,15,6,9,0,REP,PRESIDENT OF THE UNITED STATES,"PAUL, RAND",220-Lake Havasu S. CG:4,0,,,
10,0,2,0,0,0,0,REP,PRESIDENT OF THE UNITED STATES,"PAUL, RAND",221-Littlefield CG:4,0,,,
10,0,2,1,1,0,0,REP,PRESIDENT OF THE UNITED STATES,"PAUL, RAND",222-Golden Shores CG:4,0,,,
10,0,2,0,0,0,0,REP,PRESIDENT OF THE UNITED STATES,"PAUL, RAND",223-Moccasin CG:1,0,,,
10,0,2,0,0,0,0,REP,PRESIDENT OF THE UNITED STATES,"PAUL, RAND",224-Peach Springs CG:1,0,,,
10,0,0,4,1,3,0,REP,PRESIDENT OF THE UNITED STATES,"RUBIO, MARCO",201-Wikieup CG:4,0,,,
10,0,0,2,0,2,0,REP,PRESIDENT OF THE UNITED STATES,"RUBIO, MARCO",202-White Hills CG:4,0,,,
10,0,0,6,0,6,0,REP,PRESIDENT OF THE UNITED STATES,"RUBIO, MARCO",203-Yucca CG:4,0,,,
10,0,0,10,0,10,0,REP,PRESIDENT OF THE UNITED STATES,"RUBIO, MARCO",204-Chloride CG:4,0,,,
10,0,0,4,2,2,0,REP,PRESIDENT OF THE UNITED STATES,"RUBIO, MARCO",205-North Canyon CG:4,0,,,
10,0,0,2,0,2,0,REP,PRESIDENT OF THE UNITED STATES,"RUBIO, MARCO",206-Oatman CG:4,0,,,
10,0,0,21,1,20,0,REP,PRESIDENT OF THE UNITED STATES,"RUBIO, MARCO",207-Desert Hills CG:4,0,,,
10,0,0,5,0,5,0,REP,PRESIDENT OF THE UNITED STATES,"RUBIO, MARCO",208-Meadview CG:4,0,,,
10,0,0,8,0,8,0,REP,PRESIDENT OF THE UNITED STATES,"RUBIO, MARCO",209-Dolan Springs CG:4,0,,,
10,0,1,62,1,60,1,REP,PRESIDENT OF THE UNITED STATES,"RUBIO, MARCO",210-Golden Valley CG:4,0,,,
10,0,1,243,7,235,1,REP,PRESIDENT OF THE UNITED STATES,"RUBIO, MARCO",211-Bullhead City CG:4,0,,,
10,0,1,124,3,120,1,REP,PRESIDENT OF THE UNITED STATES,"RUBIO, MARCO",212-Mohave Valley CG:4,0,,,
10,0,1,15,0,15,0,REP,PRESIDENT OF THE UNITED STATES,"RUBIO, MARCO",213-Hackberry CG:4,0,,,
10,0,1,3,0,3,0,REP,PRESIDENT OF THE UNITED STATES,"RUBIO, MARCO",214-Truxton CG:4,0,,,
10,0,1,56,9,47,0,REP,PRESIDENT OF THE UNITED STATES,"RUBIO, MARCO",215-Kingman Central CG:4,0,,,
10,0,1,49,1,47,1,REP,PRESIDENT OF THE UNITED STATES,"RUBIO, MARCO",216-Kingman North CG:4,0,,,
10,0,1,122,5,116,1,REP,PRESIDENT OF THE UNITED STATES,"RUBIO, MARCO",217-Kingman South CG:4,0,,,
10,0,1,83,6,76,1,REP,PRESIDENT OF THE UNITED STATES,"RUBIO, MARCO",218-Kingman East CG:4,0,,,
10,0,1,133,3,130,0,REP,PRESIDENT OF THE UNITED STATES,"RUBIO, MARCO",219-Lake Havasu N. CG:4,0,,,
10,0,2,383,10,373,0,REP,PRESIDENT OF THE UNITED STATES,"RUBIO, MARCO",220-Lake Havasu S. CG:4,0,,,
10,0,2,5,0,5,0,REP,PRESIDENT OF THE UNITED STATES,"RUBIO, MARCO",221-Littlefield CG:4,0,,,
10,0,2,7,0,7,0,REP,PRESIDENT OF THE UNITED STATES,"RUBIO, MARCO",222-Golden Shores CG:4,0,,,
10,0,2,0,0,0,0,REP,PRESIDENT OF THE UNITED STATES,"RUBIO, MARCO",223-Moccasin CG:1,0,,,
10,0,2,1,0,1,0,REP,PRESIDENT OF THE UNITED STATES,"RUBIO, MARCO",224-Peach Springs CG:1,0,,,
10,0,0,0,0,0,0,REP,PRESIDENT OF THE UNITED STATES,"GRAHAM, LINDSEY",201-Wikieup CG:4,0,,,
10,0,0,0,0,0,0,REP,PRESIDENT OF THE UNITED STATES,"GRAHAM, LINDSEY",202-White Hills CG:4,0,,,
10,0,0,0,0,0,0,REP,PRESIDENT OF THE UNITED STATES,"GRAHAM, LINDSEY",203-Yucca CG:4,0,,,
10,0,0,0,0,0,0,REP,PRESIDENT OF THE UNITED STATES,"GRAHAM, LINDSEY",204-Chloride CG:4,0,,,
10,0,0,0,0,0,0,REP,PRESIDENT OF THE UNITED STATES,"GRAHAM, LINDSEY",205-North Canyon CG:4,0,,,
10,0,0,0,0,0,0,REP,PRESIDENT OF THE UNITED STATES,"GRAHAM, LINDSEY",206-Oatman CG:4,0,,,
10,0,0,0,0,0,0,REP,PRESIDENT OF THE UNITED STATES,"GRAHAM, LINDSEY",207-Desert Hills CG:4,0,,,
10,0,0,0,0,0,0,REP,PRESIDENT OF THE UNITED STATES,"GRAHAM, LINDSEY",208-Meadview CG:4,0,,,
10,0,0,0,0,0,0,REP,PRESIDENT OF THE UNITED STATES,"GRAHAM, LINDSEY",209-Dolan Springs CG:4,0,,,
10,0,1,0,0,0,0,REP,PRESIDENT OF THE UNITED STATES,"GRAHAM, LINDSEY",210-Golden Valley CG:4,0,,,
10,0,1,2,0,2,0,REP,PRESIDENT OF THE UNITED STATES,"GRAHAM, LINDSEY",211-Bullhead City CG:4,0,,,
10,0,1,1,0,1,0,REP,PRESIDENT OF THE UNITED STATES,"GRAHAM, LINDSEY",212-Mohave Valley CG:4,0,,,
10,0,1,0,0,0,0,REP,PRESIDENT OF THE UNITED STATES,"GRAHAM, LINDSEY",213-Hackberry CG:4,0,,,
10,0,1,0,0,0,0,REP,PRESIDENT OF THE UNITED STATES,"GRAHAM, LINDSEY",214-Truxton CG:4,0,,,
10,0,1,2,0,2,0,REP,PRESIDENT OF THE UNITED STATES,"GRAHAM, LINDSEY",215-Kingman Central CG:4,0,,,
10,0,1,0,0,0,0,REP,PRESIDENT OF THE UNITED STATES,"GRAHAM, LINDSEY",216-Kingman North CG:4,0,,,
10,0,1,0,0,0,0,REP,PRESIDENT OF THE UNITED STATES,"GRAHAM, LINDSEY",217-Kingman South CG:4,0,,,
10,0,1,1,0,1,0,REP,PRESIDENT OF THE UNITED STATES,"GRAHAM, LINDSEY",218-Kingman East CG:4,0,,,
10,0,1,0,0,0,0,REP,PRESIDENT OF THE UNITED STATES,"GRAHAM, LINDSEY",219-Lake Havasu N. CG:4,0,,,
10,0,2,3,1,2,0,REP,PRESIDENT OF THE UNITED STATES,"GRAHAM, LINDSEY",220-Lake Havasu S. CG:4,0,,,
10,0,2,0,0,0,0,REP,PRESIDENT OF THE UNITED STATES,"GRAHAM, LINDSEY",221-Littlefield CG:4,0,,,
10,0,2,0,0,0,0,REP,PRESIDENT OF THE UNITED STATES,"GRAHAM, LINDSEY",222-Golden Shores CG:4,0,,,
10,0,2,0,0,0,0,REP,PRESIDENT OF THE UNITED STATES,"GRAHAM, LINDSEY",223-Moccasin CG:1,0,,,
10,0,2,0,0,0,0,REP,PRESIDENT OF THE UNITED STATES,"GRAHAM, LINDSEY",224-Peach Springs CG:1,0,,,
10,0,0,1,0,1,0,REP,PRESIDENT OF THE UNITED STATES,"KASICH, JOHN R.",201-Wikieup CG:4,0,,,
10,0,0,4,2,2,0,REP,PRESIDENT OF THE UNITED STATES,"KASICH, JOHN R.",202-White Hills CG:4,0,,,
10,0,0,2,0,2,0,REP,PRESIDENT OF THE UNITED STATES,"KASICH, JOHN R.",203-Yucca CG:4,0,,,
10,0,0,3,0,3,0,REP,PRESIDENT OF THE UNITED STATES,"KASICH, JOHN R.",204-Chloride CG:4,0,,,
10,0,0,7,6,1,0,REP,PRESIDENT OF THE UNITED STATES,"KASICH, JOHN R.",205-North Canyon CG:4,0,,,
10,0,0,1,1,0,0,REP,PRESIDENT OF THE UNITED STATES,"KASICH, JOHN R.",206-Oatman CG:4,0,,,
10,0,0,22,6,16,0,REP,PRESIDENT OF THE UNITED STATES,"KASICH, JOHN R.",207-Desert Hills CG:4,0,,,
10,0,0,5,3,2,0,REP,PRESIDENT OF THE UNITED STATES,"KASICH, JOHN R.",208-Meadview CG:4,0,,,
10,0,0,4,2,1,1,REP,PRESIDENT OF THE UNITED STATES,"KASICH, JOHN R.",209-Dolan Springs CG:4,0,,,
10,0,1,37,11,24,2,REP,PRESIDENT OF THE UNITED STATES,"KASICH, JOHN R.",210-Golden Valley CG:4,0,,,
10,0,1,190,58,122,10,REP,PRESIDENT OF THE UNITED STATES,"KASICH, JOHN R.",211-Bullhead City CG:4,0,,,
10,0,1,102,44,56,2,REP,PRESIDENT OF THE UNITED STATES,"KASICH, JOHN R.",212-Mohave Valley CG:4,0,,,
10,0,1,19,7,9,3,REP,PRESIDENT OF THE UNITED STATES,"KASICH, JOHN R.",213-Hackberry CG:4,0,,,
10,0,1,1,0,1,0,REP,PRESIDENT OF THE UNITED STATES,"KASICH, JOHN R.",214-Truxton CG:4,0,,,
10,0,1,59,32,24,3,REP,PRESIDENT OF THE UNITED STATES,"KASICH, JOHN R.",215-Kingman Central CG:4,0,,,
10,0,1,61,25,34,2,REP,PRESIDENT OF THE UNITED STATES,"KASICH, JOHN R.",216-Kingman North CG:4,0,,,
10,0,1,149,62,85,2,REP,PRESIDENT OF THE UNITED STATES,"KASICH, JOHN R.",217-Kingman South CG:4,0,,,
10,0,1,86,35,48,3,REP,PRESIDENT OF THE UNITED STATES,"KASICH, JOHN R.",218-Kingman East CG:4,0,,,
10,0,1,126,36,89,1,REP,PRESIDENT OF THE UNITED STATES,"KASICH, JOHN R.",219-Lake Havasu N. CG:4,0,,,
10,0,2,349,118,219,12,REP,PRESIDENT OF THE UNITED STATES,"KASICH, JOHN R.",220-Lake Havasu S. CG:4,0,,,
10,0,2,9,5,3,1,REP,PRESIDENT OF THE UNITED STATES,"KASICH, JOHN R.",221-Littlefield CG:4,0,,,
10,0,2,12,6,5,1,REP,PRESIDENT OF THE UNITED STATES,"KASICH, JOHN R.",222-Golden Shores CG:4,0,,,
10,0,2,0,0,0,0,REP,PRESIDENT OF THE UNITED STATES,"KASICH, JOHN R.",223-Moccasin CG:1,0,,,
10,0,2,0,0,0,0,REP,PRESIDENT OF THE UNITED STATES,"KASICH, JOHN R.",224-Peach Springs CG:1,0,,,
10,0,0,2,0,2,0,REP,PRESIDENT OF THE UNITED STATES,"BUSH, JEB",201-Wikieup CG:4,0,,,
10,0,0,0,0,0,0,REP,PRESIDENT OF THE UNITED STATES,"BUSH, JEB",202-White Hills CG:4,0,,,
10,0,0,1,0,1,0,REP,PRESIDENT OF THE UNITED STATES,"BUSH, JEB",203-Yucca CG:4,0,,,
10,0,0,1,0,1,0,REP,PRESIDENT OF THE UNITED STATES,"BUSH, JEB",204-Chloride CG:4,0,,,
10,0,0,1,0,1,0,REP,PRESIDENT OF THE UNITED STATES,"BUSH, JEB",205-North Canyon CG:4,0,,,
10,0,0,0,0,0,0,REP,PRESIDENT OF THE UNITED STATES,"BUSH, JEB",206-Oatman CG:4,0,,,
10,0,0,1,0,1,0,REP,PRESIDENT OF THE UNITED STATES,"BUSH, JEB",207-Desert Hills CG:4,0,,,
10,0,0,0,0,0,0,REP,PRESIDENT OF THE UNITED STATES,"BUSH, JEB",208-Meadview CG:4,0,,,
10,0,0,0,0,0,0,REP,PRESIDENT OF THE UNITED STATES,"BUSH, JEB",209-Dolan Springs CG:4,0,,,
10,0,1,7,0,7,0,REP,PRESIDENT OF THE UNITED STATES,"BUSH, JEB",210-Golden Valley CG:4,0,,,
10,0,1,18,4,14,0,REP,PRESIDENT OF THE UNITED STATES,"BUSH, JEB",211-Bullhead City CG:4,0,,,
10,0,1,11,2,9,0,REP,PRESIDENT OF THE UNITED STATES,"BUSH, JEB",212-Mohave Valley CG:4,0,,,
10,0,1,2,2,0,0,REP,PRESIDENT OF THE UNITED STATES,"BUSH, JEB",213-Hackberry CG:4,0,,,
10,0,1,1,1,0,0,REP,PRESIDENT OF THE UNITED STATES,"BUSH, JEB",214-Truxton CG:4,0,,,
10,0,1,4,2,2,0,REP,PRESIDENT OF THE UNITED STATES,"BUSH, JEB",215-Kingman Central CG:4,0,,,
10,0,1,7,2,5,0,REP,PRESIDENT OF THE UNITED STATES,"BUSH, JEB",216-Kingman North CG:4,0,,,
10,0,1,11,3,8,0,REP,PRESIDENT OF THE UNITED STATES,"BUSH, JEB",217-Kingman South CG:4,0,,,
10,0,1,14,1,13,0,REP,PRESIDENT OF THE UNITED STATES,"BUSH, JEB",218-Kingman East CG:4,0,,,
10,0,1,13,0,11,2,REP,PRESIDENT OF THE UNITED STATES,"BUSH, JEB",219-Lake Havasu N. CG:4,0,,,
10,0,2,18,4,13,1,REP,PRESIDENT OF THE UNITED STATES,"BUSH, JEB",220-Lake Havasu S. CG:4,0,,,
10,0,2,2,0,2,0,REP,PRESIDENT OF THE UNITED STATES,"BUSH, JEB",221-Littlefield CG:4,0,,,
10,0,2,2,2,0,0,REP,PRESIDENT OF THE UNITED STATES,"BUSH, JEB",222-Golden Shores CG:4,0,,,
10,0,2,0,0,0,0,REP,PRESIDENT OF THE UNITED STATES,"BUSH, JEB",223-Moccasin CG:1,0,,,
10,0,2,0,0,0,0,REP,PRESIDENT OF THE UNITED STATES,"BUSH, JEB",224-Peach Springs CG:1,0,,,
10,0,0,37,13,22,2,REP,PRESIDENT OF THE UNITED STATES,"TRUMP, DONALD J.",201-Wikieup CG:4,0,,,
10,0,0,28,7,16,5,REP,PRESIDENT OF THE UNITED STATES,"TRUMP, DONALD J.",202-White Hills CG:4,0,,,
10,0,0,112,38,71,3,REP,PRESIDENT OF THE UNITED STATES,"TRUMP, DONALD J.",203-Yucca CG:4,0,,,
10,0,0,83,28,54,1,REP,PRESIDENT OF THE UNITED STATES,"TRUMP, DONALD J.",204-Chloride CG:4,0,,,
10,0,0,68,43,20,5,REP,PRESIDENT OF THE UNITED STATES,"TRUMP, DONALD J.",205-North Canyon CG:4,0,,,
10,0,0,30,13,14,3,REP,PRESIDENT OF THE UNITED STATES,"TRUMP, DONALD J.",206-Oatman CG:4,0,,,
10,0,0,355,127,220,8,REP,PRESIDENT OF THE UNITED STATES,"TRUMP, DONALD J.",207-Desert Hills CG:4,0,,,
10,0,0,156,55,97,4,REP,PRESIDENT OF THE UNITED STATES,"TRUMP, DONALD J.",208-Meadview CG:4,0,,,
10,0,0,115,46,61,8,REP,PRESIDENT OF THE UNITED STATES,"TRUMP, DONALD J.",209-Dolan Springs CG:4,0,,,
10,0,1,899,321,540,38,REP,PRESIDENT OF THE UNITED STATES,"TRUMP, DONALD J.",210-Golden Valley CG:4,0,,,
10,0,1,2601,842,1655,104,REP,PRESIDENT OF THE UNITED STATES,"TRUMP, DONALD J.",211-Bullhead City CG:4,0,,,
10,0,1,1526,661,813,52,REP,PRESIDENT OF THE UNITED STATES,"TRUMP, DONALD J.",212-Mohave Valley CG:4,0,,,
10,0,1,330,140,175,15,REP,PRESIDENT OF THE UNITED STATES,"TRUMP, DONALD J.",213-Hackberry CG:4,0,,,
10,0,1,27,5,22,0,REP,PRESIDENT OF THE UNITED STATES,"TRUMP, DONALD J.",214-Truxton CG:4,0,,,
10,0,1,517,206,292,19,REP,PRESIDENT OF THE UNITED STATES,"TRUMP, DONALD J.",215-Kingman Central CG:4,0,,,
10,0,1,792,341,425,26,REP,PRESIDENT OF THE UNITED STATES,"TRUMP, DONALD J.",216-Kingman North CG:4,0,,,
10,0,1,1153,485,628,40,REP,PRESIDENT OF THE UNITED STATES,"TRUMP, DONALD J.",217-Kingman South CG:4,0,,,
10,0,1,1145,436,674,35,REP,PRESIDENT OF THE UNITED STATES,"TRUMP, DONALD J.",218-Kingman East CG:4,0,,,
10,0,1,1788,607,1125,56,REP,PRESIDENT OF THE UNITED STATES,"TRUMP, DONALD J.",219-Lake Havasu N. CG:4,0,,,
10,0,2,4138,1470,2526,142,REP,PRESIDENT OF THE UNITED STATES,"TRUMP, DONALD J.",220-Lake Havasu S. CG:4,0,,,
10,0,2,129,79,48,2,REP,PRESIDENT OF THE UNITED STATES,"TRUMP, DONALD J.",221-Littlefield CG:4,0,,,
10,0,2,179,72,100,7,REP,PRESIDENT OF THE UNITED STATES,"TRUMP, DONALD J.",222-Golden Shores CG:4,0,,,
10,0,2,1,1,0,0,REP,PRESIDENT OF THE UNITED STATES,"TRUMP, DONALD J.",223-Moccasin CG:1,0,,,
10,0,2,2,0,2,0,REP,PRESIDENT OF THE UNITED STATES,"TRUMP, DONALD J.",224-Peach Springs CG:1,0,,,
10,0,0,0,0,0,0,REP,PRESIDENT OF THE UNITED STATES,"FIORINA, CARLY",201-Wikieup CG:4,0,,,
10,0,0,0,0,0,0,REP,PRESIDENT OF THE UNITED STATES,"FIORINA, CARLY",202-White Hills CG:4,0,,,
10,0,0,0,0,0,0,REP,PRESIDENT OF THE UNITED STATES,"FIORINA, CARLY",203-Yucca CG:4,0,,,
10,0,0,0,0,0,0,REP,PRESIDENT OF THE UNITED STATES,"FIORINA, CARLY",204-Chloride CG:4,0,,,
10,0,0,1,0,1,0,REP,PRESIDENT OF THE UNITED STATES,"FIORINA, CARLY",205-North Canyon CG:4,0,,,
10,0,0,0,0,0,0,REP,PRESIDENT OF THE UNITED STATES,"FIORINA, CARLY",206-Oatman CG:4,0,,,
10,0,0,2,0,2,0,REP,PRESIDENT OF THE UNITED STATES,"FIORINA, CARLY",207-Desert Hills CG:4,0,,,
10,0,0,0,0,0,0,REP,PRESIDENT OF THE UNITED STATES,"FIORINA, CARLY",208-Meadview CG:4,0,,,
10,0,0,0,0,0,0,REP,PRESIDENT OF THE UNITED STATES,"FIORINA, CARLY",209-Dolan Springs CG:4,0,,,
10,0,1,0,0,0,0,REP,PRESIDENT OF THE UNITED STATES,"FIORINA, CARLY",210-Golden Valley CG:4,0,,,
10,0,1,5,1,4,0,REP,PRESIDENT OF THE UNITED STATES,"FIORINA, CARLY",211-Bullhead City CG:4,0,,,
10,0,1,2,0,2,0,REP,PRESIDENT OF THE UNITED STATES,"FIORINA, CARLY",212-Mohave Valley CG:4,0,,,
10,0,1,0,0,0,0,REP,PRESIDENT OF THE UNITED STATES,"FIORINA, CARLY",213-Hackberry CG:4,0,,,
10,0,1,0,0,0,0,REP,PRESIDENT OF THE UNITED STATES,"FIORINA, CARLY",214-Truxton CG:4,0,,,
10,0,1,2,0,1,1,REP,PRESIDENT OF THE UNITED STATES,"FIORINA, CARLY",215-Kingman Central CG:4,0,,,
10,0,1,1,0,0,1,REP,PRESIDENT OF THE UNITED STATES,"FIORINA, CARLY",216-Kingman North CG:4,0,,,
10,0,1,2,0,2,0,REP,PRESIDENT OF THE UNITED STATES,"FIORINA, CARLY",217-Kingman South CG:4,0,,,
10,0,1,1,1,0,0,REP,PRESIDENT OF THE UNITED STATES,"FIORINA, CARLY",218-Kingman East CG:4,0,,,
10,0,1,2,0,2,0,REP,PRESIDENT OF THE UNITED STATES,"FIORINA, CARLY",219-Lake Havasu N. CG:4,0,,,
10,0,2,6,4,2,0,REP,PRESIDENT OF THE UNITED STATES,"FIORINA, CARLY",220-Lake Havasu S. CG:4,0,,,
10,0,2,0,0,0,0,REP,PRESIDENT OF THE UNITED STATES,"FIORINA, CARLY",221-Littlefield CG:4,0,,,
10,0,2,0,0,0,0,REP,PRESIDENT OF THE UNITED STATES,"FIORINA, CARLY",222-Golden Shores CG:4,0,,,
10,0,2,0,0,0,0,REP,PRESIDENT OF THE UNITED STATES,"FIORINA, CARLY",223-Moccasin CG:1,0,,,
10,0,2,0,0,0,0,REP,PRESIDENT OF THE UNITED STATES,"FIORINA, CARLY",224-Peach Springs CG:1,0,,,
10,1,0,0,0,0,0,REP,PRESIDENT OF THE UNITED STATES,"PATAKI, GEORGE E.",201-Wikieup CG:4,0,,,
10,1,0,0,0,0,0,REP,PRESIDENT OF THE UNITED STATES,"PATAKI, GEORGE E.",202-White Hills CG:4,0,,,
10,1,0,0,0,0,0,REP,PRESIDENT OF THE UNITED STATES,"PATAKI, GEORGE E.",203-Yucca CG:4,0,,,
10,1,0,0,0,0,0,REP,PRESIDENT OF THE UNITED STATES,"PATAKI, GEORGE E.",204-Chloride CG:4,0,,,
10,1,0,1,0,1,0,REP,PRESIDENT OF THE UNITED STATES,"PATAKI, GEORGE E.",205-North Canyon CG:4,0,,,
10,1,0,0,0,0,0,REP,PRESIDENT OF THE UNITED STATES,"PATAKI, GEORGE E.",206-Oatman CG:4,0,,,
10,1,0,0,0,0,0,REP,PRESIDENT OF THE UNITED STATES,"PATAKI, GEORGE E.",207-Desert Hills CG:4,0,,,
10,1,0,0,0,0,0,REP,PRESIDENT OF THE UNITED STATES,"PATAKI, GEORGE E.",208-Meadview CG:4,0,,,
10,1,0,0,0,0,0,REP,PRESIDENT OF THE UNITED STATES,"PATAKI, GEORGE E.",209-Dolan Springs CG:4,0,,,
10,1,1,0,0,0,0,REP,PRESIDENT OF THE UNITED STATES,"PATAKI, GEORGE E.",210-Golden Valley CG:4,0,,,
10,1,1,2,0,2,0,REP,PRESIDENT OF THE UNITED STATES,"PATAKI, GEORGE E.",211-Bullhead City CG:4,0,,,
10,1,1,0,0,0,0,REP,PRESIDENT OF THE UNITED STATES,"PATAKI, GEORGE E.",212-Mohave Valley CG:4,0,,,
10,1,1,0,0,0,0,REP,PRESIDENT OF THE UNITED STATES,"PATAKI, GEORGE E.",213-Hackberry CG:4,0,,,
10,1,1,0,0,0,0,REP,PRESIDENT OF THE UNITED STATES,"PATAKI, GEORGE E.",214-Truxton CG:4,0,,,
10,1,1,0,0,0,0,REP,PRESIDENT OF THE UNITED STATES,"PATAKI, GEORGE E.",215-Kingman Central CG:4,0,,,
10,1,1,0,0,0,0,REP,PRESIDENT OF THE UNITED STATES,"PATAKI, GEORGE E.",216-Kingman North CG:4,0,,,
10,1,1,0,0,0,0,REP,PRESIDENT OF THE UNITED STATES,"PATAKI, GEORGE E.",217-Kingman South CG:4,0,,,
10,1,1,0,0,0,0,REP,PRESIDENT OF THE UNITED STATES,"PATAKI, GEORGE E.",218-Kingman East CG:4,0,,,
10,1,1,0,0,0,0,REP,PRESIDENT OF THE UNITED STATES,"PATAKI, GEORGE E.",219-Lake Havasu N. CG:4,0,,,
10,1,2,0,0,0,0,REP,PRESIDENT OF THE UNITED STATES,"PATAKI, GEORGE E.",220-Lake Havasu S. CG:4,0,,,
10,1,2,0,0,0,0,REP,PRESIDENT OF THE UNITED STATES,"PATAKI, GEORGE E.",221-Littlefield CG:4,0,,,
10,1,2,0,0,0,0,REP,PRESIDENT OF THE UNITED STATES,"PATAKI, GEORGE E.",222-Golden Shores CG:4,0,,,
10,1,2,0,0,0,0,REP,PRESIDENT OF THE UNITED STATES,"PATAKI, GEORGE E.",223-Moccasin CG:1,0,,,
10,1,2,0,0,0,0,REP,PRESIDENT OF THE UNITED STATES,"PATAKI, GEORGE E.",224-Peach Springs CG:1,0,,,
10,1,0,16,8,8,0,REP,PRESIDENT OF THE UNITED STATES,"CRUZ, TED",201-Wikieup CG:4,0,,,
10,1,0,6,0,4,2,REP,PRESIDENT OF THE UNITED STATES,"CRUZ, TED",202-White Hills CG:4,0,,,
10,1,0,28,9,19,0,REP,PRESIDENT OF THE UNITED STATES,"CRUZ, TED",203-Yucca CG:4,0,,,
10,1,0,37,8,29,0,REP,PRESIDENT OF THE UNITED STATES,"CRUZ, TED",204-Chloride CG:4,0,,,
10,1,0,40,21,17,2,REP,PRESIDENT OF THE UNITED STATES,"CRUZ, TED",205-North Canyon CG:4,0,,,
10,1,0,6,2,4,0,REP,PRESIDENT OF THE UNITED STATES,"CRUZ, TED",206-Oatman CG:4,0,,,
10,1,0,60,22,33,5,REP,PRESIDENT OF THE UNITED STATES,"CRUZ, TED",207-Desert Hills CG:4,0,,,
10,1,0,44,21,23,0,REP,PRESIDENT OF THE UNITED STATES,"CRUZ, TED",208-Meadview CG:4,0,,,
10,1,0,36,17,17,2,REP,PRESIDENT OF THE UNITED STATES,"CRUZ, TED",209-Dolan Springs CG:4,0,,,
10,1,1,278,121,151,6,REP,PRESIDENT OF THE UNITED STATES,"CRUZ, TED",210-Golden Valley CG:4,0,,,
10,1,1,783,307,444,32,REP,PRESIDENT OF THE UNITED STATES,"CRUZ, TED",211-Bullhead City CG:4,0,,,
10,1,1,532,262,251,19,REP,PRESIDENT OF THE UNITED STATES,"CRUZ, TED",212-Mohave Valley CG:4,0,,,
10,1,1,148,77,65,6,REP,PRESIDENT OF THE UNITED STATES,"CRUZ, TED",213-Hackberry CG:4,0,,,
10,1,1,22,11,7,4,REP,PRESIDENT OF THE UNITED STATES,"CRUZ, TED",214-Truxton CG:4,0,,,
10,1,1,310,175,126,9,REP,PRESIDENT OF THE UNITED STATES,"CRUZ, TED",215-Kingman Central CG:4,0,,,
10,1,1,385,194,174,17,REP,PRESIDENT OF THE UNITED STATES,"CRUZ, TED",216-Kingman North CG:4,0,,,
10,1,1,595,321,263,11,REP,PRESIDENT OF THE UNITED STATES,"CRUZ, TED",217-Kingman South CG:4,0,,,
10,1,1,549,271,259,19,REP,PRESIDENT OF THE UNITED STATES,"CRUZ, TED",218-Kingman East CG:4,0,,,
10,1,1,425,170,247,8,REP,PRESIDENT OF THE UNITED STATES,"CRUZ, TED",219-Lake Havasu N. CG:4,0,,,
10,1,2,1203,550,621,32,REP,PRESIDENT OF THE UNITED STATES,"CRUZ, TED",220-Lake Havasu S. CG:4,0,,,
10,1,2,40,25,13,2,REP,PRESIDENT OF THE UNITED STATES,"CRUZ, TED",221-Littlefield CG:4,0,,,
10,1,2,52,24,27,1,REP,PRESIDENT OF THE UNITED STATES,"CRUZ, TED",222-Golden Shores CG:4,0,,,
10,1,2,18,13,5,0,REP,PRESIDENT OF THE UNITED STATES,"CRUZ, TED",223-Moccasin CG:1,0,,,
10,1,2,4,3,1,0,REP,PRESIDENT OF THE UNITED STATES,"CRUZ, TED",224-Peach Springs CG:1,0,,,
10,1,0,0,0,0,0,REP,PRESIDENT OF THE UNITED STATES,"HUCKABEE, MIKE",201-Wikieup CG:4,0,,,
10,1,0,0,0,0,0,REP,PRESIDENT OF THE UNITED STATES,"HUCKABEE, MIKE",202-White Hills CG:4,0,,,
10,1,0,0,0,0,0,REP,PRESIDENT OF THE UNITED STATES,"HUCKABEE, MIKE",203-Yucca CG:4,0,,,
10,1,0,0,0,0,0,REP,PRESIDENT OF THE UNITED STATES,"HUCKABEE, MIKE",204-Chloride CG:4,0,,,
10,1,0,0,0,0,0,REP,PRESIDENT OF THE UNITED STATES,"HUCKABEE, MIKE",205-North Canyon CG:4,0,,,
10,1,0,0,0,0,0,REP,PRESIDENT OF THE UNITED STATES,"HUCKABEE, MIKE",206-Oatman CG:4,0,,,
10,1,0,0,0,0,0,REP,PRESIDENT OF THE UNITED STATES,"HUCKABEE, MIKE",207-Desert Hills CG:4,0,,,
10,1,0,1,0,1,0,REP,PRESIDENT OF THE UNITED STATES,"HUCKABEE, MIKE",208-Meadview CG:4,0,,,
10,1,0,1,1,0,0,REP,PRESIDENT OF THE UNITED STATES,"HUCKABEE, MIKE",209-Dolan Springs CG:4,0,,,
10,1,1,6,0,6,0,REP,PRESIDENT OF THE UNITED STATES,"HUCKABEE, MIKE",210-Golden Valley CG:4,0,,,
10,1,1,10,1,9,0,REP,PRESIDENT OF THE UNITED STATES,"HUCKABEE, MIKE",211-Bullhead City CG:4,0,,,
10,1,1,1,0,1,0,REP,PRESIDENT OF THE UNITED STATES,"HUCKABEE, MIKE",212-Mohave Valley CG:4,0,,,
10,1,1,1,0,1,0,REP,PRESIDENT OF THE UNITED STATES,"HUCKABEE, MIKE",213-Hackberry CG:4,0,,,
10,1,1,0,0,0,0,REP,PRESIDENT OF THE UNITED STATES,"HUCKABEE, MIKE",214-Truxton CG:4,0,,,
10,1,1,1,0,1,0,REP,PRESIDENT OF THE UNITED STATES,"HUCKABEE, MIKE",215-Kingman Central CG:4,0,,,
10,1,1,2,1,1,0,REP,PRESIDENT OF THE UNITED STATES,"HUCKABEE, MIKE",216-Kingman North CG:4,0,,,
10,1,1,2,1,1,0,REP,PRESIDENT OF THE UNITED STATES,"HUCKABEE, MIKE",217-Kingman South CG:4,0,,,
10,1,1,7,2,5,0,REP,PRESIDENT OF THE UNITED STATES,"HUCKABEE, MIKE",218-Kingman East CG:4,0,,,
10,1,1,9,3,6,0,REP,PRESIDENT OF THE UNITED STATES,"HUCKABEE, MIKE",219-Lake Havasu N. CG:4,0,,,
10,1,2,8,1,6,1,REP,PRESIDENT OF THE UNITED STATES,"HUCKABEE, MIKE",220-Lake Havasu S. CG:4,0,,,
10,1,2,2,1,1,0,REP,PRESIDENT OF THE UNITED STATES,"HUCKABEE, MIKE",221-Littlefield CG:4,0,,,
10,1,2,0,0,0,0,REP,PRESIDENT OF THE UNITED STATES,"HUCKABEE, MIKE",222-Golden Shores CG:4,0,,,
10,1,2,0,0,0,0,REP,PRESIDENT OF THE UNITED STATES,"HUCKABEE, MIKE",223-Moccasin CG:1,0,,,
10,1,2,0,0,0,0,REP,PRESIDENT OF THE UNITED STATES,"HUCKABEE, MIKE",224-Peach Springs CG:1,0,,,
10,1,0,0,0,0,0,REP,PRESIDENT OF THE UNITED STATES,"CHRISTIE, CHRIS",201-Wikieup CG:4,0,,,
10,1,0,0,0,0,0,REP,PRESIDENT OF THE UNITED STATES,"CHRISTIE, CHRIS",202-White Hills CG:4,0,,,
10,1,0,0,0,0,0,REP,PRESIDENT OF THE UNITED STATES,"CHRISTIE, CHRIS",203-Yucca CG:4,0,,,
10,1,0,0,0,0,0,REP,PRESIDENT OF THE UNITED STATES,"CHRISTIE, CHRIS",204-Chloride CG:4,0,,,
10,1,0,0,0,0,0,REP,PRESIDENT OF THE UNITED STATES,"CHRISTIE, CHRIS",205-North Canyon CG:4,0,,,
10,1,0,0,0,0,0,REP,PRESIDENT OF THE UNITED STATES,"CHRISTIE, CHRIS",206-Oatman CG:4,0,,,
10,1,0,0,0,0,0,REP,PRESIDENT OF THE UNITED STATES,"CHRISTIE, CHRIS",207-Desert Hills CG:4,0,,,
10,1,0,0,0,0,0,REP,PRESIDENT OF THE UNITED STATES,"CHRISTIE, CHRIS",208-Meadview CG:4,0,,,
10,1,0,0,0,0,0,REP,PRESIDENT OF THE UNITED STATES,"CHRISTIE, CHRIS",209-Dolan Springs CG:4,0,,,
10,1,1,0,0,0,0,REP,PRESIDENT OF THE UNITED STATES,"CHRISTIE, CHRIS",210-Golden Valley CG:4,0,,,
10,1,1,6,0,6,0,REP,PRESIDENT OF THE UNITED STATES,"CHRISTIE, CHRIS",211-Bullhead City CG:4,0,,,
10,1,1,3,1,2,0,REP,PRESIDENT OF THE UNITED STATES,"CHRISTIE, CHRIS",212-Mohave Valley CG:4,0,,,
10,1,1,0,0,0,0,REP,PRESIDENT OF THE UNITED STATES,"CHRISTIE, CHRIS",213-Hackberry CG:4,0,,,
10,1,1,0,0,0,0,REP,PRESIDENT OF THE UNITED STATES,"CHRISTIE, CHRIS",214-Truxton CG:4,0,,,
10,1,1,2,0,2,0,REP,PRESIDENT OF THE UNITED STATES,"CHRISTIE, CHRIS",215-Kingman Central CG:4,0,,,
10,1,1,0,0,0,0,REP,PRESIDENT OF THE UNITED STATES,"CHRISTIE, CHRIS",216-Kingman North CG:4,0,,,
10,1,1,8,1,7,0,REP,PRESIDENT OF THE UNITED STATES,"CHRISTIE, CHRIS",217-Kingman South CG:4,0,,,
10,1,1,2,1,1,0,REP,PRESIDENT OF THE UNITED STATES,"CHRISTIE, CHRIS",218-Kingman East CG:4,0,,,
10,1,1,4,1,2,1,REP,PRESIDENT OF THE UNITED STATES,"CHRISTIE, CHRIS",219-Lake Havasu N. CG:4,0,,,
10,1,2,8,2,6,0,REP,PRESIDENT OF THE UNITED STATES,"CHRISTIE, CHRIS",220-Lake Havasu S. CG:4,0,,,
10,1,2,0,0,0,0,REP,PRESIDENT OF THE UNITED STATES,"CHRISTIE, CHRIS",221-Littlefield CG:4,0,,,
10,1,2,0,0,0,0,REP,PRESIDENT OF THE UNITED STATES,"CHRISTIE, CHRIS",222-Golden Shores CG:4,0,,,
10,1,2,0,0,0,0,REP,PRESIDENT OF THE UNITED STATES,"CHRISTIE, CHRIS",223-Moccasin CG:1,0,,,
10,1,2,0,0,0,0,REP,PRESIDENT OF THE UNITED STATES,"CHRISTIE, CHRIS",224-Peach Springs CG:1,0,,,
10,1,0,1,1,0,0,REP,PRESIDENT OF THE UNITED STATES,"CARSON, BEN",201-Wikieup CG:4,0,,,
10,1,0,0,0,0,0,REP,PRESIDENT OF THE UNITED STATES,"CARSON, BEN",202-White Hills CG:4,0,,,
10,1,0,1,0,1,0,REP,PRESIDENT OF THE UNITED STATES,"CARSON, BEN",203-Yucca CG:4,0,,,
10,1,0,2,1,1,0,REP,PRESIDENT OF THE UNITED STATES,"CARSON, BEN",204-Chloride CG:4,0,,,
10,1,0,6,2,4,0,REP,PRESIDENT OF THE UNITED STATES,"CARSON, BEN",205-North Canyon CG:4,0,,,
10,1,0,0,0,0,0,REP,PRESIDENT OF THE UNITED STATES,"CARSON, BEN",206-Oatman CG:4,0,,,
10,1,0,8,0,8,0,REP,PRESIDENT OF THE UNITED STATES,"CARSON, BEN",207-Desert Hills CG:4,0,,,
10,1,0,3,0,3,0,REP,PRESIDENT OF THE UNITED STATES,"CARSON, BEN",208-Meadview CG:4,0,,,
10,1,0,3,0,3,0,REP,PRESIDENT OF THE UNITED STATES,"CARSON, BEN",209-Dolan Springs CG:4,0,,,
10,1,1,10,0,9,1,REP,PRESIDENT OF THE UNITED STATES,"CARSON, BEN",210-Golden Valley CG:4,0,,,
10,1,1,47,5,42,0,REP,PRESIDENT OF THE UNITED STATES,"CARSON, BEN",211-Bullhead City CG:4,0,,,
10,1,1,28,1,27,0,REP,PRESIDENT OF THE UNITED STATES,"CARSON, BEN",212-Mohave Valley CG:4,0,,,
10,1,1,8,0,8,0,REP,PRESIDENT OF THE UNITED STATES,"CARSON, BEN",213-Hackberry CG:4,0,,,
10,1,1,1,0,0,1,REP,PRESIDENT OF THE UNITED STATES,"CARSON, BEN",214-Truxton CG:4,0,,,
10,1,1,19,2,16,1,REP,PRESIDENT OF THE UNITED STATES,"CARSON, BEN",215-Kingman Central CG:4,0,,,
10,1,1,20,1,19,0,REP,PRESIDENT OF THE UNITED STATES,"CARSON, BEN",216-Kingman North CG:4,0,,,
10,1,1,36,5,29,2,REP,PRESIDENT OF THE UNITED STATES,"CARSON, BEN",217-Kingman South CG:4,0,,,
10,1,1,30,4,26,0,REP,PRESIDENT OF THE UNITED STATES,"CARSON, BEN",218-Kingman East CG:4,0,,,
10,1,1,30,5,25,0,REP,PRESIDENT OF THE UNITED STATES,"CARSON, BEN",219-Lake Havasu N. CG:4,0,,,
10,1,2,76,6,70,0,REP,PRESIDENT OF THE UNITED STATES,"CARSON, BEN",220-Lake Havasu S. CG:4,0,,,
10,1,2,0,0,0,0,REP,PRESIDENT OF THE UNITED STATES,"CARSON, BEN",221-Littlefield CG:4,0,,,
10,1,2,3,1,2,0,REP,PRESIDENT OF THE UNITED STATES,"CARSON, BEN",222-Golden Shores CG:4,0,,,
10,1,2,0,0,0,0,REP,PRESIDENT OF THE UNITED STATES,"CARSON, BEN",223-Moccasin CG:1,0,,,
10,1,2,0,0,0,0,REP,PRESIDENT OF THE UNITED STATES,"CARSON, BEN",224-Peach Springs CG:1,0,,,
10,1,0,0,0,0,0,REP,PRESIDENT OF THE UNITED STATES,OVER VOTES,201-Wikieup CG:4,0,,,
10,1,0,0,0,0,0,REP,PRESIDENT OF THE UNITED STATES,OVER VOTES,202-White Hills CG:4,0,,,
10,1,0,0,0,0,0,REP,PRESIDENT OF THE UNITED STATES,OVER VOTES,203-Yucca CG:4,0,,,
10,1,0,0,0,0,0,REP,PRESIDENT OF THE UNITED STATES,OVER VOTES,204-Chloride CG:4,0,,,
10,1,0,0,0,0,0,REP,PRESIDENT OF THE UNITED STATES,OVER VOTES,205-North Canyon CG:4,0,,,
10,1,0,0,0,0,0,REP,PRESIDENT OF THE UNITED STATES,OVER VOTES,206-Oatman CG:4,0,,,
10,1,0,0,0,0,0,REP,PRESIDENT OF THE UNITED STATES,OVER VOTES,207-Desert Hills CG:4,0,,,
10,1,0,0,0,0,0,REP,PRESIDENT OF THE UNITED STATES,OVER VOTES,208-Meadview CG:4,0,,,
10,1,0,1,0,1,0,REP,PRESIDENT OF THE UNITED STATES,OVER VOTES,209-Dolan Springs CG:4,0,,,
10,1,1,0,0,0,0,REP,PRESIDENT OF THE UNITED STATES,OVER VOTES,210-Golden Valley CG:4,0,,,
10,1,1,6,2,4,0,REP,PRESIDENT OF THE UNITED STATES,OVER VOTES,211-Bullhead City CG:4,0,,,
10,1,1,2,1,1,0,REP,PRESIDENT OF THE UNITED STATES,OVER VOTES,212-Mohave Valley CG:4,0,,,
10,1,1,1,0,0,1,REP,PRESIDENT OF THE UNITED STATES,OVER VOTES,213-Hackberry CG:4,0,,,
10,1,1,0,0,0,0,REP,PRESIDENT OF THE UNITED STATES,OVER VOTES,214-Truxton CG:4,0,,,
10,1,1,1,1,0,0,REP,PRESIDENT OF THE UNITED STATES,OVER VOTES,215-Kingman Central CG:4,0,,,
10,1,1,1,0,1,0,REP,PRESIDENT OF THE UNITED STATES,OVER VOTES,216-Kingman North CG:4,0,,,
10,1,1,2,1,1,0,REP,PRESIDENT OF THE UNITED STATES,OVER VOTES,217-Kingman South CG:4,0,,,
10,1,1,1,1,0,0,REP,PRESIDENT OF THE UNITED STATES,OVER VOTES,218-Kingman East CG:4,0,,,
10,1,1,3,0,2,1,REP,PRESIDENT OF THE UNITED STATES,OVER VOTES,219-Lake Havasu N. CG:4,0,,,
10,1,2,4,1,3,0,REP,PRESIDENT OF THE UNITED STATES,OVER VOTES,220-Lake Havasu S. CG:4,0,,,
10,1,2,0,0,0,0,REP,PRESIDENT OF THE UNITED STATES,OVER VOTES,221-Littlefield CG:4,0,,,
10,1,2,0,0,0,0,REP,PRESIDENT OF THE UNITED STATES,OVER VOTES,222-Golden Shores CG:4,0,,,
10,1,2,0,0,0,0,REP,PRESIDENT OF THE UNITED STATES,OVER VOTES,223-Moccasin CG:1,0,,,
10,1,2,0,0,0,0,REP,PRESIDENT OF THE UNITED STATES,OVER VOTES,224-Peach Springs CG:1,0,,,
10,1,0,0,0,0,0,REP,PRESIDENT OF THE UNITED STATES,UNDER VOTES,201-Wikieup CG:4,0,,,
10,1,0,0,0,0,0,REP,PRESIDENT OF THE UNITED STATES,UNDER VOTES,202-White Hills CG:4,0,,,
10,1,0,0,0,0,0,REP,PRESIDENT OF THE UNITED STATES,UNDER VOTES,203-Yucca CG:4,0,,,
10,1,0,0,0,0,0,REP,PRESIDENT OF THE UNITED STATES,UNDER VOTES,204-Chloride CG:4,0,,,
10,1,0,1,0,1,0,REP,PRESIDENT OF THE UNITED STATES,UNDER VOTES,205-North Canyon CG:4,0,,,
10,1,0,0,0,0,0,REP,PRESIDENT OF THE UNITED STATES,UNDER VOTES,206-Oatman CG:4,0,,,
10,1,0,0,0,0,0,REP,PRESIDENT OF THE UNITED STATES,UNDER VOTES,207-Desert Hills CG:4,0,,,
10,1,0,0,0,0,0,REP,PRESIDENT OF THE UNITED STATES,UNDER VOTES,208-Meadview CG:4,0,,,
10,1,0,0,0,0,0,REP,PRESIDENT OF THE UNITED STATES,UNDER VOTES,209-Dolan Springs CG:4,0,,,
10,1,1,3,2,1,0,REP,PRESIDENT OF THE UNITED STATES,UNDER VOTES,210-Golden Valley CG:4,0,,,
10,1,1,5,2,3,0,REP,PRESIDENT OF THE UNITED STATES,UNDER VOTES,211-Bullhead City CG:4,0,,,
10,1,1,4,1,3,0,REP,PRESIDENT OF THE UNITED STATES,UNDER VOTES,212-Mohave Valley CG:4,0,,,
10,1,1,0,0,0,0,REP,PRESIDENT OF THE UNITED STATES,UNDER VOTES,213-Hackberry CG:4,0,,,
10,1,1,0,0,0,0,REP,PRESIDENT OF THE UNITED STATES,UNDER VOTES,214-Truxton CG:4,0,,,
10,1,1,0,0,0,0,REP,PRESIDENT OF THE UNITED STATES,UNDER VOTES,215-Kingman Central CG:4,0,,,
10,1,1,0,0,0,0,REP,PRESIDENT OF THE UNITED STATES,UNDER VOTES,216-Kingman North CG:4,0,,,
10,1,1,1,1,0,0,REP,PRESIDENT OF THE UNITED STATES,UNDER VOTES,217-Kingman South CG:4,0,,,
10,1,1,1,0,1,0,REP,PRESIDENT OF THE UNITED STATES,UNDER VOTES,218-Kingman East CG:4,0,,,
10,1,1,1,0,1,0,REP,PRESIDENT OF THE UNITED STATES,UNDER VOTES,219-Lake Havasu N. CG:4,0,,,
10,1,2,5,1,4,0,REP,PRESIDENT OF THE UNITED STATES,UNDER VOTES,220-Lake Havasu S. CG:4,0,,,
10,1,2,0,0,0,0,REP,PRESIDENT OF THE UNITED STATES,UNDER VOTES,221-Littlefield CG:4,0,,,
10,1,2,1,1,0,0,REP,PRESIDENT OF THE UNITED STATES,UNDER VOTES,222-Golden Shores CG:4,0,,,
10,1,2,0,0,0,0,REP,PRESIDENT OF THE UNITED STATES,UNDER VOTES,223-Moccasin CG:1,0,,,
10,1,2,0,0,0,0,REP,PRESIDENT OF THE UNITED STATES,UNDER VOTES,224-Peach Springs CG:1,0,,,
10,0,0,1,0,1,0,DEM,PRESIDENT OF THE UNITED STATES,"DE LA FUENTE, ROQUE ""ROCKY""",201-Wikieup CG:4,0,,,
10,0,0,0,0,0,0,DEM,PRESIDENT OF THE UNITED STATES,"DE LA FUENTE, ROQUE ""ROCKY""",202-White Hills CG:4,0,,,
10,0,0,0,0,0,0,DEM,PRESIDENT OF THE UNITED STATES,"DE LA FUENTE, ROQUE ""ROCKY""",203-Yucca CG:4,0,,,
10,0,0,2,0,2,0,DEM,PRESIDENT OF THE UNITED STATES,"DE LA FUENTE, ROQUE ""ROCKY""",204-Chloride CG:4,0,,,
10,0,0,0,0,0,0,DEM,PRESIDENT OF THE UNITED STATES,"DE LA FUENTE, ROQUE ""ROCKY""",205-North Canyon CG:4,0,,,
10,0,0,0,0,0,0,DEM,PRESIDENT OF THE UNITED STATES,"DE LA FUENTE, ROQUE ""ROCKY""",206-Oatman CG:4,0,,,
10,0,0,0,0,0,0,DEM,PRESIDENT OF THE UNITED STATES,"DE LA FUENTE, ROQUE ""ROCKY""",207-Desert Hills CG:4,0,,,
10,0,0,1,1,0,0,DEM,PRESIDENT OF THE UNITED STATES,"DE LA FUENTE, ROQUE ""ROCKY""",208-Meadview CG:4,0,,,
10,0,0,0,0,0,0,DEM,PRESIDENT OF THE UNITED STATES,"DE LA FUENTE, ROQUE ""ROCKY""",209-Dolan Springs CG:4,0,,,
10,0,1,8,2,6,0,DEM,PRESIDENT OF THE UNITED STATES,"DE LA FUENTE, ROQUE ""ROCKY""",210-Golden Valley CG:4,0,,,
10,0,1,12,5,7,0,DEM,PRESIDENT OF THE UNITED STATES,"DE LA FUENTE, ROQUE ""ROCKY""",211-Bullhead City CG:4,0,,,
10,0,1,2,0,2,0,DEM,PRESIDENT OF THE UNITED STATES,"DE LA FUENTE, ROQUE ""ROCKY""",212-Mohave Valley CG:4,0,,,
10,0,1,2,0,2,0,DEM,PRESIDENT OF THE UNITED STATES,"DE LA FUENTE, ROQUE ""ROCKY""",213-Hackberry CG:4,0,,,
10,0,1,0,0,0,0,DEM,PRESIDENT OF THE UNITED STATES,"DE LA FUENTE, ROQUE ""ROCKY""",214-Truxton CG:4,0,,,
10,0,1,7,6,1,0,DEM,PRESIDENT OF THE UNITED STATES,"DE LA FUENTE, ROQUE ""ROCKY""",215-Kingman Central CG:4,0,,,
10,0,1,3,1,2,0,DEM,PRESIDENT OF THE UNITED STATES,"DE LA FUENTE, ROQUE ""ROCKY""",216-Kingman North CG:4,0,,,
10,0,1,4,3,1,0,DEM,PRESIDENT OF THE UNITED STATES,"DE LA FUENTE, ROQUE ""ROCKY""",217-Kingman South CG:4,0,,,
10,0,1,4,2,1,1,DEM,PRESIDENT OF THE UNITED STATES,"DE LA FUENTE, ROQUE ""ROCKY""",218-Kingman East CG:4,0,,,
10,0,1,8,2,6,0,DEM,PRESIDENT OF THE UNITED STATES,"DE LA FUENTE, ROQUE ""ROCKY""",219-Lake Havasu N. CG:4,0,,,
10,0,2,21,1,18,2,DEM,PRESIDENT OF THE UNITED STATES,"DE LA FUENTE, ROQUE ""ROCKY""",220-Lake Havasu S. CG:4,0,,,
10,0,2,1,0,1,0,DEM,PRESIDENT OF THE UNITED STATES,"DE LA FUENTE, ROQUE ""ROCKY""",221-Littlefield CG:4,0,,,
10,0,2,1,0,1,0,DEM,PRESIDENT OF THE UNITED STATES,"DE LA FUENTE, ROQUE ""ROCKY""",222-Golden Shores CG:4,0,,,
10,0,2,1,0,1,0,DEM,PRESIDENT OF THE UNITED STATES,"DE LA FUENTE, ROQUE ""ROCKY""",223-Moccasin CG:1,0,,,
10,0,2,0,0,0,0,DEM,PRESIDENT OF THE UNITED STATES,"DE LA FUENTE, ROQUE ""ROCKY""",224-Peach Springs CG:1,0,,,
10,0,0,0,0,0,0,DEM,PRESIDENT OF THE UNITED STATES,"STEINBERG, MICHAEL",201-Wikieup CG:4,0,,,
10,0,0,0,0,0,0,DEM,PRESIDENT OF THE UNITED STATES,"STEINBERG, MICHAEL",202-White Hills CG:4,0,,,
10,0,0,0,0,0,0,DEM,PRESIDENT OF THE UNITED STATES,"STEINBERG, MICHAEL",203-Yucca CG:4,0,,,
10,0,0,1,0,1,0,DEM,PRESIDENT OF THE UNITED STATES,"STEINBERG, MICHAEL",204-Chloride CG:4,0,,,
10,0,0,0,0,0,0,DEM,PRESIDENT OF THE UNITED STATES,"STEINBERG, MICHAEL",205-North Canyon CG:4,0,,,
10,0,0,0,0,0,0,DEM,PRESIDENT OF THE UNITED STATES,"STEINBERG, MICHAEL",206-Oatman CG:4,0,,,
10,0,0,1,0,1,0,DEM,PRESIDENT OF THE UNITED STATES,"STEINBERG, MICHAEL",207-Desert Hills CG:4,0,,,
10,0,0,0,0,0,0,DEM,PRESIDENT OF THE UNITED STATES,"STEINBERG, MICHAEL",208-Meadview CG:4,0,,,
10,0,0,3,1,2,0,DEM,PRESIDENT OF THE UNITED STATES,"STEINBERG, MICHAEL",209-Dolan Springs CG:4,0,,,
10,0,1,5,0,3,2,DEM,PRESIDENT OF THE UNITED STATES,"STEINBERG, MICHAEL",210-Golden Valley CG:4,0,,,
10,0,1,22,5,17,0,DEM,PRESIDENT OF THE UNITED STATES,"STEINBERG, MICHAEL",211-Bullhead City CG:4,0,,,
10,0,1,14,8,6,0,DEM,PRESIDENT OF THE UNITED STATES,"STEINBERG, MICHAEL",212-Mohave Valley CG:4,0,,,
10,0,1,2,1,1,0,DEM,PRESIDENT OF THE UNITED STATES,"STEINBERG, MICHAEL",213-Hackberry CG:4,0,,,
10,0,1,0,0,0,0,DEM,PRESIDENT OF THE UNITED STATES,"STEINBERG, MICHAEL",214-Truxton CG:4,0,,,
10,0,1,5,1,4,0,DEM,PRESIDENT OF THE UNITED STATES,"STEINBERG, MICHAEL",215-Kingman Central CG:4,0,,,
10,0,1,14,2,11,1,DEM,PRESIDENT OF THE UNITED STATES,"STEINBERG, MICHAEL",216-Kingman North CG:4,0,,,
10,0,1,8,2,6,0,DEM,PRESIDENT OF THE UNITED STATES,"STEINBERG, MICHAEL",217-Kingman South CG:4,0,,,
10,0,1,8,3,5,0,DEM,PRESIDENT OF THE UNITED STATES,"STEINBERG, MICHAEL",218-Kingman East CG:4,0,,,
10,0,1,5,1,4,0,DEM,PRESIDENT OF THE UNITED STATES,"STEINBERG, MICHAEL",219-Lake Havasu N. CG:4,0,,,
10,0,2,19,3,16,0,DEM,PRESIDENT OF THE UNITED STATES,"STEINBERG, MICHAEL",220-Lake Havasu S. CG:4,0,,,
10,0,2,0,0,0,0,DEM,PRESIDENT OF THE UNITED STATES,"STEINBERG, MICHAEL",221-Littlefield CG:4,0,,,
10,0,2,1,1,0,0,DEM,PRESIDENT OF THE UNITED STATES,"STEINBERG, MICHAEL",222-Golden Shores CG:4,0,,,
10,0,2,1,0,1,0,DEM,PRESIDENT OF THE UNITED STATES,"STEINBERG, MICHAEL",223-Moccasin CG:1,0,,,
10,0,2,0,0,0,0,DEM,PRESIDENT OF THE UNITED STATES,"STEINBERG, MICHAEL",224-Peach Springs CG:1,0,,,
10,0,0,2,0,2,0,DEM,PRESIDENT OF THE UNITED STATES,"SANDERS, BERNIE",201-Wikieup CG:4,0,,,
10,0,0,7,1,6,0,DEM,PRESIDENT OF THE UNITED STATES,"SANDERS, BERNIE",202-White Hills CG:4,0,,,
10,0,0,24,4,18,2,DEM,PRESIDENT OF THE UNITED STATES,"SANDERS, BERNIE",203-Yucca CG:4,0,,,
10,0,0,26,5,21,0,DEM,PRESIDENT OF THE UNITED STATES,"SANDERS, BERNIE",204-Chloride CG:4,0,,,
10,0,0,6,4,2,0,DEM,PRESIDENT OF THE UNITED STATES,"SANDERS, BERNIE",205-North Canyon CG:4,0,,,
10,0,0,7,1,6,0,DEM,PRESIDENT OF THE UNITED STATES,"SANDERS, BERNIE",206-Oatman CG:4,0,,,
10,0,0,43,17,26,0,DEM,PRESIDENT OF THE UNITED STATES,"SANDERS, BERNIE",207-Desert Hills CG:4,0,,,
10,0,0,45,12,32,1,DEM,PRESIDENT OF THE UNITED STATES,"SANDERS, BERNIE",208-Meadview CG:4,0,,,
10,0,0,55,15,37,3,DEM,PRESIDENT OF THE UNITED STATES,"SANDERS, BERNIE",209-Dolan Springs CG:4,0,,,
10,0,1,172,54,113,5,DEM,PRESIDENT OF THE UNITED STATES,"SANDERS, BERNIE",210-Golden Valley CG:4,0,,,
10,0,1,563,167,369,27,DEM,PRESIDENT OF THE UNITED STATES,"SANDERS, BERNIE",211-Bullhead City CG:4,0,,,
10,0,1,343,136,198,9,DEM,PRESIDENT OF THE UNITED STATES,"SANDERS, BERNIE",212-Mohave Valley CG:4,0,,,
10,0,1,53,15,35,3,DEM,PRESIDENT OF THE UNITED STATES,"SANDERS, BERNIE",213-Hackberry CG:4,0,,,
10,0,1,13,4,2,7,DEM,PRESIDENT OF THE UNITED STATES,"SANDERS, BERNIE",214-Truxton CG:4,0,,,
10,0,1,185,64,109,12,DEM,PRESIDENT OF THE UNITED STATES,"SANDERS, BERNIE",215-Kingman Central CG:4,0,,,
10,0,1,199,61,131,7,DEM,PRESIDENT OF THE UNITED STATES,"SANDERS, BERNIE",216-Kingman North CG:4,0,,,
10,0,1,229,74,149,6,DEM,PRESIDENT OF THE UNITED STATES,"SANDERS, BERNIE",217-Kingman South CG:4,0,,,
10,0,1,255,83,166,6,DEM,PRESIDENT OF THE UNITED STATES,"SANDERS, BERNIE",218-Kingman East CG:4,0,,,
10,0,1,287,84,197,6,DEM,PRESIDENT OF THE UNITED STATES,"SANDERS, BERNIE",219-Lake Havasu N. CG:4,0,,,
10,0,2,658,218,415,25,DEM,PRESIDENT OF THE UNITED STATES,"SANDERS, BERNIE",220-Lake Havasu S. CG:4,0,,,
10,0,2,37,19,17,1,DEM,PRESIDENT OF THE UNITED STATES,"SANDERS, BERNIE",221-Littlefield CG:4,0,,,
10,0,2,36,14,18,4,DEM,PRESIDENT OF THE UNITED STATES,"SANDERS, BERNIE",222-Golden Shores CG:4,0,,,
10,0,2,1,0,0,1,DEM,PRESIDENT OF THE UNITED STATES,"SANDERS, BERNIE",223-Moccasin CG:1,0,,,
10,0,2,12,7,4,1,DEM,PRESIDENT OF THE UNITED STATES,"SANDERS, BERNIE",224-Peach Springs CG:1,0,,,
10,0,0,0,0,0,0,DEM,PRESIDENT OF THE UNITED STATES,"O'MALLEY, MARTIN J.",201-Wikieup CG:4,0,,,
10,0,0,1,0,1,0,DEM,PRESIDENT OF THE UNITED STATES,"O'MALLEY, MARTIN J.",202-White Hills CG:4,0,,,
10,0,0,0,0,0,0,DEM,PRESIDENT OF THE UNITED STATES,"O'MALLEY, MARTIN J.",203-Yucca CG:4,0,,,
10,0,0,0,0,0,0,DEM,PRESIDENT OF THE UNITED STATES,"O'MALLEY, MARTIN J.",204-Chloride CG:4,0,,,
10,0,0,0,0,0,0,DEM,PRESIDENT OF THE UNITED STATES,"O'MALLEY, MARTIN J.",205-North Canyon CG:4,0,,,
10,0,0,0,0,0,0,DEM,PRESIDENT OF THE UNITED STATES,"O'MALLEY, MARTIN J.",206-Oatman CG:4,0,,,
10,0,0,3,1,2,0,DEM,PRESIDENT OF THE UNITED STATES,"O'MALLEY, MARTIN J.",207-Desert Hills CG:4,0,,,
10,0,0,0,0,0,0,DEM,PRESIDENT OF THE UNITED STATES,"O'MALLEY, MARTIN J.",208-Meadview CG:4,0,,,
10,0,0,2,1,1,0,DEM,PRESIDENT OF THE UNITED STATES,"O'MALLEY, MARTIN J.",209-Dolan Springs CG:4,0,,,
10,0,1,7,3,4,0,DEM,PRESIDENT OF THE UNITED STATES,"O'MALLEY, MARTIN J.",210-Golden Valley CG:4,0,,,
10,0,1,27,2,25,0,DEM,PRESIDENT OF THE UNITED STATES,"O'MALLEY, MARTIN J.",211-Bullhead City CG:4,0,,,
10,0,1,18,4,14,0,DEM,PRESIDENT OF THE UNITED STATES,"O'MALLEY, MARTIN J.",212-Mohave Valley CG:4,0,,,
10,0,1,1,0,1,0,DEM,PRESIDENT OF THE UNITED STATES,"O'MALLEY, MARTIN J.",213-Hackberry CG:4,0,,,
10,0,1,0,0,0,0,DEM,PRESIDENT OF THE UNITED STATES,"O'MALLEY, MARTIN J.",214-Truxton CG:4,0,,,
10,0,1,9,0,9,0,DEM,PRESIDENT OF THE UNITED STATES,"O'MALLEY, MARTIN J.",215-Kingman Central CG:4,0,,,
10,0,1,17,6,11,0,DEM,PRESIDENT OF THE UNITED STATES,"O'MALLEY, MARTIN J.",216-Kingman North CG:4,0,,,
10,0,1,17,5,12,0,DEM,PRESIDENT OF THE UNITED STATES,"O'MALLEY, MARTIN J.",217-Kingman South CG:4,0,,,
10,0,1,19,7,12,0,DEM,PRESIDENT OF THE UNITED STATES,"O'MALLEY, MARTIN J.",218-Kingman East CG:4,0,,,
10,0,1,11,3,7,1,DEM,PRESIDENT OF THE UNITED STATES,"O'MALLEY, MARTIN J.",219-Lake Havasu N. CG:4,0,,,
10,0,2,22,3,19,0,DEM,PRESIDENT OF THE UNITED STATES,"O'MALLEY, MARTIN J.",220-Lake Havasu S. CG:4,0,,,
10,0,2,0,0,0,0,DEM,PRESIDENT OF THE UNITED STATES,"O'MALLEY, MARTIN J.",221-Littlefield CG:4,0,,,
10,0,2,5,2,1,2,DEM,PRESIDENT OF THE UNITED STATES,"O'MALLEY, MARTIN J.",222-Golden Shores CG:4,0,,,
10,0,2,0,0,0,0,DEM,PRESIDENT OF THE UNITED STATES,"O'MALLEY, MARTIN J.",223-Moccasin CG:1,0,,,
10,0,2,0,0,0,0,DEM,PRESIDENT OF THE UNITED STATES,"O'MALLEY, MARTIN J.",224-Peach Springs CG:1,0,,,
10,0,0,3,0,3,0,DEM,PRESIDENT OF THE UNITED STATES,"CLINTON, HILLARY",201-Wikieup CG:4,0,,,
10,0,0,6,0,6,0,DEM,PRESIDENT OF THE UNITED STATES,"CLINTON, HILLARY",202-White Hills CG:4,0,,,
10,0,0,16,6,10,0,DEM,PRESIDENT OF THE UNITED STATES,"CLINTON, HILLARY",203-Yucca CG:4,0,,,
10,0,0,17,2,14,1,DEM,PRESIDENT OF THE UNITED STATES,"CLINTON, HILLARY",204-Chloride CG:4,0,,,
10,0,0,1,0,1,0,DEM,PRESIDENT OF THE UNITED STATES,"CLINTON, HILLARY",205-North Canyon CG:4,0,,,
10,0,0,4,2,2,0,DEM,PRESIDENT OF THE UNITED STATES,"CLINTON, HILLARY",206-Oatman CG:4,0,,,
10,0,0,64,12,51,1,DEM,PRESIDENT OF THE UNITED STATES,"CLINTON, HILLARY",207-Desert Hills CG:4,0,,,
10,0,0,53,13,38,2,DEM,PRESIDENT OF THE UNITED STATES,"CLINTON, HILLARY",208-Meadview CG:4,0,,,
10,0,0,52,11,39,2,DEM,PRESIDENT OF THE UNITED STATES,"CLINTON, HILLARY",209-Dolan Springs CG:4,0,,,
10,0,1,221,47,173,1,DEM,PRESIDENT OF THE UNITED STATES,"CLINTON, HILLARY",210-Golden Valley CG:4,0,,,
10,0,1,1040,185,831,24,DEM,PRESIDENT OF THE UNITED STATES,"CLINTON, HILLARY",211-Bullhead City CG:4,0,,,
10,0,1,516,109,397,10,DEM,PRESIDENT OF THE UNITED STATES,"CLINTON, HILLARY",212-Mohave Valley CG:4,0,,,
10,0,1,54,14,37,3,DEM,PRESIDENT OF THE UNITED STATES,"CLINTON, HILLARY",213-Hackberry CG:4,0,,,
10,0,1,8,5,1,2,DEM,PRESIDENT OF THE UNITED STATES,"CLINTON, HILLARY",214-Truxton CG:4,0,,,
10,0,1,216,41,167,8,DEM,PRESIDENT OF THE UNITED STATES,"CLINTON, HILLARY",215-Kingman Central CG:4,0,,,
10,0,1,265,60,199,6,DEM,PRESIDENT OF THE UNITED STATES,"CLINTON, HILLARY",216-Kingman North CG:4,0,,,
10,0,1,319,102,214,3,DEM,PRESIDENT OF THE UNITED STATES,"CLINTON, HILLARY",217-Kingman South CG:4,0,,,
10,0,1,313,66,243,4,DEM,PRESIDENT OF THE UNITED STATES,"CLINTON, HILLARY",218-Kingman East CG:4,0,,,
10,0,1,387,75,306,6,DEM,PRESIDENT OF THE UNITED STATES,"CLINTON, HILLARY",219-Lake Havasu N. CG:4,0,,,
10,0,2,944,191,737,16,DEM,PRESIDENT OF THE UNITED STATES,"CLINTON, HILLARY",220-Lake Havasu S. CG:4,0,,,
10,0,2,30,9,20,1,DEM,PRESIDENT OF THE UNITED STATES,"CLINTON, HILLARY",221-Littlefield CG:4,0,,,
10,0,2,72,22,45,5,DEM,PRESIDENT OF THE UNITED STATES,"CLINTON, HILLARY",222-Golden Shores CG:4,0,,,
10,0,2,2,0,2,0,DEM,PRESIDENT OF THE UNITED STATES,"CLINTON, HILLARY",223-Moccasin CG:1,0,,,
10,0,2,18,5,13,0,DEM,PRESIDENT OF THE UNITED STATES,"CLINTON, HILLARY",224-Peach Springs CG:1,0,,,
10,0,0,0,0,0,0,DEM,PRESIDENT OF THE UNITED STATES,"HEWES, HENRY",201-Wikieup CG:4,0,,,
10,0,0,0,0,0,0,DEM,PRESIDENT OF THE UNITED STATES,"HEWES, HENRY",202-White Hills CG:4,0,,,
10,0,0,2,1,1,0,DEM,PRESIDENT OF THE UNITED STATES,"HEWES, HENRY",203-Yucca CG:4,0,,,
10,0,0,0,0,0,0,DEM,PRESIDENT OF THE UNITED STATES,"HEWES, HENRY",204-Chloride CG:4,0,,,
10,0,0,1,1,0,0,DEM,PRESIDENT OF THE UNITED STATES,"HEWES, HENRY",205-North Canyon CG:4,0,,,
10,0,0,0,0,0,0,DEM,PRESIDENT OF THE UNITED STATES,"HEWES, HENRY",206-Oatman CG:4,0,,,
10,0,0,1,1,0,0,DEM,PRESIDENT OF THE UNITED STATES,"HEWES, HENRY",207-Desert Hills CG:4,0,,,
10,0,0,2,0,2,0,DEM,PRESIDENT OF THE UNITED STATES,"HEWES, HENRY",208-Meadview CG:4,0,,,
10,0,0,0,0,0,0,DEM,PRESIDENT OF THE UNITED STATES,"HEWES, HENRY",209-Dolan Springs CG:4,0,,,
10,0,1,3,1,2,0,DEM,PRESIDENT OF THE UNITED STATES,"HEWES, HENRY",210-Golden Valley CG:4,0,,,
10,0,1,6,1,5,0,DEM,PRESIDENT OF THE UNITED STATES,"HEWES, HENRY",211-Bullhead City CG:4,0,,,
10,0,1,8,5,3,0,DEM,PRESIDENT OF THE UNITED STATES,"HEWES, HENRY",212-Mohave Valley CG:4,0,,,
10,0,1,0,0,0,0,DEM,PRESIDENT OF THE UNITED STATES,"HEWES, HENRY",213-Hackberry CG:4,0,,,
10,0,1,0,0,0,0,DEM,PRESIDENT OF THE UNITED STATES,"HEWES, HENRY",214-Truxton CG:4,0,,,
10,0,1,6,1,5,0,DEM,PRESIDENT OF THE UNITED STATES,"HEWES, HENRY",215-Kingman Central CG:4,0,,,
10,0,1,8,3,5,0,DEM,PRESIDENT OF THE UNITED STATES,"HEWES, HENRY",216-Kingman North CG:4,0,,,
10,0,1,10,3,6,1,DEM,PRESIDENT OF THE UNITED STATES,"HEWES, HENRY",217-Kingman South CG:4,0,,,
10,0,1,4,1,3,0,DEM,PRESIDENT OF THE UNITED STATES,"HEWES, HENRY",218-Kingman East CG:4,0,,,
10,0,1,3,0,3,0,DEM,PRESIDENT OF THE UNITED STATES,"HEWES, HENRY",219-Lake Havasu N. CG:4,0,,,
10,0,2,7,1,6,0,DEM,PRESIDENT OF THE UNITED STATES,"HEWES, HENRY",220-Lake Havasu S. CG:4,0,,,
10,0,2,1,0,1,0,DEM,PRESIDENT OF THE UNITED STATES,"HEWES, HENRY",221-Littlefield CG:4,0,,,
10,0,2,4,1,3,0,DEM,PRESIDENT OF THE UNITED STATES,"HEWES, HENRY",222-Golden Shores CG:4,0,,,
10,0,2,0,0,0,0,DEM,PRESIDENT OF THE UNITED STATES,"HEWES, HENRY",223-Moccasin CG:1,0,,,
10,0,2,0,0,0,0,DEM,PRESIDENT OF THE UNITED STATES,"HEWES, HENRY",224-Peach Springs CG:1,0,,,
10,0,0,0,0,0,0,DEM,PRESIDENT OF THE UNITED STATES,OVER VOTES,201-Wikieup CG:4,0,,,
10,0,0,0,0,0,0,DEM,PRESIDENT OF THE UNITED STATES,OVER VOTES,202-White Hills CG:4,0,,,
10,0,0,0,0,0,0,DEM,PRESIDENT OF THE UNITED STATES,OVER VOTES,203-Yucca CG:4,0,,,
10,0,0,0,0,0,0,DEM,PRESIDENT OF THE UNITED STATES,OVER VOTES,204-Chloride CG:4,0,,,
10,0,0,0,0,0,0,DEM,PRESIDENT OF THE UNITED STATES,OVER VOTES,205-North Canyon CG:4,0,,,
10,0,0,0,0,0,0,DEM,PRESIDENT OF THE UNITED STATES,OVER VOTES,206-Oatman CG:4,0,,,
10,0,0,0,0,0,0,DEM,PRESIDENT OF THE UNITED STATES,OVER VOTES,207-Desert Hills CG:4,0,,,
10,0,0,0,0,0,0,DEM,PRESIDENT OF THE UNITED STATES,OVER VOTES,208-Meadview CG:4,0,,,
10,0,0,0,0,0,0,DEM,PRESIDENT OF THE UNITED STATES,OVER VOTES,209-Dolan Springs CG:4,0,,,
10,0,1,2,1,1,0,DEM,PRESIDENT OF THE UNITED STATES,OVER VOTES,210-Golden Valley CG:4,0,,,
10,0,1,2,1,1,0,DEM,PRESIDENT OF THE UNITED STATES,OVER VOTES,211-Bullhead City CG:4,0,,,
10,0,1,1,0,0,1,DEM,PRESIDENT OF THE UNITED STATES,OVER VOTES,212-Mohave Valley CG:4,0,,,
10,0,1,0,0,0,0,DEM,PRESIDENT OF THE UNITED STATES,OVER VOTES,213-Hackberry CG:4,0,,,
10,0,1,0,0,0,0,DEM,PRESIDENT OF THE UNITED STATES,OVER VOTES,214-Truxton CG:4,0,,,
10,0,1,0,0,0,0,DEM,PRESIDENT OF THE UNITED STATES,OVER VOTES,215-Kingman Central CG:4,0,,,
10,0,1,3,0,3,0,DEM,PRESIDENT OF THE UNITED STATES,OVER VOTES,216-Kingman North CG:4,0,,,
10,0,1,0,0,0,0,DEM,PRESIDENT OF THE UNITED STATES,OVER VOTES,217-Kingman South CG:4,0,,,
10,0,1,0,0,0,0,DEM,PRESIDENT OF THE UNITED STATES,OVER VOTES,218-Kingman East CG:4,0,,,
10,0,1,0,0,0,0,DEM,PRESIDENT OF THE UNITED STATES,OVER VOTES,219-Lake Havasu N. CG:4,0,,,
10,0,2,3,2,1,0,DEM,PRESIDENT OF THE UNITED STATES,OVER VOTES,220-Lake Havasu S. CG:4,0,,,
10,0,2,0,0,0,0,DEM,PRESIDENT OF THE UNITED STATES,OVER VOTES,221-Littlefield CG:4,0,,,
10,0,2,0,0,0,0,DEM,PRESIDENT OF THE UNITED STATES,OVER VOTES,222-Golden Shores CG:4,0,,,
10,0,2,0,0,0,0,DEM,PRESIDENT OF THE UNITED STATES,OVER VOTES,223-Moccasin CG:1,0,,,
10,0,2,0,0,0,0,DEM,PRESIDENT OF THE UNITED STATES,OVER VOTES,224-Peach Springs CG:1,0,,,
10,0,0,0,0,0,0,DEM,PRESIDENT OF THE UNITED STATES,UNDER VOTES,201-Wikieup CG:4,0,,,
10,0,0,0,0,0,0,DEM,PRESIDENT OF THE UNITED STATES,UNDER VOTES,202-White Hills CG:4,0,,,
10,0,0,0,0,0,0,DEM,PRESIDENT OF THE UNITED STATES,UNDER VOTES,203-Yucca CG:4,0,,,
10,0,0,0,0,0,0,DEM,PRESIDENT OF THE UNITED STATES,UNDER VOTES,204-Chloride CG:4,0,,,
10,0,0,0,0,0,0,DEM,PRESIDENT OF THE UNITED STATES,UNDER VOTES,205-North Canyon CG:4,0,,,
10,0,0,1,0,1,0,DEM,PRESIDENT OF THE UNITED STATES,UNDER VOTES,206-Oatman CG:4,0,,,
10,0,0,0,0,0,0,DEM,PRESIDENT OF THE UNITED STATES,UNDER VOTES,207-Desert Hills CG:4,0,,,
10,0,0,2,1,1,0,DEM,PRESIDENT OF THE UNITED STATES,UNDER VOTES,208-Meadview CG:4,0,,,
10,0,0,1,0,1,0,DEM,PRESIDENT OF THE UNITED STATES,UNDER VOTES,209-Dolan Springs CG:4,0,,,
10,0,1,4,1,1,2,DEM,PRESIDENT OF THE UNITED STATES,UNDER VOTES,210-Golden Valley CG:4,0,,,
10,0,1,24,4,19,1,DEM,PRESIDENT OF THE UNITED STATES,UNDER VOTES,211-Bullhead City CG:4,0,,,
10,0,1,9,2,7,0,DEM,PRESIDENT OF THE UNITED STATES,UNDER VOTES,212-Mohave Valley CG:4,0,,,
10,0,1,3,0,2,1,DEM,PRESIDENT OF THE UNITED STATES,UNDER VOTES,213-Hackberry CG:4,0,,,
10,0,1,0,0,0,0,DEM,PRESIDENT OF THE UNITED STATES,UNDER VOTES,214-Truxton CG:4,0,,,
10,0,1,2,1,1,0,DEM,PRESIDENT OF THE UNITED STATES,UNDER VOTES,215-Kingman Central CG:4,0,,,
10,0,1,8,2,5,1,DEM,PRESIDENT OF THE UNITED STATES,UNDER VOTES,216-Kingman North CG:4,0,,,
10,0,1,14,2,12,0,DEM,PRESIDENT OF THE UNITED STATES,UNDER VOTES,217-Kingman South CG:4,0,,,
10,0,1,13,5,8,0,DEM,PRESIDENT OF THE UNITED STATES,UNDER VOTES,218-Kingman East CG:4,0,,,
10,0,1,10,3,7,0,DEM,PRESIDENT OF THE UNITED STATES,UNDER VOTES,219-Lake Havasu N. CG:4,0,,,
10,0,2,26,7,19,0,DEM,PRESIDENT OF THE UNITED STATES,UNDER VOTES,220-Lake Havasu S. CG:4,0,,,
10,0,2,0,0,0,0,DEM,PRESIDENT OF THE UNITED STATES,UNDER VOTES,221-Littlefield CG:4,0,,,
10,0,2,0,0,0,0,DEM,PRESIDENT OF THE UNITED STATES,UNDER VOTES,222-Golden Shores CG:4,0,,,
10,0,2,0,0,0,0,DEM,PRESIDENT OF THE UNITED STATES,UNDER VOTES,223-Moccasin CG:1,0,,,
10,0,2,0,0,0,0,DEM,PRESIDENT OF THE UNITED STATES,UNDER VOTES,224-Peach Springs CG:1,0,,,
10,0,0,0,0,0,0,GRN,PRESIDENT OF THE UNITED STATES,"MESPLAY, KENT",201-Wikieup CG:4,0,,,
10,0,0,0,0,0,0,GRN,PRESIDENT OF THE UNITED STATES,"MESPLAY, KENT",202-White Hills CG:4,0,,,
10,0,0,0,0,0,0,GRN,PRESIDENT OF THE UNITED STATES,"MESPLAY, KENT",203-Yucca CG:4,0,,,
10,0,0,0,0,0,0,GRN,PRESIDENT OF THE UNITED STATES,"MESPLAY, KENT",204-Chloride CG:4,0,,,
10,0,0,0,0,0,0,GRN,PRESIDENT OF THE UNITED STATES,"MESPLAY, KENT",205-North Canyon CG:4,0,,,
10,0,0,0,0,0,0,GRN,PRESIDENT OF THE UNITED STATES,"MESPLAY, KENT",206-Oatman CG:4,0,,,
10,0,0,0,0,0,0,GRN,PRESIDENT OF THE UNITED STATES,"MESPLAY, KENT",207-Desert Hills CG:4,0,,,
10,0,0,0,0,0,0,GRN,PRESIDENT OF THE UNITED STATES,"MESPLAY, KENT",208-Meadview CG:4,0,,,
10,0,0,0,0,0,0,GRN,PRESIDENT OF THE UNITED STATES,"MESPLAY, KENT",209-Dolan Springs CG:4,0,,,
10,0,1,0,0,0,0,GRN,PRESIDENT OF THE UNITED STATES,"MESPLAY, KENT",210-Golden Valley CG:4,0,,,
10,0,1,0,0,0,0,GRN,PRESIDENT OF THE UNITED STATES,"MESPLAY, KENT",211-Bullhead City CG:4,0,,,
10,0,1,0,0,0,0,GRN,PRESIDENT OF THE UNITED STATES,"MESPLAY, KENT",212-Mohave Valley CG:4,0,,,
10,0,1,0,0,0,0,GRN,PRESIDENT OF THE UNITED STATES,"MESPLAY, KENT",213-Hackberry CG:4,0,,,
10,0,1,0,0,0,0,GRN,PRESIDENT OF THE UNITED STATES,"MESPLAY, KENT",214-Truxton CG:4,0,,,
10,0,1,0,0,0,0,GRN,PRESIDENT OF THE UNITED STATES,"MESPLAY, KENT",215-Kingman Central CG:4,0,,,
10,0,1,0,0,0,0,GRN,PRESIDENT OF THE UNITED STATES,"MESPLAY, KENT",216-Kingman North CG:4,0,,,
10,0,1,1,1,0,0,GRN,PRESIDENT OF THE UNITED STATES,"MESPLAY, KENT",217-Kingman South CG:4,0,,,
10,0,1,0,0,0,0,GRN,PRESIDENT OF THE UNITED STATES,"MESPLAY, KENT",218-Kingman East CG:4,0,,,
10,0,1,0,0,0,0,GRN,PRESIDENT OF THE UNITED STATES,"MESPLAY, KENT",219-Lake Havasu N. CG:4,0,,,
10,0,2,0,0,0,0,GRN,PRESIDENT OF THE UNITED STATES,"MESPLAY, KENT",220-Lake Havasu S. CG:4,0,,,
10,0,2,0,0,0,0,GRN,PRESIDENT OF THE UNITED STATES,"MESPLAY, KENT",221-Littlefield CG:4,0,,,
10,0,2,0,0,0,0,GRN,PRESIDENT OF THE UNITED STATES,"MESPLAY, KENT",222-Golden Shores CG:4,0,,,
10,0,2,0,0,0,0,GRN,PRESIDENT OF THE UNITED STATES,"MESPLAY, KENT",223-Moccasin CG:1,0,,,
10,0,2,0,0,0,0,GRN,PRESIDENT OF THE UNITED STATES,"MESPLAY, KENT",224-Peach Springs CG:1,0,,,
10,0,0,0,0,0,0,GRN,PRESIDENT OF THE UNITED STATES,"STEIN, JILL",201-Wikieup CG:4,0,,,
10,0,0,0,0,0,0,GRN,PRESIDENT OF THE UNITED STATES,"STEIN, JILL",202-White Hills CG:4,0,,,
10,0,0,0,0,0,0,GRN,PRESIDENT OF THE UNITED STATES,"STEIN, JILL",203-Yucca CG:4,0,,,
10,0,0,1,0,1,0,GRN,PRESIDENT OF THE UNITED STATES,"STEIN, JILL",204-Chloride CG:4,0,,,
10,0,0,0,0,0,0,GRN,PRESIDENT OF THE UNITED STATES,"STEIN, JILL",205-North Canyon CG:4,0,,,
10,0,0,0,0,0,0,GRN,PRESIDENT OF THE UNITED STATES,"STEIN, JILL",206-Oatman CG:4,0,,,
10,0,0,0,0,0,0,GRN,PRESIDENT OF THE UNITED STATES,"STEIN, JILL",207-Desert Hills CG:4,0,,,
10,0,0,1,0,1,0,GRN,PRESIDENT OF THE UNITED STATES,"STEIN, JILL",208-Meadview CG:4,0,,,
10,0,0,0,0,0,0,GRN,PRESIDENT OF THE UNITED STATES,"STEIN, JILL",209-Dolan Springs CG:4,0,,,
10,0,1,0,0,0,0,GRN,PRESIDENT OF THE UNITED STATES,"STEIN, JILL",210-Golden Valley CG:4,0,,,
10,0,1,0,0,0,0,GRN,PRESIDENT OF THE UNITED STATES,"STEIN, JILL",211-Bullhead City CG:4,0,,,
10,0,1,0,0,0,0,GRN,PRESIDENT OF THE UNITED STATES,"STEIN, JILL",212-Mohave Valley CG:4,0,,,
10,0,1,0,0,0,0,GRN,PRESIDENT OF THE UNITED STATES,"STEIN, JILL",213-Hackberry CG:4,0,,,
10,0,1,0,0,0,0,GRN,PRESIDENT OF THE UNITED STATES,"STEIN, JILL",214-Truxton CG:4,0,,,
10,0,1,0,0,0,0,GRN,PRESIDENT OF THE UNITED STATES,"STEIN, JILL",215-Kingman Central CG:4,0,,,
10,0,1,0,0,0,0,GRN,PRESIDENT OF THE UNITED STATES,"STEIN, JILL",216-Kingman North CG:4,0,,,
10,0,1,2,1,0,1,GRN,PRESIDENT OF THE UNITED STATES,"STEIN, JILL",217-Kingman South CG:4,0,,,
10,0,1,3,1,2,0,GRN,PRESIDENT OF THE UNITED STATES,"STEIN, JILL",218-Kingman East CG:4,0,,,
10,0,1,0,0,0,0,GRN,PRESIDENT OF THE UNITED STATES,"STEIN, JILL",219-Lake Havasu N. CG:4,0,,,
10,0,2,3,1,2,0,GRN,PRESIDENT OF THE UNITED STATES,"STEIN, JILL",220-Lake Havasu S. CG:4,0,,,
10,0,2,0,0,0,0,GRN,PRESIDENT OF THE UNITED STATES,"STEIN, JILL",221-Littlefield CG:4,0,,,
10,0,2,1,0,0,1,GRN,PRESIDENT OF THE UNITED STATES,"STEIN, JILL",222-Golden Shores CG:4,0,,,
10,0,2,0,0,0,0,GRN,PRESIDENT OF THE UNITED STATES,"STEIN, JILL",223-Moccasin CG:1,0,,,
10,0,2,0,0,0,0,GRN,PRESIDENT OF THE UNITED STATES,"STEIN, JILL",224-Peach Springs CG:1,0,,,
10,0,0,0,0,0,0,GRN,PRESIDENT OF THE UNITED STATES,OVER VOTES,201-Wikieup CG:4,0,,,
10,0,0,0,0,0,0,GRN,PRESIDENT OF THE UNITED STATES,OVER VOTES,202-White Hills CG:4,0,,,
10,0,0,0,0,0,0,GRN,PRESIDENT OF THE UNITED STATES,OVER VOTES,203-Yucca CG:4,0,,,
10,0,0,0,0,0,0,GRN,PRESIDENT OF THE UNITED STATES,OVER VOTES,204-Chloride CG:4,0,,,
10,0,0,0,0,0,0,GRN,PRESIDENT OF THE UNITED STATES,OVER VOTES,205-North Canyon CG:4,0,,,
10,0,0,0,0,0,0,GRN,PRESIDENT OF THE UNITED STATES,OVER VOTES,206-Oatman CG:4,0,,,
10,0,0,0,0,0,0,GRN,PRESIDENT OF THE UNITED STATES,OVER VOTES,207-Desert Hills CG:4,0,,,
10,0,0,0,0,0,0,GRN,PRESIDENT OF THE UNITED STATES,OVER VOTES,208-Meadview CG:4,0,,,
10,0,0,0,0,0,0,GRN,PRESIDENT OF THE UNITED STATES,OVER VOTES,209-Dolan Springs CG:4,0,,,
10,0,1,0,0,0,0,GRN,PRESIDENT OF THE UNITED STATES,OVER VOTES,210-Golden Valley CG:4,0,,,
10,0,1,0,0,0,0,GRN,PRESIDENT OF THE UNITED STATES,OVER VOTES,211-Bullhead City CG:4,0,,,
10,0,1,0,0,0,0,GRN,PRESIDENT OF THE UNITED STATES,OVER VOTES,212-Mohave Valley CG:4,0,,,
10,0,1,0,0,0,0,GRN,PRESIDENT OF THE UNITED STATES,OVER VOTES,213-Hackberry CG:4,0,,,
10,0,1,0,0,0,0,GRN,PRESIDENT OF THE UNITED STATES,OVER VOTES,214-Truxton CG:4,0,,,
10,0,1,0,0,0,0,GRN,PRESIDENT OF THE UNITED STATES,OVER VOTES,215-Kingman Central CG:4,0,,,
10,0,1,0,0,0,0,GRN,PRESIDENT OF THE UNITED STATES,OVER VOTES,216-Kingman North CG:4,0,,,
10,0,1,0,0,0,0,GRN,PRESIDENT OF THE UNITED STATES,OVER VOTES,217-Kingman South CG:4,0,,,
10,0,1,0,0,0,0,GRN,PRESIDENT OF THE UNITED STATES,OVER VOTES,218-Kingman East CG:4,0,,,
10,0,1,0,0,0,0,GRN,PRESIDENT OF THE UNITED STATES,OVER VOTES,219-Lake Havasu N. CG:4,0,,,
10,0,2,0,0,0,0,GRN,PRESIDENT OF THE UNITED STATES,OVER VOTES,220-Lake Havasu S. CG:4,0,,,
10,0,2,0,0,0,0,GRN,PRESIDENT OF THE UNITED STATES,OVER VOTES,221-Littlefield CG:4,0,,,
10,0,2,0,0,0,0,GRN,PRESIDENT OF THE UNITED STATES,OVER VOTES,222-Golden Shores CG:4,0,,,
10,0,2,0,0,0,0,GRN,PRESIDENT OF THE UNITED STATES,OVER VOTES,223-Moccasin CG:1,0,,,
10,0,2,0,0,0,0,GRN,PRESIDENT OF THE UNITED STATES,OVER VOTES,224-Peach Springs CG:1,0,,,
10,0,0,0,0,0,0,GRN,PRESIDENT OF THE UNITED STATES,UNDER VOTES,201-Wikieup CG:4,0,,,
10,0,0,0,0,0,0,GRN,PRESIDENT OF THE UNITED STATES,UNDER VOTES,202-White Hills CG:4,0,,,
10,0,0,0,0,0,0,GRN,PRESIDENT OF THE UNITED STATES,UNDER VOTES,203-Yucca CG:4,0,,,
10,0,0,0,0,0,0,GRN,PRESIDENT OF THE UNITED STATES,UNDER VOTES,204-Chloride CG:4,0,,,
10,0,0,0,0,0,0,GRN,PRESIDENT OF THE UNITED STATES,UNDER VOTES,205-North Canyon CG:4,0,,,
10,0,0,0,0,0,0,GRN,PRESIDENT OF THE UNITED STATES,UNDER VOTES,206-Oatman CG:4,0,,,
10,0,0,0,0,0,0,GRN,PRESIDENT OF THE UNITED STATES,UNDER VOTES,207-Desert Hills CG:4,0,,,
10,0,0,0,0,0,0,GRN,PRESIDENT OF THE UNITED STATES,UNDER VOTES,208-Meadview CG:4,0,,,
10,0,0,0,0,0,0,GRN,PRESIDENT OF THE UNITED STATES,UNDER VOTES,209-Dolan Springs CG:4,0,,,
10,0,1,0,0,0,0,GRN,PRESIDENT OF THE UNITED STATES,UNDER VOTES,210-Golden Valley CG:4,0,,,
10,0,1,1,1,0,0,GRN,PRESIDENT OF THE UNITED STATES,UNDER VOTES,211-Bullhead City CG:4,0,,,
10,0,1,0,0,0,0,GRN,PRESIDENT OF THE UNITED STATES,UNDER VOTES,212-Mohave Valley CG:4,0,,,
10,0,1,0,0,0,0,GRN,PRESIDENT OF THE UNITED STATES,UNDER VOTES,213-Hackberry CG:4,0,,,
10,0,1,0,0,0,0,GRN,PRESIDENT OF THE UNITED STATES,UNDER VOTES,214-Truxton CG:4,0,,,
10,0,1,0,0,0,0,GRN,PRESIDENT OF THE UNITED STATES,UNDER VOTES,215-Kingman Central CG:4,0,,,
10,0,1,0,0,0,0,GRN,PRESIDENT OF THE UNITED STATES,UNDER VOTES,216-Kingman North CG:4,0,,,
10,0,1,0,0,0,0,GRN,PRESIDENT OF THE UNITED STATES,UNDER VOTES,217-Kingman South CG:4,0,,,
10,0,1,0,0,0,0,GRN,PRESIDENT OF THE UNITED STATES,UNDER VOTES,218-Kingman East CG:4,0,,,
10,0,1,0,0,0,0,GRN,PRESIDENT OF THE UNITED STATES,UNDER VOTES,219-Lake Havasu N. CG:4,0,,,
10,0,2,0,0,0,0,GRN,PRESIDENT OF THE UNITED STATES,UNDER VOTES,220-Lake Havasu S. CG:4,0,,,
10,0,2,0,0,0,0,GRN,PRESIDENT OF THE UNITED STATES,UNDER VOTES,221-Littlefield CG:4,0,,,
10,0,2,0,0,0,0,GRN,PRESIDENT OF THE UNITED STATES,UNDER VOTES,222-Golden Shores CG:4,0,,,
10,0,2,0,0,0,0,GRN,PRESIDENT OF THE UNITED STATES,UNDER VOTES,223-Moccasin CG:1,0,,,
10,0,2,0,0,0,0,GRN,PRESIDENT OF THE UNITED STATES,UNDER VOTES,224-Peach Springs CG:1,0,,,
