county,precinct,office,district,party,candidate,votes,early_voting,late_votes,election_day,provisional
Graham,Solomon #1,Registered Voters,,,,1021,,,,
Graham,Safford #2,Registered Voters,,,,1762,,,,
Graham,Safford #3,Registered Voters,,,,687,,,,
Graham,Layton #4,Registered Voters,,,,614,,,,
Graham,Layton #5,Registered Voters,,,,1473,,,,
Graham,Thatcher #6,Registered Voters,,,,874,,,,
Graham,Thatcher #7,Registered Voters,,,,1793,,,,
Graham,Central #8,Registered Voters,,,,575,,,,
Graham,Pima #9,Registered Voters,,,,2545,,,,
Graham,Ft. Thomas #10,Registered Voters,,,,260,,,,
Graham,Bylas #11,Registered Voters,,,,1014,,,,
Graham,Klondyke #12,Registered Voters,,,,65,,,,
Graham,Bonita #13,Registered Voters,,,,150,,,,
Graham,Thunderbird #14,Registered Voters,,,,365,,,,
Graham,Safford #15,Registered Voters,,,,1626,,,,
Graham,Peridot #16,Registered Voters,,,,1036,,,,
Graham,Cactus #17,Registered Voters,,,,213,,,,
Graham,Jackson #18,Registered Voters,,,,1220,,,,
Graham,Desert Hills #19,Registered Voters,,,,1242,,,,
Graham,Artesia #20,Registered Voters,,,,796,,,,
Graham,Quatro Cerros #21,Registered Voters,,,,111,,,,
Graham,Gila River #22,Registered Voters,,,,45,,,,
Graham,Solomon #1,Ballots Cast,,,,607,346,55,206,0
Graham,Safford #2,Ballots Cast,,,,855,508,93,249,5
Graham,Safford #3,Ballots Cast,,,,418,271,24,121,2
Graham,Layton #4,Ballots Cast,,,,350,226,19,104,1
Graham,Layton #5,Ballots Cast,,,,849,530,102,213,4
Graham,Thatcher #6,Ballots Cast,,,,542,283,80,175,4
Graham,Thatcher #7,Ballots Cast,,,,1105,638,127,335,5
Graham,Central #8,Ballots Cast,,,,404,207,72,120,5
Graham,Pima #9,Ballots Cast,,,,1629,794,192,610,33
Graham,Ft. Thomas #10,Ballots Cast,,,,177,68,31,78,0
Graham,Bylas #11,Ballots Cast,,,,302,86,17,193,6
Graham,Klondyke #12,Ballots Cast,,,,50,39,3,7,1
Graham,Bonita #13,Ballots Cast,,,,126,45,29,46,6
Graham,Thunderbird #14,Ballots Cast,,,,229,121,21,85,2
Graham,Safford #15,Ballots Cast,,,,954,627,88,236,3
Graham,Peridot #16,Ballots Cast,,,,253,93,21,133,6
Graham,Cactus #17,Ballots Cast,,,,143,95,13,34,1
Graham,Jackson #18,Ballots Cast,,,,773,442,100,230,1
Graham,Desert Hills #19,Ballots Cast,,,,687,403,54,222,8
Graham,Artesia #20,Ballots Cast,,,,465,253,49,158,5
Graham,Quatro Cerros #21,Ballots Cast,,,,71,54,6,11,0
Graham,Gila River #22,Ballots Cast,,,,17,11,0,6,0
Graham,Solomon #1,U.S. Senate,,DEM,Mark Kelly,205,148,17,40,0
Graham,Safford #2,U.S. Senate,,DEM,Mark Kelly,335,240,35,60,0
Graham,Safford #3,U.S. Senate,,DEM,Mark Kelly,135,102,6,27,0
Graham,Layton #4,U.S. Senate,,DEM,Mark Kelly,143,108,7,28,0
Graham,Layton #5,U.S. Senate,,DEM,Mark Kelly,268,211,19,37,1
Graham,Thatcher #6,U.S. Senate,,DEM,Mark Kelly,96,62,10,24,0
Graham,Thatcher #7,U.S. Senate,,DEM,Mark Kelly,285,203,25,57,0
Graham,Central #8,U.S. Senate,,DEM,Mark Kelly,47,30,5,12,0
Graham,Pima #9,U.S. Senate,,DEM,Mark Kelly,297,211,22,64,0
Graham,Ft. Thomas #10,U.S. Senate,,DEM,Mark Kelly,22,15,4,3,0
Graham,Bylas #11,U.S. Senate,,DEM,Mark Kelly,267,79,11,172,5
Graham,Klondyke #12,U.S. Senate,,DEM,Mark Kelly,12,9,1,1,1
Graham,Bonita #13,U.S. Senate,,DEM,Mark Kelly,14,8,1,4,1
Graham,Thunderbird #14,U.S. Senate,,DEM,Mark Kelly,47,25,6,16,0
Graham,Safford #15,U.S. Senate,,DEM,Mark Kelly,368,285,29,53,1
Graham,Peridot #16,U.S. Senate,,DEM,Mark Kelly,217,82,18,112,5
Graham,Cactus #17,U.S. Senate,,DEM,Mark Kelly,41,38,0,3,0
Graham,Jackson #18,U.S. Senate,,DEM,Mark Kelly,170,108,23,39,0
Graham,Desert Hills #19,U.S. Senate,,DEM,Mark Kelly,147,118,13,15,1
Graham,Artesia #20,U.S. Senate,,DEM,Mark Kelly,101,61,15,24,1
Graham,Quatro Cerros #21,U.S. Senate,,DEM,Mark Kelly,17,17,0,0,0
Graham,Gila River #22,U.S. Senate,,DEM,Mark Kelly,9,8,0,1,0
Graham,Solomon #1,U.S. Senate,,REP,Blake Masters,382,184,37,161,0
Graham,Safford #2,U.S. Senate,,REP,Blake Masters,499,254,56,184,5
Graham,Safford #3,U.S. Senate,,REP,Blake Masters,265,153,16,94,2
Graham,Layton #4,U.S. Senate,,REP,Blake Masters,188,104,11,72,1
Graham,Layton #5,U.S. Senate,,REP,Blake Masters,555,300,80,172,3
Graham,Thatcher #6,U.S. Senate,,REP,Blake Masters,425,206,67,148,4
Graham,Thatcher #7,U.S. Senate,,REP,Blake Masters,784,413,99,268,4
Graham,Central #8,U.S. Senate,,REP,Blake Masters,350,171,67,107,5
Graham,Pima #9,U.S. Senate,,REP,Blake Masters,1282,550,169,531,32
Graham,Ft. Thomas #10,U.S. Senate,,REP,Blake Masters,152,52,27,73,0
Graham,Bylas #11,U.S. Senate,,REP,Blake Masters,26,4,6,15,1
Graham,Klondyke #12,U.S. Senate,,REP,Blake Masters,32,24,2,6,0
Graham,Bonita #13,U.S. Senate,,REP,Blake Masters,110,35,28,42,5
Graham,Thunderbird #14,U.S. Senate,,REP,Blake Masters,168,88,15,63,2
Graham,Safford #15,U.S. Senate,,REP,Blake Masters,549,316,56,175,2
Graham,Peridot #16,U.S. Senate,,REP,Blake Masters,27,6,2,18,1
Graham,Cactus #17,U.S. Senate,,REP,Blake Masters,94,51,12,30,1
Graham,Jackson #18,U.S. Senate,,REP,Blake Masters,580,326,72,181,1
Graham,Desert Hills #19,U.S. Senate,,REP,Blake Masters,511,266,40,198,7
Graham,Artesia #20,U.S. Senate,,REP,Blake Masters,350,184,34,128,4
Graham,Quatro Cerros #21,U.S. Senate,,REP,Blake Masters,51,36,5,10,0
Graham,Gila River #22,U.S. Senate,,REP,Blake Masters,8,3,0,5,0
Graham,Solomon #1,U.S. Senate,,LIB,Marc J. Victor,15,11,1,3,0
Graham,Safford #2,U.S. Senate,,LIB,Marc J. Victor,14,11,2,1,0
Graham,Safford #3,U.S. Senate,,LIB,Marc J. Victor,15,13,2,0,0
Graham,Layton #4,U.S. Senate,,LIB,Marc J. Victor,9,5,1,3,0
Graham,Layton #5,U.S. Senate,,LIB,Marc J. Victor,20,14,3,3,0
Graham,Thatcher #6,U.S. Senate,,LIB,Marc J. Victor,15,11,1,3,0
Graham,Thatcher #7,U.S. Senate,,LIB,Marc J. Victor,27,17,1,8,1
Graham,Central #8,U.S. Senate,,LIB,Marc J. Victor,5,5,0,0,0
Graham,Pima #9,U.S. Senate,,LIB,Marc J. Victor,31,19,0,11,1
Graham,Ft. Thomas #10,U.S. Senate,,LIB,Marc J. Victor,1,0,0,1,0
Graham,Bylas #11,U.S. Senate,,LIB,Marc J. Victor,6,3,0,3,0
Graham,Klondyke #12,U.S. Senate,,LIB,Marc J. Victor,5,5,0,0,0
Graham,Bonita #13,U.S. Senate,,LIB,Marc J. Victor,2,2,0,0,0
Graham,Thunderbird #14,U.S. Senate,,LIB,Marc J. Victor,5,2,0,3,0
Graham,Safford #15,U.S. Senate,,LIB,Marc J. Victor,24,14,3,7,0
Graham,Peridot #16,U.S. Senate,,LIB,Marc J. Victor,4,3,0,1,0
Graham,Cactus #17,U.S. Senate,,LIB,Marc J. Victor,6,4,1,1,0
Graham,Jackson #18,U.S. Senate,,LIB,Marc J. Victor,16,7,3,6,0
Graham,Desert Hills #19,U.S. Senate,,LIB,Marc J. Victor,22,14,0,8,0
Graham,Artesia #20,U.S. Senate,,LIB,Marc J. Victor,12,7,0,5,0
Graham,Quatro Cerros #21,U.S. Senate,,LIB,Marc J. Victor,1,1,0,0,0
Graham,Gila River #22,U.S. Senate,,LIB,Marc J. Victor,0,0,0,0,0
Graham,Solomon #1,U.S. Senate,,,Write-ins,2,2,0,0,0
Graham,Safford #2,U.S. Senate,,,Write-ins,3,2,0,1,0
Graham,Safford #3,U.S. Senate,,,Write-ins,0,0,0,0,0
Graham,Layton #4,U.S. Senate,,,Write-ins,0,0,0,0,0
Graham,Layton #5,U.S. Senate,,,Write-ins,0,0,0,0,0
Graham,Thatcher #6,U.S. Senate,,,Write-ins,0,0,0,0,0
Graham,Thatcher #7,U.S. Senate,,,Write-ins,1,1,0,0,0
Graham,Central #8,U.S. Senate,,,Write-ins,0,0,0,0,0
Graham,Pima #9,U.S. Senate,,,Write-ins,1,1,0,0,0
Graham,Ft. Thomas #10,U.S. Senate,,,Write-ins,0,0,0,0,0
Graham,Bylas #11,U.S. Senate,,,Write-ins,0,0,0,0,0
Graham,Klondyke #12,U.S. Senate,,,Write-ins,0,0,0,0,0
Graham,Bonita #13,U.S. Senate,,,Write-ins,0,0,0,0,0
Graham,Thunderbird #14,U.S. Senate,,,Write-ins,2,2,0,0,0
Graham,Safford #15,U.S. Senate,,,Write-ins,0,0,0,0,0
Graham,Peridot #16,U.S. Senate,,,Write-ins,0,0,0,0,0
Graham,Cactus #17,U.S. Senate,,,Write-ins,0,0,0,0,0
Graham,Jackson #18,U.S. Senate,,,Write-ins,0,0,0,0,0
Graham,Desert Hills #19,U.S. Senate,,,Write-ins,1,0,0,1,0
Graham,Artesia #20,U.S. Senate,,,Write-ins,1,1,0,0,0
Graham,Quatro Cerros #21,U.S. Senate,,,Write-ins,1,0,0,1,0
Graham,Gila River #22,U.S. Senate,,,Write-ins,0,0,0,0,0
Graham,Bylas #11,U.S. House,2,DEM,Tom O'Halleran,271,79,12,175,5
Graham,Peridot #16,U.S. House,2,DEM,Tom O'Halleran,218,82,19,111,6
Graham,Bylas #11,U.S. House,2,REP,Eli Crane,25,6,5,13,1
Graham,Peridot #16,U.S. House,2,REP,Eli Crane,26,7,2,17,0
Graham,Bylas #11,U.S. House,2,,Write-ins,0,0,0,0,0
Graham,Peridot #16,U.S. House,2,,Write-ins,2,0,0,2,0
Graham,Solomon #1,U.S. House,6,DEM,Kirsten Engel,180,136,12,32,0
Graham,Safford #2,U.S. House,6,DEM,Kirsten Engel,274,201,24,48,1
Graham,Safford #3,U.S. House,6,DEM,Kirsten Engel,116,93,5,18,0
Graham,Layton #4,U.S. House,6,DEM,Kirsten Engel,129,94,7,28,0
Graham,Layton #5,U.S. House,6,DEM,Kirsten Engel,232,181,21,29,1
Graham,Thatcher #6,U.S. House,6,DEM,Kirsten Engel,68,52,6,10,0
Graham,Thatcher #7,U.S. House,6,DEM,Kirsten Engel,240,169,24,47,0
Graham,Central #8,U.S. House,6,DEM,Kirsten Engel,38,27,2,9,0
Graham,Pima #9,U.S. House,6,DEM,Kirsten Engel,242,173,20,49,0
Graham,Ft. Thomas #10,U.S. House,6,DEM,Kirsten Engel,21,14,3,4,0
Graham,Klondyke #12,U.S. House,6,DEM,Kirsten Engel,13,11,1,1,0
Graham,Bonita #13,U.S. House,6,DEM,Kirsten Engel,9,6,0,3,0
Graham,Thunderbird #14,U.S. House,6,DEM,Kirsten Engel,38,21,6,11,0
Graham,Safford #15,U.S. House,6,DEM,Kirsten Engel,310,238,27,44,1
Graham,Cactus #17,U.S. House,6,DEM,Kirsten Engel,41,38,0,3,0
Graham,Jackson #18,U.S. House,6,DEM,Kirsten Engel,145,90,23,32,0
Graham,Desert Hills #19,U.S. House,6,DEM,Kirsten Engel,121,101,11,8,1
Graham,Artesia #20,U.S. House,6,DEM,Kirsten Engel,88,56,10,21,1
Graham,Quatro Cerros #21,U.S. House,6,DEM,Kirsten Engel,15,15,0,0,0
Graham,Gila River #22,U.S. House,6,DEM,Kirsten Engel,9,8,0,1,0
Graham,Solomon #1,U.S. House,6,REP,Juan Ciscomani,417,206,42,169,0
Graham,Safford #2,U.S. House,6,REP,Juan Ciscomani,564,293,68,199,4
Graham,Safford #3,U.S. House,6,REP,Juan Ciscomani,288,168,18,100,2
Graham,Layton #4,U.S. House,6,REP,Juan Ciscomani,216,128,12,75,1
Graham,Layton #5,U.S. House,6,REP,Juan Ciscomani,598,334,81,180,3
Graham,Thatcher #6,U.S. House,6,REP,Juan Ciscomani,468,227,72,165,4
Graham,Thatcher #7,U.S. House,6,REP,Juan Ciscomani,848,461,101,281,5
Graham,Central #8,U.S. House,6,REP,Juan Ciscomani,362,178,68,111,5
Graham,Pima #9,U.S. House,6,REP,Juan Ciscomani,1364,606,170,555,33
Graham,Ft. Thomas #10,U.S. House,6,REP,Juan Ciscomani,152,53,28,71,0
Graham,Klondyke #12,U.S. House,6,REP,Juan Ciscomani,35,27,2,6,0
Graham,Bonita #13,U.S. House,6,REP,Juan Ciscomani,116,39,28,43,6
Graham,Thunderbird #14,U.S. House,6,REP,Juan Ciscomani,182,95,15,70,2
Graham,Safford #15,U.S. House,6,REP,Juan Ciscomani,620,376,56,186,2
Graham,Cactus #17,U.S. House,6,REP,Juan Ciscomani,101,57,13,30,1
Graham,Jackson #18,U.S. House,6,REP,Juan Ciscomani,617,350,76,190,1
Graham,Desert Hills #19,U.S. House,6,REP,Juan Ciscomani,553,293,43,211,6
Graham,Artesia #20,U.S. House,6,REP,Juan Ciscomani,374,195,39,136,4
Graham,Quatro Cerros #21,U.S. House,6,REP,Juan Ciscomani,55,39,5,11,0
Graham,Gila River #22,U.S. House,6,REP,Juan Ciscomani,8,3,0,5,0
Graham,Solomon #1,U.S. House,6,,Write-ins,0,0,0,0,0
Graham,Safford #2,U.S. House,6,,Write-ins,0,0,0,0,0
Graham,Safford #3,U.S. House,6,,Write-ins,1,0,0,1,0
Graham,Layton #4,U.S. House,6,,Write-ins,0,0,0,0,0
Graham,Layton #5,U.S. House,6,,Write-ins,4,4,0,0,0
Graham,Thatcher #6,U.S. House,6,,Write-ins,0,0,0,0,0
Graham,Thatcher #7,U.S. House,6,,Write-ins,0,0,0,0,0
Graham,Central #8,U.S. House,6,,Write-ins,0,0,0,0,0
Graham,Pima #9,U.S. House,6,,Write-ins,2,2,0,0,0
Graham,Ft. Thomas #10,U.S. House,6,,Write-ins,0,0,0,0,0
Graham,Klondyke #12,U.S. House,6,,Write-ins,0,0,0,0,0
Graham,Bonita #13,U.S. House,6,,Write-ins,0,0,0,0,0
Graham,Thunderbird #14,U.S. House,6,,Write-ins,1,1,0,0,0
Graham,Safford #15,U.S. House,6,,Write-ins,0,0,0,0,0
Graham,Cactus #17,U.S. House,6,,Write-ins,0,0,0,0,0
Graham,Jackson #18,U.S. House,6,,Write-ins,1,0,0,1,0
Graham,Desert Hills #19,U.S. House,6,,Write-ins,1,0,0,1,0
Graham,Artesia #20,U.S. House,6,,Write-ins,1,1,0,0,0
Graham,Quatro Cerros #21,U.S. House,6,,Write-ins,0,0,0,0,0
Graham,Gila River #22,U.S. House,6,,Write-ins,0,0,0,0,0
Graham,Solomon #1,Governor,,DEM,Katie Hobbs,200,142,16,42,0
Graham,Safford #2,Governor,,DEM,Katie Hobbs,294,214,24,56,0
Graham,Safford #3,Governor,,DEM,Katie Hobbs,129,98,8,23,0
Graham,Layton #4,Governor,,DEM,Katie Hobbs,144,110,7,27,0
Graham,Layton #5,Governor,,DEM,Katie Hobbs,255,199,20,35,1
Graham,Thatcher #6,Governor,,DEM,Katie Hobbs,94,66,11,17,0
Graham,Thatcher #7,Governor,,DEM,Katie Hobbs,272,187,26,59,0
Graham,Central #8,Governor,,DEM,Katie Hobbs,45,33,5,7,0
Graham,Pima #9,Governor,,DEM,Katie Hobbs,276,190,22,63,1
Graham,Ft. Thomas #10,Governor,,DEM,Katie Hobbs,22,15,4,3,0
Graham,Bylas #11,Governor,,DEM,Katie Hobbs,265,79,12,169,5
Graham,Klondyke #12,Governor,,DEM,Katie Hobbs,14,11,1,1,1
Graham,Bonita #13,Governor,,DEM,Katie Hobbs,11,7,0,4,0
Graham,Thunderbird #14,Governor,,DEM,Katie Hobbs,41,24,5,12,0
Graham,Safford #15,Governor,,DEM,Katie Hobbs,350,265,33,51,1
Graham,Peridot #16,Governor,,DEM,Katie Hobbs,214,86,18,105,5
Graham,Cactus #17,Governor,,DEM,Katie Hobbs,41,38,1,2,0
Graham,Jackson #18,Governor,,DEM,Katie Hobbs,163,99,24,40,0
Graham,Desert Hills #19,Governor,,DEM,Katie Hobbs,138,109,14,14,1
Graham,Artesia #20,Governor,,DEM,Katie Hobbs,95,58,11,25,1
Graham,Quatro Cerros #21,Governor,,DEM,Katie Hobbs,14,14,0,0,0
Graham,Gila River #22,Governor,,DEM,Katie Hobbs,10,9,0,1,0
Graham,Solomon #1,Governor,,REP,Kari Lake,405,203,39,163,0
Graham,Safford #2,Governor,,REP,Kari Lake,545,280,68,192,5
Graham,Safford #3,Governor,,REP,Kari Lake,280,165,16,97,2
Graham,Layton #4,Governor,,REP,Kari Lake,194,105,12,76,1
Graham,Layton #5,Governor,,REP,Kari Lake,587,326,81,177,3
Graham,Thatcher #6,Governor,,REP,Kari Lake,438,209,69,156,4
Graham,Thatcher #7,Governor,,REP,Kari Lake,824,447,100,272,5
Graham,Central #8,Governor,,REP,Kari Lake,357,173,66,113,5
Graham,Pima #9,Governor,,REP,Kari Lake,1328,585,170,542,31
Graham,Ft. Thomas #10,Governor,,REP,Kari Lake,153,52,27,74,0
Graham,Bylas #11,Governor,,REP,Kari Lake,36,7,5,23,1
Graham,Klondyke #12,Governor,,REP,Kari Lake,35,28,2,5,0
Graham,Bonita #13,Governor,,REP,Kari Lake,115,38,29,42,6
Graham,Thunderbird #14,Governor,,REP,Kari Lake,182,91,16,73,2
Graham,Safford #15,Governor,,REP,Kari Lake,589,352,55,180,2
Graham,Peridot #16,Governor,,REP,Kari Lake,35,6,2,26,1
Graham,Cactus #17,Governor,,REP,Kari Lake,99,55,12,31,1
Graham,Jackson #18,Governor,,REP,Kari Lake,599,337,74,187,1
Graham,Desert Hills #19,Governor,,REP,Kari Lake,535,284,39,205,7
Graham,Artesia #20,Governor,,REP,Kari Lake,361,190,36,131,4
Graham,Quatro Cerros #21,Governor,,REP,Kari Lake,56,40,5,11,0
Graham,Gila River #22,Governor,,REP,Kari Lake,7,2,0,5,0
Graham,Solomon #1,Governor,,,Write-ins,0,0,0,0,0
Graham,Safford #2,Governor,,,Write-ins,1,1,0,0,0
Graham,Safford #3,Governor,,,Write-ins,1,0,0,1,0
Graham,Layton #4,Governor,,,Write-ins,1,0,0,1,0
Graham,Layton #5,Governor,,,Write-ins,1,1,0,0,0
Graham,Thatcher #6,Governor,,,Write-ins,4,3,0,1,0
Graham,Thatcher #7,Governor,,,Write-ins,1,0,0,1,0
Graham,Central #8,Governor,,,Write-ins,1,1,0,0,0
Graham,Pima #9,Governor,,,Write-ins,1,1,0,0,0
Graham,Ft. Thomas #10,Governor,,,Write-ins,0,0,0,0,0
Graham,Bylas #11,Governor,,,Write-ins,0,0,0,0,0
Graham,Klondyke #12,Governor,,,Write-ins,0,0,0,0,0
Graham,Bonita #13,Governor,,,Write-ins,0,0,0,0,0
Graham,Thunderbird #14,Governor,,,Write-ins,1,1,0,0,0
Graham,Safford #15,Governor,,,Write-ins,2,0,0,2,0
Graham,Peridot #16,Governor,,,Write-ins,1,0,1,0,0
Graham,Cactus #17,Governor,,,Write-ins,0,0,0,0,0
Graham,Jackson #18,Governor,,,Write-ins,2,1,1,0,0
Graham,Desert Hills #19,Governor,,,Write-ins,5,3,0,2,0
Graham,Artesia #20,Governor,,,Write-ins,3,2,1,0,0
Graham,Quatro Cerros #21,Governor,,,Write-ins,0,0,0,0,0
Graham,Gila River #22,Governor,,,Write-ins,0,0,0,0,0
Graham,Solomon #1,Secretary of State,,DEM,Adrian Fontes,205,146,16,43,0
Graham,Safford #2,Secretary of State,,DEM,Adrian Fontes,317,224,33,59,1
Graham,Safford #3,Secretary of State,,DEM,Adrian Fontes,131,102,7,22,0
Graham,Layton #4,Secretary of State,,DEM,Adrian Fontes,145,110,8,27,0
Graham,Layton #5,Secretary of State,,DEM,Adrian Fontes,269,211,23,34,1
Graham,Thatcher #6,Secretary of State,,DEM,Adrian Fontes,100,68,14,18,0
Graham,Thatcher #7,Secretary of State,,DEM,Adrian Fontes,283,200,32,51,0
Graham,Central #8,Secretary of State,,DEM,Adrian Fontes,49,37,5,7,0
Graham,Pima #9,Secretary of State,,DEM,Adrian Fontes,306,214,21,71,0
Graham,Ft. Thomas #10,Secretary of State,,DEM,Adrian Fontes,23,16,4,3,0
Graham,Bylas #11,Secretary of State,,DEM,Adrian Fontes,269,80,11,173,5
Graham,Klondyke #12,Secretary of State,,DEM,Adrian Fontes,14,11,1,1,1
Graham,Bonita #13,Secretary of State,,DEM,Adrian Fontes,13,8,0,4,1
Graham,Thunderbird #14,Secretary of State,,DEM,Adrian Fontes,50,29,6,15,0
Graham,Safford #15,Secretary of State,,DEM,Adrian Fontes,366,284,31,50,1
Graham,Peridot #16,Secretary of State,,DEM,Adrian Fontes,213,82,19,107,5
Graham,Cactus #17,Secretary of State,,DEM,Adrian Fontes,42,37,1,4,0
Graham,Jackson #18,Secretary of State,,DEM,Adrian Fontes,178,115,26,37,0
Graham,Desert Hills #19,Secretary of State,,DEM,Adrian Fontes,143,116,12,14,1
Graham,Artesia #20,Secretary of State,,DEM,Adrian Fontes,105,68,13,23,1
Graham,Quatro Cerros #21,Secretary of State,,DEM,Adrian Fontes,17,16,0,1,0
Graham,Gila River #22,Secretary of State,,DEM,Adrian Fontes,8,8,0,0,0
Graham,Solomon #1,Secretary of State,,REP,Mark Finchem,393,191,39,163,0
Graham,Safford #2,Secretary of State,,REP,Mark Finchem,516,267,57,188,4
Graham,Safford #3,Secretary of State,,REP,Mark Finchem,276,161,16,97,2
Graham,Layton #4,Secretary of State,,REP,Mark Finchem,190,103,11,75,1
Graham,Layton #5,Secretary of State,,REP,Mark Finchem,559,304,76,176,3
Graham,Thatcher #6,Secretary of State,,REP,Mark Finchem,429,206,64,155,4
Graham,Thatcher #7,Secretary of State,,REP,Mark Finchem,800,431,93,271,5
Graham,Central #8,Secretary of State,,REP,Mark Finchem,346,163,65,113,5
Graham,Pima #9,Secretary of State,,REP,Mark Finchem,1277,559,159,526,33
Graham,Ft. Thomas #10,Secretary of State,,REP,Mark Finchem,148,50,26,72,0
Graham,Bylas #11,Secretary of State,,REP,Mark Finchem,27,6,6,14,1
Graham,Klondyke #12,Secretary of State,,REP,Mark Finchem,34,27,2,5,0
Graham,Bonita #13,Secretary of State,,REP,Mark Finchem,110,35,28,42,5
Graham,Thunderbird #14,Secretary of State,,REP,Mark Finchem,168,85,15,66,2
Graham,Safford #15,Secretary of State,,REP,Mark Finchem,561,330,49,180,2
Graham,Peridot #16,Secretary of State,,REP,Mark Finchem,32,7,2,22,1
Graham,Cactus #17,Secretary of State,,REP,Mark Finchem,99,56,12,30,1
Graham,Jackson #18,Secretary of State,,REP,Mark Finchem,575,315,73,186,1
Graham,Desert Hills #19,Secretary of State,,REP,Mark Finchem,528,275,41,206,6
Graham,Artesia #20,Secretary of State,,REP,Mark Finchem,349,181,33,131,4
Graham,Quatro Cerros #21,Secretary of State,,REP,Mark Finchem,52,38,5,9,0
Graham,Gila River #22,Secretary of State,,REP,Mark Finchem,9,3,0,6,0
Graham,Solomon #1,Secretary of State,,,Write-ins,0,0,0,0,0
Graham,Safford #2,Secretary of State,,,Write-ins,0,0,0,0,0
Graham,Safford #3,Secretary of State,,,Write-ins,0,0,0,0,0
Graham,Layton #4,Secretary of State,,,Write-ins,0,0,0,0,0
Graham,Layton #5,Secretary of State,,,Write-ins,0,0,0,0,0
Graham,Thatcher #6,Secretary of State,,,Write-ins,0,0,0,0,0
Graham,Thatcher #7,Secretary of State,,,Write-ins,1,0,0,1,0
Graham,Central #8,Secretary of State,,,Write-ins,0,0,0,0,0
Graham,Pima #9,Secretary of State,,,Write-ins,7,1,5,1,0
Graham,Ft. Thomas #10,Secretary of State,,,Write-ins,0,0,0,0,0
Graham,Bylas #11,Secretary of State,,,Write-ins,0,0,0,0,0
Graham,Klondyke #12,Secretary of State,,,Write-ins,0,0,0,0,0
Graham,Bonita #13,Secretary of State,,,Write-ins,0,0,0,0,0
Graham,Thunderbird #14,Secretary of State,,,Write-ins,2,2,0,0,0
Graham,Safford #15,Secretary of State,,,Write-ins,2,0,1,1,0
Graham,Peridot #16,Secretary of State,,,Write-ins,1,0,0,1,0
Graham,Cactus #17,Secretary of State,,,Write-ins,0,0,0,0,0
Graham,Jackson #18,Secretary of State,,,Write-ins,1,0,0,1,0
Graham,Desert Hills #19,Secretary of State,,,Write-ins,0,0,0,0,0
Graham,Artesia #20,Secretary of State,,,Write-ins,0,0,0,0,0
Graham,Quatro Cerros #21,Secretary of State,,,Write-ins,0,0,0,0,0
Graham,Gila River #22,Secretary of State,,,Write-ins,0,0,0,0,0
Graham,Solomon #1,Attorney General,,DEM,Kris Mayes,196,143,12,41,0
Graham,Safford #2,Attorney General,,DEM,Kris Mayes,304,219,29,56,0
Graham,Safford #3,Attorney General,,DEM,Kris Mayes,125,98,6,21,0
Graham,Layton #4,Attorney General,,DEM,Kris Mayes,147,110,9,28,0
Graham,Layton #5,Attorney General,,DEM,Kris Mayes,252,195,21,35,1
Graham,Thatcher #6,Attorney General,,DEM,Kris Mayes,86,62,7,17,0
Graham,Thatcher #7,Attorney General,,DEM,Kris Mayes,269,190,27,52,0
Graham,Central #8,Attorney General,,DEM,Kris Mayes,45,31,4,10,0
Graham,Pima #9,Attorney General,,DEM,Kris Mayes,275,192,20,62,1
Graham,Ft. Thomas #10,Attorney General,,DEM,Kris Mayes,22,15,4,3,0
Graham,Bylas #11,Attorney General,,DEM,Kris Mayes,268,78,12,173,5
Graham,Klondyke #12,Attorney General,,DEM,Kris Mayes,13,10,1,1,1
Graham,Bonita #13,Attorney General,,DEM,Kris Mayes,11,7,1,3,0
Graham,Thunderbird #14,Attorney General,,DEM,Kris Mayes,44,26,6,12,0
Graham,Safford #15,Attorney General,,DEM,Kris Mayes,350,269,29,51,1
Graham,Peridot #16,Attorney General,,DEM,Kris Mayes,222,82,19,115,6
Graham,Cactus #17,Attorney General,,DEM,Kris Mayes,43,39,1,3,0
Graham,Jackson #18,Attorney General,,DEM,Kris Mayes,157,99,25,33,0
Graham,Desert Hills #19,Attorney General,,DEM,Kris Mayes,136,106,13,16,1
Graham,Artesia #20,Attorney General,,DEM,Kris Mayes,94,60,12,21,1
Graham,Quatro Cerros #21,Attorney General,,DEM,Kris Mayes,16,16,0,0,0
Graham,Gila River #22,Attorney General,,DEM,Kris Mayes,9,9,0,0,0
Graham,Solomon #1,Attorney General,,REP,"Abraham ""Abe"" Hamadeh",388,185,40,163,0
Graham,Safford #2,Attorney General,,REP,"Abraham ""Abe"" Hamadeh",525,268,62,190,5
Graham,Safford #3,Attorney General,,REP,"Abraham ""Abe"" Hamadeh",284,167,18,97,2
Graham,Layton #4,Attorney General,,REP,"Abraham ""Abe"" Hamadeh",188,103,10,74,1
Graham,Layton #5,Attorney General,,REP,"Abraham ""Abe"" Hamadeh",576,318,79,176,3
Graham,Thatcher #6,Attorney General,,REP,"Abraham ""Abe"" Hamadeh",446,216,72,154,4
Graham,Thatcher #7,Attorney General,,REP,"Abraham ""Abe"" Hamadeh",812,441,97,269,5
Graham,Central #8,Attorney General,,REP,"Abraham ""Abe"" Hamadeh",354,173,66,110,5
Graham,Pima #9,Attorney General,,REP,"Abraham ""Abe"" Hamadeh",1316,578,166,540,32
Graham,Ft. Thomas #10,Attorney General,,REP,"Abraham ""Abe"" Hamadeh",148,51,25,72,0
Graham,Bylas #11,Attorney General,,REP,"Abraham ""Abe"" Hamadeh",28,8,5,14,1
Graham,Klondyke #12,Attorney General,,REP,"Abraham ""Abe"" Hamadeh",35,28,2,5,0
Graham,Bonita #13,Attorney General,,REP,"Abraham ""Abe"" Hamadeh",112,36,27,43,6
Graham,Thunderbird #14,Attorney General,,REP,"Abraham ""Abe"" Hamadeh",176,88,15,71,2
Graham,Safford #15,Attorney General,,REP,"Abraham ""Abe"" Hamadeh",577,342,54,180,1
Graham,Peridot #16,Attorney General,,REP,"Abraham ""Abe"" Hamadeh",27,8,2,17,0
Graham,Cactus #17,Attorney General,,REP,"Abraham ""Abe"" Hamadeh",96,53,11,31,1
Graham,Jackson #18,Attorney General,,REP,"Abraham ""Abe"" Hamadeh",596,335,73,187,1
Graham,Desert Hills #19,Attorney General,,REP,"Abraham ""Abe"" Hamadeh",535,284,40,205,6
Graham,Artesia #20,Attorney General,,REP,"Abraham ""Abe"" Hamadeh",360,189,35,132,4
Graham,Quatro Cerros #21,Attorney General,,REP,"Abraham ""Abe"" Hamadeh",53,38,5,10,0
Graham,Gila River #22,Attorney General,,REP,"Abraham ""Abe"" Hamadeh",8,2,0,6,0
Graham,Solomon #1,Attorney General,,,Write-ins,4,3,0,1,0
Graham,Safford #2,Attorney General,,,Write-ins,2,1,0,1,0
Graham,Safford #3,Attorney General,,,Write-ins,0,0,0,0,0
Graham,Layton #4,Attorney General,,,Write-ins,1,1,0,0,0
Graham,Layton #5,Attorney General,,,Write-ins,2,1,1,0,0
Graham,Thatcher #6,Attorney General,,,Write-ins,2,0,0,2,0
Graham,Thatcher #7,Attorney General,,,Write-ins,2,0,0,2,0
Graham,Central #8,Attorney General,,,Write-ins,0,0,0,0,0
Graham,Pima #9,Attorney General,,,Write-ins,2,2,0,0,0
Graham,Ft. Thomas #10,Attorney General,,,Write-ins,0,0,0,0,0
Graham,Bylas #11,Attorney General,,,Write-ins,0,0,0,0,0
Graham,Klondyke #12,Attorney General,,,Write-ins,0,0,0,0,0
Graham,Bonita #13,Attorney General,,,Write-ins,0,0,0,0,0
Graham,Thunderbird #14,Attorney General,,,Write-ins,1,1,0,0,0
Graham,Safford #15,Attorney General,,,Write-ins,0,0,0,0,0
Graham,Peridot #16,Attorney General,,,Write-ins,0,0,0,0,0
Graham,Cactus #17,Attorney General,,,Write-ins,0,0,0,0,0
Graham,Jackson #18,Attorney General,,,Write-ins,1,0,0,1,0
Graham,Desert Hills #19,Attorney General,,,Write-ins,0,0,0,0,0
Graham,Artesia #20,Attorney General,,,Write-ins,0,0,0,0,0
Graham,Quatro Cerros #21,Attorney General,,,Write-ins,0,0,0,0,0
Graham,Gila River #22,Attorney General,,,Write-ins,0,0,0,0,0
Graham,Solomon #1,State Treasurer,,DEM,Martin Quezada,183,130,15,38,0
Graham,Safford #2,State Treasurer,,DEM,Martin Quezada,269,192,22,54,1
Graham,Safford #3,State Treasurer,,DEM,Martin Quezada,107,84,6,17,0
Graham,Layton #4,State Treasurer,,DEM,Martin Quezada,123,93,7,23,0
Graham,Layton #5,State Treasurer,,DEM,Martin Quezada,214,166,18,29,1
Graham,Thatcher #6,State Treasurer,,DEM,Martin Quezada,65,52,3,10,0
Graham,Thatcher #7,State Treasurer,,DEM,Martin Quezada,202,153,16,33,0
Graham,Central #8,State Treasurer,,DEM,Martin Quezada,26,17,3,6,0
Graham,Pima #9,State Treasurer,,DEM,Martin Quezada,211,150,18,43,0
Graham,Ft. Thomas #10,State Treasurer,,DEM,Martin Quezada,19,12,4,3,0
Graham,Bylas #11,State Treasurer,,DEM,Martin Quezada,258,78,11,165,4
Graham,Klondyke #12,State Treasurer,,DEM,Martin Quezada,12,9,1,1,1
Graham,Bonita #13,State Treasurer,,DEM,Martin Quezada,10,6,0,3,1
Graham,Thunderbird #14,State Treasurer,,DEM,Martin Quezada,36,19,6,11,0
Graham,Safford #15,State Treasurer,,DEM,Martin Quezada,305,236,26,42,1
Graham,Peridot #16,State Treasurer,,DEM,Martin Quezada,206,77,19,107,3
Graham,Cactus #17,State Treasurer,,DEM,Martin Quezada,36,33,0,3,0
Graham,Jackson #18,State Treasurer,,DEM,Martin Quezada,131,83,21,27,0
Graham,Desert Hills #19,State Treasurer,,DEM,Martin Quezada,111,90,11,9,1
Graham,Artesia #20,State Treasurer,,DEM,Martin Quezada,76,50,8,17,1
Graham,Quatro Cerros #21,State Treasurer,,DEM,Martin Quezada,14,14,0,0,0
Graham,Gila River #22,State Treasurer,,DEM,Martin Quezada,9,8,0,1,0
Graham,Solomon #1,State Treasurer,,REP,Kimberly Yee,411,205,39,167,0
Graham,Safford #2,State Treasurer,,REP,Kimberly Yee,563,299,68,192,4
Graham,Safford #3,State Treasurer,,REP,Kimberly Yee,298,180,17,99,2
Graham,Layton #4,State Treasurer,,REP,Kimberly Yee,218,126,12,79,1
Graham,Layton #5,State Treasurer,,REP,Kimberly Yee,619,352,83,181,3
Graham,Thatcher #6,State Treasurer,,REP,Kimberly Yee,466,225,76,161,4
Graham,Thatcher #7,State Treasurer,,REP,Kimberly Yee,881,477,109,290,5
Graham,Central #8,State Treasurer,,REP,Kimberly Yee,374,187,68,114,5
Graham,Pima #9,State Treasurer,,REP,Kimberly Yee,1384,623,170,559,32
Graham,Ft. Thomas #10,State Treasurer,,REP,Kimberly Yee,152,54,26,72,0
Graham,Bylas #11,State Treasurer,,REP,Kimberly Yee,35,8,6,19,2
Graham,Klondyke #12,State Treasurer,,REP,Kimberly Yee,36,29,2,5,0
Graham,Bonita #13,State Treasurer,,REP,Kimberly Yee,113,37,28,43,5
Graham,Thunderbird #14,State Treasurer,,REP,Kimberly Yee,183,97,14,70,2
Graham,Safford #15,State Treasurer,,REP,Kimberly Yee,621,375,57,188,1
Graham,Peridot #16,State Treasurer,,REP,Kimberly Yee,42,13,2,24,3
Graham,Cactus #17,State Treasurer,,REP,Kimberly Yee,101,57,12,31,1
Graham,Jackson #18,State Treasurer,,REP,Kimberly Yee,624,350,78,195,1
Graham,Desert Hills #19,State Treasurer,,REP,Kimberly Yee,560,303,41,210,6
Graham,Artesia #20,State Treasurer,,REP,Kimberly Yee,379,199,39,137,4
Graham,Quatro Cerros #21,State Treasurer,,REP,Kimberly Yee,54,38,5,11,0
Graham,Gila River #22,State Treasurer,,REP,Kimberly Yee,8,3,0,5,0
Graham,Solomon #1,State Treasurer,,,Write-ins,1,1,0,0,0
Graham,Safford #2,State Treasurer,,,Write-ins,0,0,0,0,0
Graham,Safford #3,State Treasurer,,,Write-ins,1,0,0,1,0
Graham,Layton #4,State Treasurer,,,Write-ins,0,0,0,0,0
Graham,Layton #5,State Treasurer,,,Write-ins,1,0,0,1,0
Graham,Thatcher #6,State Treasurer,,,Write-ins,2,0,0,2,0
Graham,Thatcher #7,State Treasurer,,,Write-ins,0,0,0,0,0
Graham,Central #8,State Treasurer,,,Write-ins,0,0,0,0,0
Graham,Pima #9,State Treasurer,,,Write-ins,1,1,0,0,0
Graham,Ft. Thomas #10,State Treasurer,,,Write-ins,0,0,0,0,0
Graham,Bylas #11,State Treasurer,,,Write-ins,0,0,0,0,0
Graham,Klondyke #12,State Treasurer,,,Write-ins,0,0,0,0,0
Graham,Bonita #13,State Treasurer,,,Write-ins,0,0,0,0,0
Graham,Thunderbird #14,State Treasurer,,,Write-ins,1,1,0,0,0
Graham,Safford #15,State Treasurer,,,Write-ins,0,0,0,0,0
Graham,Peridot #16,State Treasurer,,,Write-ins,0,0,0,0,0
Graham,Cactus #17,State Treasurer,,,Write-ins,0,0,0,0,0
Graham,Jackson #18,State Treasurer,,,Write-ins,0,0,0,0,0
Graham,Desert Hills #19,State Treasurer,,,Write-ins,0,0,0,0,0
Graham,Artesia #20,State Treasurer,,,Write-ins,0,0,0,0,0
Graham,Quatro Cerros #21,State Treasurer,,,Write-ins,0,0,0,0,0
Graham,Gila River #22,State Treasurer,,,Write-ins,0,0,0,0,0
Graham,Solomon #1,Superintendent of Public Instruction,,DEM,Kathy Hoffman,210,149,19,42,0
Graham,Safford #2,Superintendent of Public Instruction,,DEM,Kathy Hoffman,325,228,36,61,0
Graham,Safford #3,Superintendent of Public Instruction,,DEM,Kathy Hoffman,134,101,9,24,0
Graham,Layton #4,Superintendent of Public Instruction,,DEM,Kathy Hoffman,140,100,10,30,0
Graham,Layton #5,Superintendent of Public Instruction,,DEM,Kathy Hoffman,268,208,25,34,1
Graham,Thatcher #6,Superintendent of Public Instruction,,DEM,Kathy Hoffman,101,73,12,16,0
Graham,Thatcher #7,Superintendent of Public Instruction,,DEM,Kathy Hoffman,287,195,30,62,0
Graham,Central #8,Superintendent of Public Instruction,,DEM,Kathy Hoffman,41,25,9,7,0
Graham,Pima #9,Superintendent of Public Instruction,,DEM,Kathy Hoffman,306,207,28,71,0
Graham,Ft. Thomas #10,Superintendent of Public Instruction,,DEM,Kathy Hoffman,25,15,7,3,0
Graham,Bylas #11,Superintendent of Public Instruction,,DEM,Kathy Hoffman,257,76,11,165,5
Graham,Klondyke #12,Superintendent of Public Instruction,,DEM,Kathy Hoffman,17,14,1,1,1
Graham,Bonita #13,Superintendent of Public Instruction,,DEM,Kathy Hoffman,14,7,1,5,1
Graham,Thunderbird #14,Superintendent of Public Instruction,,DEM,Kathy Hoffman,44,27,6,11,0
Graham,Safford #15,Superintendent of Public Instruction,,DEM,Kathy Hoffman,355,266,30,58,1
Graham,Peridot #16,Superintendent of Public Instruction,,DEM,Kathy Hoffman,215,81,19,109,6
Graham,Cactus #17,Superintendent of Public Instruction,,DEM,Kathy Hoffman,46,42,0,4,0
Graham,Jackson #18,Superintendent of Public Instruction,,DEM,Kathy Hoffman,176,117,26,33,0
Graham,Desert Hills #19,Superintendent of Public Instruction,,DEM,Kathy Hoffman,139,105,14,19,1
Graham,Artesia #20,Superintendent of Public Instruction,,DEM,Kathy Hoffman,97,61,13,22,1
Graham,Quatro Cerros #21,Superintendent of Public Instruction,,DEM,Kathy Hoffman,16,16,0,0,0
Graham,Gila River #22,Superintendent of Public Instruction,,DEM,Kathy Hoffman,9,8,0,1,0
Graham,Solomon #1,Superintendent of Public Instruction,,REP,Tom Horne,390,191,36,163,0
Graham,Safford #2,Superintendent of Public Instruction,,REP,Tom Horne,510,266,53,186,5
Graham,Safford #3,Superintendent of Public Instruction,,REP,Tom Horne,270,164,13,91,2
Graham,Layton #4,Superintendent of Public Instruction,,REP,Tom Horne,199,118,9,71,1
Graham,Layton #5,Superintendent of Public Instruction,,REP,Tom Horne,563,309,75,176,3
Graham,Thatcher #6,Superintendent of Public Instruction,,REP,Tom Horne,433,207,67,156,3
Graham,Thatcher #7,Superintendent of Public Instruction,,REP,Tom Horne,798,433,96,264,5
Graham,Central #8,Superintendent of Public Instruction,,REP,Tom Horne,357,178,62,112,5
Graham,Pima #9,Superintendent of Public Instruction,,REP,Tom Horne,1289,566,161,530,32
Graham,Ft. Thomas #10,Superintendent of Public Instruction,,REP,Tom Horne,146,51,24,71,0
Graham,Bylas #11,Superintendent of Public Instruction,,REP,Tom Horne,37,9,6,21,1
Graham,Klondyke #12,Superintendent of Public Instruction,,REP,Tom Horne,31,24,2,5,0
Graham,Bonita #13,Superintendent of Public Instruction,,REP,Tom Horne,109,36,27,41,5
Graham,Thunderbird #14,Superintendent of Public Instruction,,REP,Tom Horne,174,86,15,71,2
Graham,Safford #15,Superintendent of Public Instruction,,REP,Tom Horne,575,346,55,173,1
Graham,Peridot #16,Superintendent of Public Instruction,,REP,Tom Horne,32,8,2,22,0
Graham,Cactus #17,Superintendent of Public Instruction,,REP,Tom Horne,93,50,12,30,1
Graham,Jackson #18,Superintendent of Public Instruction,,REP,Tom Horne,575,314,73,187,1
Graham,Desert Hills #19,Superintendent of Public Instruction,,REP,Tom Horne,528,285,38,199,6
Graham,Artesia #20,Superintendent of Public Instruction,,REP,Tom Horne,357,187,32,134,4
Graham,Quatro Cerros #21,Superintendent of Public Instruction,,REP,Tom Horne,53,38,5,10,0
Graham,Gila River #22,Superintendent of Public Instruction,,REP,Tom Horne,8,3,0,5,0
Graham,Solomon #1,Superintendent of Public Instruction,,,Write-ins,0,0,0,0,0
Graham,Safford #2,Superintendent of Public Instruction,,,Write-ins,2,1,1,0,0
Graham,Safford #3,Superintendent of Public Instruction,,,Write-ins,1,0,0,1,0
Graham,Layton #4,Superintendent of Public Instruction,,,Write-ins,1,0,0,1,0
Graham,Layton #5,Superintendent of Public Instruction,,,Write-ins,1,0,1,0,0
Graham,Thatcher #6,Superintendent of Public Instruction,,,Write-ins,1,0,0,1,0
Graham,Thatcher #7,Superintendent of Public Instruction,,,Write-ins,1,1,0,0,0
Graham,Central #8,Superintendent of Public Instruction,,,Write-ins,0,0,0,0,0
Graham,Pima #9,Superintendent of Public Instruction,,,Write-ins,2,2,0,0,0
Graham,Ft. Thomas #10,Superintendent of Public Instruction,,,Write-ins,1,0,0,1,0
Graham,Bylas #11,Superintendent of Public Instruction,,,Write-ins,0,0,0,0,0
Graham,Klondyke #12,Superintendent of Public Instruction,,,Write-ins,0,0,0,0,0
Graham,Bonita #13,Superintendent of Public Instruction,,,Write-ins,0,0,0,0,0
Graham,Thunderbird #14,Superintendent of Public Instruction,,,Write-ins,2,2,0,0,0
Graham,Safford #15,Superintendent of Public Instruction,,,Write-ins,0,0,0,0,0
Graham,Peridot #16,Superintendent of Public Instruction,,,Write-ins,0,0,0,0,0
Graham,Cactus #17,Superintendent of Public Instruction,,,Write-ins,0,0,0,0,0
Graham,Jackson #18,Superintendent of Public Instruction,,,Write-ins,0,0,0,0,0
Graham,Desert Hills #19,Superintendent of Public Instruction,,,Write-ins,1,0,0,1,0
Graham,Artesia #20,Superintendent of Public Instruction,,,Write-ins,0,0,0,0,0
Graham,Quatro Cerros #21,Superintendent of Public Instruction,,,Write-ins,0,0,0,0,0
Graham,Gila River #22,Superintendent of Public Instruction,,,Write-ins,0,0,0,0,0
Graham,Solomon #1,State Mine Inspector,,REP,Paul Marsh,485,258,45,182,0
Graham,Safford #2,State Mine Inspector,,REP,Paul Marsh,693,389,79,220,5
Graham,Safford #3,State Mine Inspector,,REP,Paul Marsh,333,207,17,107,2
Graham,Layton #4,State Mine Inspector,,REP,Paul Marsh,257,156,15,85,1
Graham,Layton #5,State Mine Inspector,,REP,Paul Marsh,694,413,86,191,4
Graham,Thatcher #6,State Mine Inspector,,REP,Paul Marsh,487,241,75,168,3
Graham,Thatcher #7,State Mine Inspector,,REP,Paul Marsh,938,514,113,306,5
Graham,Central #8,State Mine Inspector,,REP,Paul Marsh,369,186,64,114,5
Graham,Pima #9,State Mine Inspector,,REP,Paul Marsh,1448,676,175,567,30
Graham,Ft. Thomas #10,State Mine Inspector,,REP,Paul Marsh,155,56,24,75,0
Graham,Bylas #11,State Mine Inspector,,REP,Paul Marsh,168,58,12,93,5
Graham,Klondyke #12,State Mine Inspector,,REP,Paul Marsh,36,28,2,6,0
Graham,Bonita #13,State Mine Inspector,,REP,Paul Marsh,115,38,28,43,6
Graham,Thunderbird #14,State Mine Inspector,,REP,Paul Marsh,202,105,19,76,2
Graham,Safford #15,State Mine Inspector,,REP,Paul Marsh,729,447,71,209,2
Graham,Peridot #16,State Mine Inspector,,REP,Paul Marsh,157,57,10,87,3
Graham,Cactus #17,State Mine Inspector,,REP,Paul Marsh,109,65,12,31,1
Graham,Jackson #18,State Mine Inspector,,REP,Paul Marsh,662,374,85,202,1
Graham,Desert Hills #19,State Mine Inspector,,REP,Paul Marsh,594,325,51,212,6
Graham,Artesia #20,State Mine Inspector,,REP,Paul Marsh,411,217,45,145,4
Graham,Quatro Cerros #21,State Mine Inspector,,REP,Paul Marsh,59,44,5,10,0
Graham,Gila River #22,State Mine Inspector,,REP,Paul Marsh,14,8,0,6,0
Graham,Solomon #1,State Mine Inspector,,,Write-ins,6,3,0,3,0
Graham,Safford #2,State Mine Inspector,,,Write-ins,14,8,1,5,0
Graham,Safford #3,State Mine Inspector,,,Write-ins,2,1,0,1,0
Graham,Layton #4,State Mine Inspector,,,Write-ins,7,4,0,3,0
Graham,Layton #5,State Mine Inspector,,,Write-ins,8,4,2,2,0
Graham,Thatcher #6,State Mine Inspector,,,Write-ins,6,6,0,0,0
Graham,Thatcher #7,State Mine Inspector,,,Write-ins,6,3,0,3,0
Graham,Central #8,State Mine Inspector,,,Write-ins,1,1,0,0,0
Graham,Pima #9,State Mine Inspector,,,Write-ins,2,2,0,0,0
Graham,Ft. Thomas #10,State Mine Inspector,,,Write-ins,1,1,0,0,0
Graham,Bylas #11,State Mine Inspector,,,Write-ins,11,3,0,8,0
Graham,Klondyke #12,State Mine Inspector,,,Write-ins,0,0,0,0,0
Graham,Bonita #13,State Mine Inspector,,,Write-ins,0,0,0,0,0
Graham,Thunderbird #14,State Mine Inspector,,,Write-ins,0,0,0,0,0
Graham,Safford #15,State Mine Inspector,,,Write-ins,7,3,3,1,0
Graham,Peridot #16,State Mine Inspector,,,Write-ins,14,7,1,5,1
Graham,Cactus #17,State Mine Inspector,,,Write-ins,4,3,0,1,0
Graham,Jackson #18,State Mine Inspector,,,Write-ins,4,1,1,2,0
Graham,Desert Hills #19,State Mine Inspector,,,Write-ins,3,1,1,1,0
Graham,Artesia #20,State Mine Inspector,,,Write-ins,6,3,0,2,1
Graham,Quatro Cerros #21,State Mine Inspector,,,Write-ins,2,2,0,0,0
Graham,Gila River #22,State Mine Inspector,,,Write-ins,0,0,0,0,0
Graham,Solomon #1,Corporation Commissioner,,DEM,Lauren Kuby,154,115,13,26,0
Graham,Safford #2,Corporation Commissioner,,DEM,Lauren Kuby,233,175,24,34,0
Graham,Safford #3,Corporation Commissioner,,DEM,Lauren Kuby,89,73,3,13,0
Graham,Layton #4,Corporation Commissioner,,DEM,Lauren Kuby,109,87,3,19,0
Graham,Layton #5,Corporation Commissioner,,DEM,Lauren Kuby,182,147,18,16,1
Graham,Thatcher #6,Corporation Commissioner,,DEM,Lauren Kuby,68,47,14,7,0
Graham,Thatcher #7,Corporation Commissioner,,DEM,Lauren Kuby,198,151,15,32,0
Graham,Central #8,Corporation Commissioner,,DEM,Lauren Kuby,27,21,1,5,0
Graham,Pima #9,Corporation Commissioner,,DEM,Lauren Kuby,197,145,16,36,0
Graham,Ft. Thomas #10,Corporation Commissioner,,DEM,Lauren Kuby,15,10,2,3,0
Graham,Bylas #11,Corporation Commissioner,,DEM,Lauren Kuby,164,52,9,100,3
Graham,Klondyke #12,Corporation Commissioner,,DEM,Lauren Kuby,11,8,1,1,1
Graham,Bonita #13,Corporation Commissioner,,DEM,Lauren Kuby,8,5,1,2,0
Graham,Thunderbird #14,Corporation Commissioner,,DEM,Lauren Kuby,38,23,6,9,0
Graham,Safford #15,Corporation Commissioner,,DEM,Lauren Kuby,271,205,26,39,1
Graham,Peridot #16,Corporation Commissioner,,DEM,Lauren Kuby,153,61,14,73,5
Graham,Cactus #17,Corporation Commissioner,,DEM,Lauren Kuby,33,31,0,2,0
Graham,Jackson #18,Corporation Commissioner,,DEM,Lauren Kuby,123,79,23,21,0
Graham,Desert Hills #19,Corporation Commissioner,,DEM,Lauren Kuby,102,83,10,8,1
Graham,Artesia #20,Corporation Commissioner,,DEM,Lauren Kuby,74,52,11,10,1
Graham,Quatro Cerros #21,Corporation Commissioner,,DEM,Lauren Kuby,14,14,0,0,0
Graham,Gila River #22,Corporation Commissioner,,DEM,Lauren Kuby,8,8,0,0,0
Graham,Solomon #1,Corporation Commissioner,,DEM,Sandra Kennedy,188,137,14,37,0
Graham,Safford #2,Corporation Commissioner,,DEM,Sandra Kennedy,281,207,21,52,1
Graham,Safford #3,Corporation Commissioner,,DEM,Sandra Kennedy,121,99,4,18,0
Graham,Layton #4,Corporation Commissioner,,DEM,Sandra Kennedy,128,98,9,21,0
Graham,Layton #5,Corporation Commissioner,,DEM,Sandra Kennedy,224,176,17,31,0
Graham,Thatcher #6,Corporation Commissioner,,DEM,Sandra Kennedy,66,46,8,12,0
Graham,Thatcher #7,Corporation Commissioner,,DEM,Sandra Kennedy,231,166,22,43,0
Graham,Central #8,Corporation Commissioner,,DEM,Sandra Kennedy,40,31,3,6,0
Graham,Pima #9,Corporation Commissioner,,DEM,Sandra Kennedy,248,174,20,54,0
Graham,Ft. Thomas #10,Corporation Commissioner,,DEM,Sandra Kennedy,14,10,3,1,0
Graham,Bylas #11,Corporation Commissioner,,DEM,Sandra Kennedy,233,64,12,153,4
Graham,Klondyke #12,Corporation Commissioner,,DEM,Sandra Kennedy,13,10,1,1,1
Graham,Bonita #13,Corporation Commissioner,,DEM,Sandra Kennedy,11,6,0,4,1
Graham,Thunderbird #14,Corporation Commissioner,,DEM,Sandra Kennedy,45,27,6,12,0
Graham,Safford #15,Corporation Commissioner,,DEM,Sandra Kennedy,323,246,26,50,1
Graham,Peridot #16,Corporation Commissioner,,DEM,Sandra Kennedy,178,71,18,84,5
Graham,Cactus #17,Corporation Commissioner,,DEM,Sandra Kennedy,41,38,0,3,0
Graham,Jackson #18,Corporation Commissioner,,DEM,Sandra Kennedy,134,88,21,25,0
Graham,Desert Hills #19,Corporation Commissioner,,DEM,Sandra Kennedy,125,102,10,13,0
Graham,Artesia #20,Corporation Commissioner,,DEM,Sandra Kennedy,88,55,11,22,0
Graham,Quatro Cerros #21,Corporation Commissioner,,DEM,Sandra Kennedy,13,13,0,0,0
Graham,Gila River #22,Corporation Commissioner,,DEM,Sandra Kennedy,9,8,0,1,0
Graham,Solomon #1,Corporation Commissioner,,REP,Kevin Thompson,349,176,33,140,0
Graham,Safford #2,Corporation Commissioner,,REP,Kevin Thompson,476,251,64,158,3
Graham,Safford #3,Corporation Commissioner,,REP,Kevin Thompson,231,148,12,70,1
Graham,Layton #4,Corporation Commissioner,,REP,Kevin Thompson,181,103,10,68,0
Graham,Layton #5,Corporation Commissioner,,REP,Kevin Thompson,500,286,72,139,3
Graham,Thatcher #6,Corporation Commissioner,,REP,Kevin Thompson,404,208,62,131,3
Graham,Thatcher #7,Corporation Commissioner,,REP,Kevin Thompson,754,427,92,233,2
Graham,Central #8,Corporation Commissioner,,REP,Kevin Thompson,349,172,67,105,5
Graham,Pima #9,Corporation Commissioner,,REP,Kevin Thompson,1186,550,153,457,26
Graham,Ft. Thomas #10,Corporation Commissioner,,REP,Kevin Thompson,140,49,26,65,0
Graham,Bylas #11,Corporation Commissioner,,REP,Kevin Thompson,23,8,5,10,0
Graham,Klondyke #12,Corporation Commissioner,,REP,Kevin Thompson,30,25,0,5,0
Graham,Bonita #13,Corporation Commissioner,,REP,Kevin Thompson,109,34,27,43,5
Graham,Thunderbird #14,Corporation Commissioner,,REP,Kevin Thompson,156,81,15,58,2
Graham,Safford #15,Corporation Commissioner,,REP,Kevin Thompson,522,332,47,142,1
Graham,Peridot #16,Corporation Commissioner,,REP,Kevin Thompson,21,6,2,13,0
Graham,Cactus #17,Corporation Commissioner,,REP,Kevin Thompson,86,51,7,27,1
Graham,Jackson #18,Corporation Commissioner,,REP,Kevin Thompson,548,306,67,174,1
Graham,Desert Hills #19,Corporation Commissioner,,REP,Kevin Thompson,461,258,35,164,4
Graham,Artesia #20,Corporation Commissioner,,REP,Kevin Thompson,311,172,32,103,4
Graham,Quatro Cerros #21,Corporation Commissioner,,REP,Kevin Thompson,48,38,4,6,0
Graham,Gila River #22,Corporation Commissioner,,REP,Kevin Thompson,7,2,0,5,0
Graham,Solomon #1,Corporation Commissioner,,REP,"Nicholas ""Nick"" Myers",354,180,36,138,0
Graham,Safford #2,Corporation Commissioner,,REP,"Nicholas ""Nick"" Myers",453,246,58,145,4
Graham,Safford #3,Corporation Commissioner,,REP,"Nicholas ""Nick"" Myers",254,152,15,85,2
Graham,Layton #4,Corporation Commissioner,,REP,"Nicholas ""Nick"" Myers",179,105,11,62,1
Graham,Layton #5,Corporation Commissioner,,REP,"Nicholas ""Nick"" Myers",548,309,77,161,1
Graham,Thatcher #6,Corporation Commissioner,,REP,"Nicholas ""Nick"" Myers",410,214,58,136,2
Graham,Thatcher #7,Corporation Commissioner,,REP,"Nicholas ""Nick"" Myers",741,405,96,236,4
Graham,Central #8,Corporation Commissioner,,REP,"Nicholas ""Nick"" Myers",331,161,67,98,5
Graham,Pima #9,Corporation Commissioner,,REP,"Nicholas ""Nick"" Myers",1226,555,158,487,26
Graham,Ft. Thomas #10,Corporation Commissioner,,REP,"Nicholas ""Nick"" Myers",138,47,26,65,0
Graham,Bylas #11,Corporation Commissioner,,REP,"Nicholas ""Nick"" Myers",16,3,3,9,1
Graham,Klondyke #12,Corporation Commissioner,,REP,"Nicholas ""Nick"" Myers",26,21,1,4,0
Graham,Bonita #13,Corporation Commissioner,,REP,"Nicholas ""Nick"" Myers",105,33,27,40,5
Graham,Thunderbird #14,Corporation Commissioner,,REP,"Nicholas ""Nick"" Myers",153,81,13,57,2
Graham,Safford #15,Corporation Commissioner,,REP,"Nicholas ""Nick"" Myers",531,319,56,156,0
Graham,Peridot #16,Corporation Commissioner,,REP,"Nicholas ""Nick"" Myers",26,9,2,15,0
Graham,Cactus #17,Corporation Commissioner,,REP,"Nicholas ""Nick"" Myers",94,53,12,28,1
Graham,Jackson #18,Corporation Commissioner,,REP,"Nicholas ""Nick"" Myers",550,316,69,165,0
Graham,Desert Hills #19,Corporation Commissioner,,REP,"Nicholas ""Nick"" Myers",465,256,37,167,5
Graham,Artesia #20,Corporation Commissioner,,REP,"Nicholas ""Nick"" Myers",317,175,33,107,2
Graham,Quatro Cerros #21,Corporation Commissioner,,REP,"Nicholas ""Nick"" Myers",49,36,5,8,0
Graham,Gila River #22,Corporation Commissioner,,REP,"Nicholas ""Nick"" Myers",6,3,0,3,0
Graham,Solomon #1,Corporation Commissioner,,,Write-ins,0,0,0,0,0
Graham,Safford #2,Corporation Commissioner,,,Write-ins,1,1,0,0,0
Graham,Safford #3,Corporation Commissioner,,,Write-ins,2,0,0,2,0
Graham,Layton #4,Corporation Commissioner,,,Write-ins,0,0,0,0,0
Graham,Layton #5,Corporation Commissioner,,,Write-ins,0,0,0,0,0
Graham,Thatcher #6,Corporation Commissioner,,,Write-ins,0,0,0,0,0
Graham,Thatcher #7,Corporation Commissioner,,,Write-ins,0,0,0,0,0
Graham,Central #8,Corporation Commissioner,,,Write-ins,0,0,0,0,0
Graham,Pima #9,Corporation Commissioner,,,Write-ins,2,2,0,0,0
Graham,Ft. Thomas #10,Corporation Commissioner,,,Write-ins,0,0,0,0,0
Graham,Bylas #11,Corporation Commissioner,,,Write-ins,0,0,0,0,0
Graham,Klondyke #12,Corporation Commissioner,,,Write-ins,0,0,0,0,0
Graham,Bonita #13,Corporation Commissioner,,,Write-ins,1,0,0,1,0
Graham,Thunderbird #14,Corporation Commissioner,,,Write-ins,0,0,0,0,0
Graham,Safford #15,Corporation Commissioner,,,Write-ins,0,0,0,0,0
Graham,Peridot #16,Corporation Commissioner,,,Write-ins,1,0,0,1,0
Graham,Cactus #17,Corporation Commissioner,,,Write-ins,0,0,0,0,0
Graham,Jackson #18,Corporation Commissioner,,,Write-ins,0,0,0,0,0
Graham,Desert Hills #19,Corporation Commissioner,,,Write-ins,0,0,0,0,0
Graham,Artesia #20,Corporation Commissioner,,,Write-ins,1,0,0,1,0
Graham,Quatro Cerros #21,Corporation Commissioner,,,Write-ins,0,0,0,0,0
Graham,Gila River #22,Corporation Commissioner,,,Write-ins,0,0,0,0,0
Graham,Bylas #11,State Senate,6,DEM,Theresa Hatathlie,278,81,15,177,5
Graham,Peridot #16,State Senate,6,DEM,Theresa Hatathlie,223,84,18,115,6
Graham,Bylas #11,State Senate,6,,Write-ins,0,0,0,0,0
Graham,Peridot #16,State Senate,6,,Write-ins,4,0,0,4,0
Graham,Solomon #1,State Senate,19,REP,David Gowan,473,254,42,177,0
Graham,Safford #2,State Senate,19,REP,David Gowan,664,371,75,213,5
Graham,Safford #3,State Senate,19,REP,David Gowan,321,198,16,105,2
Graham,Layton #4,State Senate,19,REP,David Gowan,252,152,14,85,1
Graham,Layton #5,State Senate,19,REP,David Gowan,667,392,86,186,3
Graham,Thatcher #6,State Senate,19,REP,David Gowan,477,231,77,165,4
Graham,Thatcher #7,State Senate,19,REP,David Gowan,929,513,110,301,5
Graham,Central #8,State Senate,19,REP,David Gowan,360,182,60,113,5
Graham,Pima #9,State Senate,19,REP,David Gowan,1430,659,177,564,30
Graham,Ft. Thomas #10,State Senate,19,REP,David Gowan,154,55,25,74,0
Graham,Klondyke #12,State Senate,19,REP,David Gowan,35,28,2,5,0
Graham,Bonita #13,State Senate,19,REP,David Gowan,115,37,29,43,6
Graham,Thunderbird #14,State Senate,19,REP,David Gowan,196,100,19,75,2
Graham,Safford #15,State Senate,19,REP,David Gowan,718,439,68,208,3
Graham,Cactus #17,State Senate,19,REP,David Gowan,107,63,12,31,1
Graham,Jackson #18,State Senate,19,REP,David Gowan,646,362,80,203,1
Graham,Desert Hills #19,State Senate,19,REP,David Gowan,581,320,49,207,5
Graham,Artesia #20,State Senate,19,REP,David Gowan,403,211,42,146,4
Graham,Quatro Cerros #21,State Senate,19,REP,David Gowan,56,41,5,10,0
Graham,Gila River #22,State Senate,19,REP,David Gowan,13,7,0,6,0
Graham,Solomon #1,State Senate,19,,Write-ins,8,4,0,4,0
Graham,Safford #2,State Senate,19,,Write-ins,15,8,1,6,0
Graham,Safford #3,State Senate,19,,Write-ins,3,2,0,1,0
Graham,Layton #4,State Senate,19,,Write-ins,8,4,1,3,0
Graham,Layton #5,State Senate,19,,Write-ins,12,7,2,3,0
Graham,Thatcher #6,State Senate,19,,Write-ins,5,5,0,0,0
Graham,Thatcher #7,State Senate,19,,Write-ins,10,4,2,4,0
Graham,Central #8,State Senate,19,,Write-ins,4,2,2,0,0
Graham,Pima #9,State Senate,19,,Write-ins,4,3,0,1,0
Graham,Ft. Thomas #10,State Senate,19,,Write-ins,1,1,0,0,0
Graham,Klondyke #12,State Senate,19,,Write-ins,1,0,0,1,0
Graham,Bonita #13,State Senate,19,,Write-ins,0,0,0,0,0
Graham,Thunderbird #14,State Senate,19,,Write-ins,2,1,0,1,0
Graham,Safford #15,State Senate,19,,Write-ins,11,9,1,1,0
Graham,Cactus #17,State Senate,19,,Write-ins,6,5,0,1,0
Graham,Jackson #18,State Senate,19,,Write-ins,4,2,1,1,0
Graham,Desert Hills #19,State Senate,19,,Write-ins,3,2,1,0,0
Graham,Artesia #20,State Senate,19,,Write-ins,7,5,0,1,1
Graham,Quatro Cerros #21,State Senate,19,,Write-ins,1,1,0,0,0
Graham,Gila River #22,State Senate,19,,Write-ins,0,0,0,0,0
Graham,Bylas #11,State House,6,DEM,Mae Peshlakai,166,49,9,106,2
Graham,Peridot #16,State House,6,DEM,Mae Peshlakai,146,61,15,67,3
Graham,Bylas #11,State House,6,DEM,Myron Tsosie,198,60,12,122,4
Graham,Peridot #16,State House,6,DEM,Myron Tsosie,154,53,10,86,5
Graham,Bylas #11,State House,6,,Write-ins,0,0,0,0,0
Graham,Peridot #16,State House,6,,Write-ins,3,1,0,2,0
Graham,Solomon #1,State House,19,DEM,Sanda Clark,190,139,14,37,0
Graham,Safford #2,State House,19,DEM,Sanda Clark,294,212,27,55,0
Graham,Safford #3,State House,19,DEM,Sanda Clark,121,95,5,21,0
Graham,Layton #4,State House,19,DEM,Sanda Clark,133,100,5,28,0
Graham,Layton #5,State House,19,DEM,Sanda Clark,244,189,22,32,1
Graham,Thatcher #6,State House,19,DEM,Sanda Clark,73,50,8,15,0
Graham,Thatcher #7,State House,19,DEM,Sanda Clark,241,175,19,47,0
Graham,Central #8,State House,19,DEM,Sanda Clark,33,27,2,4,0
Graham,Pima #9,State House,19,DEM,Sanda Clark,246,177,18,51,0
Graham,Ft. Thomas #10,State House,19,DEM,Sanda Clark,17,11,3,3,0
Graham,Klondyke #12,State House,19,DEM,Sanda Clark,13,10,1,1,1
Graham,Bonita #13,State House,19,DEM,Sanda Clark,12,6,1,5,0
Graham,Thunderbird #14,State House,19,DEM,Sanda Clark,43,25,5,13,0
Graham,Safford #15,State House,19,DEM,Sanda Clark,331,254,30,46,1
Graham,Cactus #17,State House,19,DEM,Sanda Clark,39,36,0,3,0
Graham,Jackson #18,State House,19,DEM,Sanda Clark,149,93,24,32,0
Graham,Desert Hills #19,State House,19,DEM,Sanda Clark,114,94,11,8,1
Graham,Artesia #20,State House,19,DEM,Sanda Clark,91,61,9,20,1
Graham,Quatro Cerros #21,State House,19,DEM,Sanda Clark,17,15,0,2,0
Graham,Gila River #22,State House,19,DEM,Sanda Clark,10,9,0,1,0
Graham,Solomon #1,State House,19,REP,Gail Griffin,357,187,35,135,0
Graham,Safford #2,State House,19,REP,Gail Griffin,507,283,63,157,4
Graham,Safford #3,State House,19,REP,Gail Griffin,250,162,13,73,2
Graham,Layton #4,State House,19,REP,Gail Griffin,198,114,12,72,0
Graham,Layton #5,State House,19,REP,Gail Griffin,534,317,68,147,2
Graham,Thatcher #6,State House,19,REP,Gail Griffin,454,226,71,153,4
Graham,Thatcher #7,State House,19,REP,Gail Griffin,805,450,107,243,5
Graham,Central #8,State House,19,REP,Gail Griffin,363,181,67,110,5
Graham,Pima #9,State House,19,REP,Gail Griffin,1248,585,162,476,25
Graham,Ft. Thomas #10,State House,19,REP,Gail Griffin,145,52,27,66,0
Graham,Klondyke #12,State House,19,REP,Gail Griffin,36,29,2,5,0
Graham,Bonita #13,State House,19,REP,Gail Griffin,103,34,26,37,6
Graham,Thunderbird #14,State House,19,REP,Gail Griffin,168,92,15,59,2
Graham,Safford #15,State House,19,REP,Gail Griffin,566,357,52,156,1
Graham,Cactus #17,State House,19,REP,Gail Griffin,98,59,10,28,1
Graham,Jackson #18,State House,19,REP,Gail Griffin,550,314,68,167,1
Graham,Desert Hills #19,State House,19,REP,Gail Griffin,500,273,41,182,4
Graham,Artesia #20,State House,19,REP,Gail Griffin,327,178,36,109,4
Graham,Quatro Cerros #21,State House,19,REP,Gail Griffin,51,40,4,7,0
Graham,Gila River #22,State House,19,REP,Gail Griffin,7,3,0,4,0
Graham,Solomon #1,State House,19,REP,Lupe Diaz,344,172,38,134,0
Graham,Safford #2,State House,19,REP,Lupe Diaz,430,243,48,135,4
Graham,Safford #3,State House,19,REP,Lupe Diaz,237,150,13,73,1
Graham,Layton #4,State House,19,REP,Lupe Diaz,166,99,9,58,0
Graham,Layton #5,State House,19,REP,Lupe Diaz,490,274,70,144,2
Graham,Thatcher #6,State House,19,REP,Lupe Diaz,344,182,53,108,1
Graham,Thatcher #7,State House,19,REP,Lupe Diaz,673,378,88,206,1
Graham,Central #8,State House,19,REP,Lupe Diaz,291,154,63,69,5
Graham,Pima #9,State House,19,REP,Lupe Diaz,1126,525,140,440,21
Graham,Ft. Thomas #10,State House,19,REP,Lupe Diaz,116,43,23,50,0
Graham,Klondyke #12,State House,19,REP,Lupe Diaz,23,18,1,4,0
Graham,Bonita #13,State House,19,REP,Lupe Diaz,101,28,28,40,5
Graham,Thunderbird #14,State House,19,REP,Lupe Diaz,137,77,14,45,1
Graham,Safford #15,State House,19,REP,Lupe Diaz,497,314,49,133,1
Graham,Cactus #17,State House,19,REP,Lupe Diaz,77,45,6,25,1
Graham,Jackson #18,State House,19,REP,Lupe Diaz,516,297,65,154,0
Graham,Desert Hills #19,State House,19,REP,Lupe Diaz,415,230,30,150,5
Graham,Artesia #20,State House,19,REP,Lupe Diaz,297,165,33,97,2
Graham,Quatro Cerros #21,State House,19,REP,Lupe Diaz,50,38,5,7,0
Graham,Gila River #22,State House,19,REP,Lupe Diaz,9,5,0,4,0
Graham,Solomon #1,State House,19,,Write-ins,0,0,0,0,0
Graham,Safford #2,State House,19,,Write-ins,2,1,0,1,0
Graham,Safford #3,State House,19,,Write-ins,2,0,0,2,0
Graham,Layton #4,State House,19,,Write-ins,3,2,1,0,0
Graham,Layton #5,State House,19,,Write-ins,1,1,0,0,0
Graham,Thatcher #6,State House,19,,Write-ins,0,0,0,0,0
Graham,Thatcher #7,State House,19,,Write-ins,0,0,0,0,0
Graham,Central #8,State House,19,,Write-ins,0,0,0,0,0
Graham,Pima #9,State House,19,,Write-ins,6,6,0,0,0
Graham,Ft. Thomas #10,State House,19,,Write-ins,1,1,0,0,0
Graham,Klondyke #12,State House,19,,Write-ins,0,0,0,0,0
Graham,Bonita #13,State House,19,,Write-ins,0,0,0,0,0
Graham,Thunderbird #14,State House,19,,Write-ins,1,1,0,0,0
Graham,Safford #15,State House,19,,Write-ins,4,2,1,1,0
Graham,Cactus #17,State House,19,,Write-ins,4,4,0,0,0
Graham,Jackson #18,State House,19,,Write-ins,0,0,0,0,0
Graham,Desert Hills #19,State House,19,,Write-ins,3,3,0,0,0
Graham,Artesia #20,State House,19,,Write-ins,4,2,0,2,0
Graham,Quatro Cerros #21,State House,19,,Write-ins,0,0,0,0,0
Graham,Gila River #22,State House,19,,Write-ins,0,0,0,0,0
