county,office,district,party,candidate,votes,winner,write-in,notes
Apache,U.S. House,1,DEM,Jeffrey Brown,1040,,,
Coconino,U.S. House,1,DEM,Jeffrey Brown,364,,,
Gila,U.S. House,1,DEM,Jeffrey Brown,291,,,
Graham,U.S. House,1,DEM,Jeffrey Brown,248,,,
Greenlee,U.S. House,1,DEM,Jeffrey Brown,93,,,
Navajo,U.S. House,1,DEM,Jeffrey Brown,475,,,
Pinal,U.S. House,1,DEM,Jeffrey Brown,415,,,
Yavapai,U.S. House,1,DEM,Jeffrey Brown,450,,,
,U.S. House,1,DEM,Jeffrey Brown,3376,,,
Apache,U.S. House,1,DEM,Ann Kirkpatrick,4327,,,
Coconino,U.S. House,1,DEM,Ann Kirkpatrick,4825,,,
Gila,U.S. House,1,DEM,Ann Kirkpatrick,2031,,,
Graham,U.S. House,1,DEM,Ann Kirkpatrick,878,,,
Greenlee,U.S. House,1,DEM,Ann Kirkpatrick,678,,,
Navajo,U.S. House,1,DEM,Ann Kirkpatrick,2936,,,
Pinal,U.S. House,1,DEM,Ann Kirkpatrick,3861,,,
Yavapai,U.S. House,1,DEM,Ann Kirkpatrick,7198,,,
,U.S. House,1,DEM,Ann Kirkpatrick,26734,True,,
Apache,U.S. House,1,DEM,Howard Shanker,1789,,,
Coconino,U.S. House,1,DEM,Howard Shanker,2100,,,
Gila,U.S. House,1,DEM,Howard Shanker,246,,,
Graham,U.S. House,1,DEM,Howard Shanker,86,,,
Greenlee,U.S. House,1,DEM,Howard Shanker,38,,,
Navajo,U.S. House,1,DEM,Howard Shanker,1047,,,
Pinal,U.S. House,1,DEM,Howard Shanker,577,,,
Yavapai,U.S. House,1,DEM,Howard Shanker,2173,,,
,U.S. House,1,DEM,Howard Shanker,8056,,,
Apache,U.S. House,1,DEM,Mary Kim Titla,3839,,,
Coconino,U.S. House,1,DEM,Mary Kim Titla,2116,,,
Gila,U.S. House,1,DEM,Mary Kim Titla,2844,,,
Graham,U.S. House,1,DEM,Mary Kim Titla,1370,,,
Greenlee,U.S. House,1,DEM,Mary Kim Titla,432,,,
Navajo,U.S. House,1,DEM,Mary Kim Titla,2804,,,
Pinal,U.S. House,1,DEM,Mary Kim Titla,2864,,,
Yavapai,U.S. House,1,DEM,Mary Kim Titla,2159,,,
,U.S. House,1,DEM,Mary Kim Titla,18428,,,
Apache,U.S. House,1,LBT,Thane Eichenauer,13,,True,
Coconino,U.S. House,1,LBT,Thane Eichenauer,9,,True,
Gila,U.S. House,1,LBT,Thane Eichenauer,5,,True,
Graham,U.S. House,1,LBT,Thane Eichenauer,0,,True,
Greenlee,U.S. House,1,LBT,Thane Eichenauer,1,,True,
Navajo,U.S. House,1,LBT,Thane Eichenauer,4,,True,
Pinal,U.S. House,1,LBT,Thane Eichenauer,3,,True,
Yavapai,U.S. House,1,LBT,Thane Eichenauer,8,,True,
,U.S. House,1,LBT,Thane Eichenauer,43,,True,
Apache,U.S. House,1,REP,Barry Hall,247,,,
Coconino,U.S. House,1,REP,Barry Hall,310,,,
Gila,U.S. House,1,REP,Barry Hall,201,,,
Graham,U.S. House,1,REP,Barry Hall,60,,,
Greenlee,U.S. House,1,REP,Barry Hall,23,,,
Navajo,U.S. House,1,REP,Barry Hall,408,,,
Pinal,U.S. House,1,REP,Barry Hall,318,,,
Yavapai,U.S. House,1,REP,Barry Hall,1176,,,
,U.S. House,1,REP,Barry Hall,2743,,,
Apache,U.S. House,1,REP,Tom Hansen,710,,,
Coconino,U.S. House,1,REP,Tom Hansen,807,,,
Gila,U.S. House,1,REP,Tom Hansen,437,,,
Graham,U.S. House,1,REP,Tom Hansen,242,,,
Greenlee,U.S. House,1,REP,Tom Hansen,51,,,
Navajo,U.S. House,1,REP,Tom Hansen,1048,,,
Pinal,U.S. House,1,REP,Tom Hansen,928,,,
Yavapai,U.S. House,1,REP,Tom Hansen,3624,,,
,U.S. House,1,REP,Tom Hansen,7847,,,
Apache,U.S. House,1,REP,Sydney Hay,473,,,
Coconino,U.S. House,1,REP,Sydney Hay,1436,,,
Gila,U.S. House,1,REP,Sydney Hay,1775,,,
Graham,U.S. House,1,REP,Sydney Hay,1297,,,
Greenlee,U.S. House,1,REP,Sydney Hay,114,,,
Navajo,U.S. House,1,REP,Sydney Hay,1368,,,
Pinal,U.S. House,1,REP,Sydney Hay,1220,,,
Yavapai,U.S. House,1,REP,Sydney Hay,10142,,,
,U.S. House,1,REP,Sydney Hay,17825,True,,
Apache,U.S. House,1,REP,Preston Korn,117,,,Withdrew
Coconino,U.S. House,1,REP,Preston Korn,419,,,Withdrew
Gila,U.S. House,1,REP,Preston Korn,117,,,Withdrew
Graham,U.S. House,1,REP,Preston Korn,60,,,Withdrew
Greenlee,U.S. House,1,REP,Preston Korn,5,,,Withdrew
Navajo,U.S. House,1,REP,Preston Korn,190,,,Withdrew
Pinal,U.S. House,1,REP,Preston Korn,165,,,Withdrew
Yavapai,U.S. House,1,REP,Preston Korn,523,,,Withdrew
,U.S. House,1,REP,Preston Korn,1596,,,Withdrew
Apache,U.S. House,1,REP,Sandra L. B. Livingstone,447,,,
Coconino,U.S. House,1,REP,Sandra L. B. Livingstone,1250,,,
Gila,U.S. House,1,REP,Sandra L. B. Livingstone,811,,,
Graham,U.S. House,1,REP,Sandra L. B. Livingstone,607,,,
Greenlee,U.S. House,1,REP,Sandra L. B. Livingstone,37,,,
Navajo,U.S. House,1,REP,Sandra L. B. Livingstone,1365,,,
Pinal,U.S. House,1,REP,Sandra L. B. Livingstone,1080,,,
Yavapai,U.S. House,1,REP,Sandra L. B. Livingstone,10024,,,
,U.S. House,1,REP,Sandra L. B. Livingstone,15621,,,
Coconino,U.S. House,2,DEM,John Thrasher,50,,,
La Paz,U.S. House,2,DEM,John Thrasher,0,,,
Maricopa,U.S. House,2,DEM,John Thrasher,23639,,,
Mohave,U.S. House,2,DEM,John Thrasher,3798,,,
Navajo,U.S. House,2,DEM,John Thrasher,224,,,
Yavapai,U.S. House,2,DEM,John Thrasher,0,,,
,U.S. House,2,DEM,John Thrasher,27711,True,,
Coconino,U.S. House,2,LBT,Powell Gammill,1,,,
La Paz,U.S. House,2,LBT,Powell Gammill,0,,,
Maricopa,U.S. House,2,LBT,Powell Gammill,159,,,
Mohave,U.S. House,2,LBT,Powell Gammill,35,,,
Navajo,U.S. House,2,LBT,Powell Gammill,4,,,
Yavapai,U.S. House,2,LBT,Powell Gammill,0,,,
,U.S. House,2,LBT,Powell Gammill,199,True,,
Coconino,U.S. House,2,REP,Trent Franks,24,,,
La Paz,U.S. House,2,REP,Trent Franks,2,,,
Maricopa,U.S. House,2,REP,Trent Franks,47372,,,
Mohave,U.S. House,2,REP,Trent Franks,11255,,,
Navajo,U.S. House,2,REP,Trent Franks,54,,,
Yavapai,U.S. House,2,REP,Trent Franks,0,,,
,U.S. House,2,REP,Trent Franks,58707,True,,
Coconino,U.S. House,2,GRN,William Crum,0,,,
La Paz,U.S. House,2,GRN,William Crum,0,,,
Maricopa,U.S. House,2,GRN,William Crum,74,,,
Mohave,U.S. House,2,GRN,William Crum,38,,,
Navajo,U.S. House,2,GRN,William Crum,6,,,
Yavapai,U.S. House,2,GRN,William Crum,0,,,
,U.S. House,2,GRN,William Crum,118,True,,
Maricopa,U.S. House,3,DEM,Bob Lord,22554,,,
,U.S. House,3,DEM,Bob Lord,22554,True,,
Maricopa,U.S. House,3,LBT,Michael Shoen,228,,,
,U.S. House,3,LBT,Michael Shoen,228,True,,
Maricopa,U.S. House,3,REP,John Shadegg,43538,,,
,U.S. House,3,REP,John Shadegg,43538,True,,
Maricopa,U.S. House,4,DEM,Ed Pastor,18660,,,
,U.S. House,4,DEM,Ed Pastor,18660,True,,
Maricopa,U.S. House,4,LBT,Joe Cobb,156,,,
,U.S. House,4,LBT,Joe Cobb,156,True,,
Maricopa,U.S. House,4,REP,Richard Grayson,8,,True,
,U.S. House,4,REP,Richard Grayson,8,,True,
Maricopa,U.S. House,4,REP,Don Karg,8073,,,
,U.S. House,4,REP,Don Karg,8073,True,,
Maricopa,U.S. House,4,GRN,Rebecca DeWitt,71,,,
,U.S. House,4,GRN,Rebecca DeWitt,71,True,,
Maricopa,U.S. House,5,DEM,Harry Mitchell,25174,,,
,U.S. House,5,DEM,Harry Mitchell,25174,True,,
Maricopa,U.S. House,5,LBT,Warren Severin,207,,,
,U.S. House,5,LBT,Warren Severin,207,True,,
Maricopa,U.S. House,5,REP,Mark Anderson,6539,,,
,U.S. House,5,REP,Mark Anderson,6539,,,
Maricopa,U.S. House,5,REP,Susan Bitter Smith,13212,,,
,U.S. House,5,REP,Susan Bitter Smith,13212,,,
Maricopa,U.S. House,5,REP,Lee Gentry,706,,,
,U.S. House,5,REP,Lee Gentry,706,,,
Maricopa,U.S. House,5,REP,Laura Knaperek,7523,,,
,U.S. House,5,REP,Laura Knaperek,7523,,,
Maricopa,U.S. House,5,REP,Jim Ogsbury,6042,,,
,U.S. House,5,REP,Jim Ogsbury,6042,,,
Maricopa,U.S. House,5,REP,David Schweikert,14233,,,
,U.S. House,5,REP,David Schweikert,14233,True,,
Maricopa,U.S. House,6,DEM,Chris Gramazio,4796,,,
Pinal,U.S. House,6,DEM,Chris Gramazio,772,,,
,U.S. House,6,DEM,Chris Gramazio,5568,,,
Maricopa,U.S. House,6,DEM,Rebecca Schneider,13608,,,
Pinal,U.S. House,6,DEM,Rebecca Schneider,2036,,,
,U.S. House,6,DEM,Rebecca Schneider,15644,True,,
Maricopa,U.S. House,6,LBT,Rick Biondi,159,,,
Pinal,U.S. House,6,LBT,Rick Biondi,16,,,
,U.S. House,6,LBT,Rick Biondi,175,True,,
Maricopa,U.S. House,6,REP,Jeff Flake,47071,,,
Pinal,U.S. House,6,REP,Jeff Flake,4491,,,
,U.S. House,6,REP,Jeff Flake,51562,True,,
La Paz,U.S. House,7,DEM,Raúl Grijalva,713,,,
Maricopa,U.S. House,7,DEM,Raúl Grijalva,2801,,,
Pima,U.S. House,7,DEM,Raúl Grijalva,17932,,,
Pinal,U.S. House,7,DEM,Raúl Grijalva,1140,,,
Santa Cruz,U.S. House,7,DEM,Raúl Grijalva,2722,,,
Yuma,U.S. House,7,DEM,Raúl Grijalva,5322,,,
,U.S. House,7,DEM,Raúl Grijalva,30630,True,,
La Paz,U.S. House,7,LBT,Raymond P Petrulsky,1,,True,
Maricopa,U.S. House,7,LBT,Raymond P Petrulsky,1,,True,
Pima,U.S. House,7,LBT,Raymond P Petrulsky,27,,True,
Pinal,U.S. House,7,LBT,Raymond P Petrulsky,2,,True,
Santa Cruz,U.S. House,7,LBT,Raymond P Petrulsky,1,,True,
Yuma,U.S. House,7,LBT,Raymond P Petrulsky,1,,True,
,U.S. House,7,LBT,Raymond P Petrulsky,33,,True,
La Paz,U.S. House,7,REP,Gene Chewning,253,,,
Maricopa,U.S. House,7,REP,Gene Chewning,674,,,
Pima,U.S. House,7,REP,Gene Chewning,2592,,,
Pinal,U.S. House,7,REP,Gene Chewning,334,,,
Santa Cruz,U.S. House,7,REP,Gene Chewning,151,,,
Yuma,U.S. House,7,REP,Gene Chewning,1460,,,
,U.S. House,7,REP,Gene Chewning,5464,,,
La Paz,U.S. House,7,REP,Joseph Sweeney,843,,,
Maricopa,U.S. House,7,REP,Joseph Sweeney,1767,,,
Pima,U.S. House,7,REP,Joseph Sweeney,3728,,,
Pinal,U.S. House,7,REP,Joseph Sweeney,615,,,
Santa Cruz,U.S. House,7,REP,Joseph Sweeney,404,,,
Yuma,U.S. House,7,REP,Joseph Sweeney,3654,,,
,U.S. House,7,REP,Joseph Sweeney,11011,True,,
Cochise,U.S. House,8,DEM,Gabrielle Giffords,6421,,,
Pima,U.S. House,8,DEM,Gabrielle Giffords,38384,,,
Pinal,U.S. House,8,DEM,Gabrielle Giffords,806,,,
Santa Cruz,U.S. House,8,DEM,Gabrielle Giffords,612,,,
,U.S. House,8,DEM,Gabrielle Giffords,46223,True,,
Cochise,U.S. House,8,LBT,Paul Davis,10,,True,
Pima,U.S. House,8,LBT,Paul Davis,30,,True,
Pinal,U.S. House,8,LBT,Paul Davis,0,,True,
Santa Cruz,U.S. House,8,LBT,Paul Davis,0,,True,
,U.S. House,8,LBT,Paul Davis,40,,True,
Cochise,U.S. House,8,REP,Tim Bee,7176,,,
Pima,U.S. House,8,REP,Tim Bee,43340,,,
Pinal,U.S. House,8,REP,Tim Bee,1722,,,
Santa Cruz,U.S. House,8,REP,Tim Bee,433,,,
,U.S. House,8,REP,Tim Bee,52671,True,,
Coconino,State Senate,1,DEM,Pat Chancerelle,122,,True,
Yavapai,State Senate,1,DEM,Pat Chancerelle,915,,True,
,State Senate,1,DEM,Pat Chancerelle,1037,,True,
Coconino,State Senate,1,REP,Tom O'Halleran,959,,,
Yavapai,State Senate,1,REP,Tom O'Halleran,11390,,,
,State Senate,1,REP,Tom O'Halleran,12349,,,
Coconino,State Senate,1,REP,Steve Pierce,1070,,,
Yavapai,State Senate,1,REP,Steve Pierce,12687,,,
,State Senate,1,REP,Steve Pierce,13757,True,,
Apache,State Senate,2,DEM,Albert Hale,8382,,,
Coconino,State Senate,2,DEM,Albert Hale,5665,,,
Mohave,State Senate,2,DEM,Albert Hale,38,,,
Navajo,State Senate,2,DEM,Albert Hale,3492,,,
Yavapai,State Senate,2,DEM,Albert Hale,0,,,
,State Senate,2,DEM,Albert Hale,17577,True,,
Apache,State Senate,2,REP,Royce Jenkins,735,,,
Coconino,State Senate,2,REP,Royce Jenkins,1681,,,
Mohave,State Senate,2,REP,Royce Jenkins,4,,,
Navajo,State Senate,2,REP,Royce Jenkins,403,,,
Yavapai,State Senate,2,REP,Royce Jenkins,0,,,
,State Senate,2,REP,Royce Jenkins,2823,True,,
Coconino,State Senate,3,DEM,Mary Landahl,300,,,
La Paz,State Senate,3,DEM,Mary Landahl,252,,,
Mohave,State Senate,3,DEM,Mary Landahl,3933,,,
,State Senate,3,DEM,Mary Landahl,4485,True,,
Coconino,State Senate,3,REP,Ron Gould,328,,,
La Paz,State Senate,3,REP,Ron Gould,606,,,
Mohave,State Senate,3,REP,Ron Gould,11033,,,
,State Senate,3,REP,Ron Gould,11967,True,,
Maricopa,State Senate,4,DEM,Robert Boehlke,9141,,,
Yavapai,State Senate,4,DEM,Robert Boehlke,1134,,,
,State Senate,4,DEM,Robert Boehlke,10275,True,,
Maricopa,State Senate,4,REP,Jack Harper,15722,,,
Yavapai,State Senate,4,REP,Jack Harper,2252,,,
,State Senate,4,REP,Jack Harper,17974,True,,
Maricopa,State Senate,4,REP,John B. Zerby,7189,,,
Yavapai,State Senate,4,REP,John B. Zerby,755,,,
,State Senate,4,REP,John B. Zerby,7944,,,
Apache,State Senate,5,DEM,Bill Jeffers,141,,True,
Coconino,State Senate,5,DEM,Bill Jeffers,0,,True,
Gila,State Senate,5,DEM,Bill Jeffers,899,,True,
Graham,State Senate,5,DEM,Bill Jeffers,268,,True,
Greenlee,State Senate,5,DEM,Bill Jeffers,192,,True,
Navajo,State Senate,5,DEM,Bill Jeffers,986,,True,
Pinal,State Senate,5,DEM,Bill Jeffers,0,,True,
,State Senate,5,DEM,Bill Jeffers,2486,,True,
Apache,State Senate,5,REP,Sylvia Tenney Allen,1068,,,
Coconino,State Senate,5,REP,Sylvia Tenney Allen,0,,,
Gila,State Senate,5,REP,Sylvia Tenney Allen,3061,,,
Graham,State Senate,5,REP,Sylvia Tenney Allen,2034,,,
Greenlee,State Senate,5,REP,Sylvia Tenney Allen,203,,,
Navajo,State Senate,5,REP,Sylvia Tenney Allen,3839,,,
Pinal,State Senate,5,REP,Sylvia Tenney Allen,0,,,
,State Senate,5,REP,Sylvia Tenney Allen,10205,True,,
Maricopa,State Senate,6,DEM,Jim Larson,5570,,,
,State Senate,6,DEM,Jim Larson,5570,True,,
Maricopa,State Senate,6,REP,Pamela Gorman,11755,,,
,State Senate,6,REP,Pamela Gorman,11755,True,,
Maricopa,State Senate,7,DEM,Lisa Black,5580,,,
,State Senate,7,DEM,Lisa Black,5580,True,,
Maricopa,State Senate,7,LBT,Dennis G. Grenier,56,,,
,State Senate,7,LBT,Dennis G. Grenier,56,True,,
Maricopa,State Senate,7,REP,Jim Waring,12584,,,
,State Senate,7,REP,Jim Waring,12584,True,,
Maricopa,State Senate,8,REP,Carolyn S. Allen,17687,,,
,State Senate,8,REP,Carolyn S. Allen,17687,True,,
Maricopa,State Senate,9,DEM,Karen Price,7718,,,
,State Senate,9,DEM,Karen Price,7718,True,,
Maricopa,State Senate,9,REP,"Robert ""Bob"" Burns",12967,,,
,State Senate,9,REP,"Robert ""Bob"" Burns",12967,True,,
Maricopa,State Senate,10,DEM,Martin Monroe,4931,,,
,State Senate,10,DEM,Martin Monroe,4931,True,,
Maricopa,State Senate,10,REP,Linda Gray,7472,,,
,State Senate,10,REP,Linda Gray,7472,True,,
Maricopa,State Senate,11,DEM,Ann Wallack,8665,,,
,State Senate,11,DEM,Ann Wallack,8665,True,,
Maricopa,State Senate,11,REP,Barbara Leff,13827,,,
,State Senate,11,REP,Barbara Leff,13827,True,,
Maricopa,State Senate,12,DEM,Angela Cotera,7123,,,
,State Senate,12,DEM,Angela Cotera,7123,True,,
Maricopa,State Senate,12,REP,John Nelson,12058,,,
,State Senate,12,REP,John Nelson,12058,True,,
Maricopa,State Senate,13,DEM,Richard Miranda,3772,,,
,State Senate,13,DEM,Richard Miranda,3772,True,,
Maricopa,State Senate,14,DEM,Debbie McCune-Davis,3471,,,
,State Senate,14,DEM,Debbie McCune-Davis,3471,True,,
Maricopa,State Senate,14,LBT,Mike Renzulli,5,,True,
,State Senate,14,LBT,Mike Renzulli,5,,True,
Maricopa,State Senate,15,DEM,Ken Cheuvront,5670,,,
,State Senate,15,DEM,Ken Cheuvront,5670,True,,
Maricopa,State Senate,16,DEM,Leah Landrum,6184,,,
,State Senate,16,DEM,Leah Landrum,6184,True,,
Maricopa,State Senate,16,REP,Daniel J. Veres,1914,,,
,State Senate,16,REP,Daniel J. Veres,1914,True,,
Maricopa,State Senate,17,DEM,Meg Burton-Cahill,6406,,,
,State Senate,17,DEM,Meg Burton-Cahill,6406,True,,
Maricopa,State Senate,17,REP,Jesse Hernandez,6486,,,
,State Senate,17,REP,Jesse Hernandez,6486,True,,
Maricopa,State Senate,18,DEM,Judah Nativio,2841,,,
,State Senate,18,DEM,Judah Nativio,2841,True,,
Maricopa,State Senate,18,REP,Kevin Gibbons,2954,,,
,State Senate,18,REP,Kevin Gibbons,2954,,,
Maricopa,State Senate,18,REP,Russell Pearce,6604,,,
,State Senate,18,REP,Russell Pearce,6604,True,,
Maricopa,State Senate,19,REP,Chuck Gray,13245,,,
,State Senate,19,REP,Chuck Gray,13245,True,,
Maricopa,State Senate,20,DEM,Ted Maish,5876,,,
,State Senate,20,DEM,Ted Maish,5876,True,,
Maricopa,State Senate,20,REP,John Huppenthal,11215,,,
,State Senate,20,REP,John Huppenthal,11215,True,,
Maricopa,State Senate,21,REP,Jay Tibshraeny,14001,,,
,State Senate,21,REP,Jay Tibshraeny,14001,True,,
Maricopa,State Senate,22,REP,Joe Bedgood,2906,,,
Pinal,State Senate,22,REP,Joe Bedgood,270,,,
,State Senate,22,REP,Joe Bedgood,3176,,,
Maricopa,State Senate,22,REP,Eddie Farnsworth,5806,,,
Pinal,State Senate,22,REP,Eddie Farnsworth,787,,,
,State Senate,22,REP,Eddie Farnsworth,6593,,,
Maricopa,State Senate,22,REP,Thayer Verschoor,6435,,,
Pinal,State Senate,22,REP,Thayer Verschoor,732,,,
,State Senate,22,REP,Thayer Verschoor,7167,True,,
Gila,State Senate,23,DEM,Rebecca Rios,202,,,
Maricopa,State Senate,23,DEM,Rebecca Rios,626,,,
Pinal,State Senate,23,DEM,Rebecca Rios,9432,,,
,State Senate,23,DEM,Rebecca Rios,10260,True,,
Gila,State Senate,23,REP,André Campos,2,,,
Maricopa,State Senate,23,REP,André Campos,343,,,
Pinal,State Senate,23,REP,André Campos,6392,,,
,State Senate,23,REP,André Campos,6737,True,,
La Paz,State Senate,24,DEM,Amanda Aguirre,463,,,
Yuma,State Senate,24,DEM,Amanda Aguirre,5553,,,
,State Senate,24,DEM,Amanda Aguirre,6016,True,,
La Paz,State Senate,24,GRN,Jack Kretzer,3,,,
Yuma,State Senate,24,GRN,Jack Kretzer,35,,,
,State Senate,24,GRN,Jack Kretzer,38,True,,
Cochise,State Senate,25,DEM,"Manuel V. ""Manny"" Alvarez",4631,,,
Maricopa,State Senate,25,DEM,"Manuel V. ""Manny"" Alvarez",186,,,
Pima,State Senate,25,DEM,"Manuel V. ""Manny"" Alvarez",2788,,,
Pinal,State Senate,25,DEM,"Manuel V. ""Manny"" Alvarez",168,,,
Santa Cruz,State Senate,25,DEM,"Manuel V. ""Manny"" Alvarez",2509,,,
,State Senate,25,DEM,"Manuel V. ""Manny"" Alvarez",10282,True,,
Cochise,State Senate,25,REP,Mary Ann Black,4382,,,
Maricopa,State Senate,25,REP,Mary Ann Black,252,,,
Pima,State Senate,25,REP,Mary Ann Black,2217,,,
Pinal,State Senate,25,REP,Mary Ann Black,201,,,
Santa Cruz,State Senate,25,REP,Mary Ann Black,516,,,
,State Senate,25,REP,Mary Ann Black,7568,True,,
Pima,State Senate,26,DEM,Cheryl A. Cage,10655,,,
Pinal,State Senate,26,DEM,Cheryl A. Cage,720,,,
,State Senate,26,DEM,Cheryl A. Cage,11375,True,,
Pima,State Senate,26,REP,Pete Hershberger,8341,,,
Pinal,State Senate,26,REP,Pete Hershberger,516,,,
,State Senate,26,REP,Pete Hershberger,8857,,,
Pima,State Senate,26,REP,Al Melvin,8724,,,
Pinal,State Senate,26,REP,Al Melvin,1407,,,
,State Senate,26,REP,Al Melvin,10131,True,,
Pima,State Senate,27,DEM,Jorge Luis Garcia,9788,,,
,State Senate,27,DEM,Jorge Luis Garcia,9788,True,,
Pima,State Senate,27,REP,Bob Westerman,3859,,,
,State Senate,27,REP,Bob Westerman,3859,True,,
Pima,State Senate,28,DEM,Paula Aboud,11687,,,
,State Senate,28,DEM,Paula Aboud,11687,True,,
Pima,State Senate,28,REP,(John,19,,,
,State Senate,28,REP,(John,19,,,
Pima,State Senate,29,DEM,Linda Lopez,7874,,,
,State Senate,29,DEM,Linda Lopez,7874,True,,
Cochise,State Senate,30,DEM,Georgette W. Valle,1350,,,
Pima,State Senate,30,DEM,Georgette W. Valle,10125,,,
Santa Cruz,State Senate,30,DEM,Georgette W. Valle,487,,,
,State Senate,30,DEM,Georgette W. Valle,11962,True,,
Cochise,State Senate,30,REP,Jonathan Paton,2437,,,
Pima,State Senate,30,REP,Jonathan Paton,16177,,,
Santa Cruz,State Senate,30,REP,Jonathan Paton,381,,,
,State Senate,30,REP,Jonathan Paton,18995,True,,
Coconino,State House,1,DEM,Ed Gogek,46,,True,
Yavapai,State House,1,DEM,Ed Gogek,255,,True,
,State House,1,DEM,Ed Gogek,301,,True,
Coconino,State House,1,DEM,Dennis Grittner,93,,True,
Yavapai,State House,1,DEM,Dennis Grittner,917,,True,
,State House,1,DEM,Dennis Grittner,1010,,True,
Coconino,State House,1,REP,Lucy Mason,1344,,,
Yavapai,State House,1,REP,Lucy Mason,17853,,,
,State House,1,REP,Lucy Mason,19197,True,,
Coconino,State House,1,REP,Andy Tobin,1259,,,
Yavapai,State House,1,REP,Andy Tobin,15764,,,
,State House,1,REP,Andy Tobin,17023,True,,
Apache,State House,2,DEM,Tom Chabin,2536,,,
Coconino,State House,2,DEM,Tom Chabin,4289,,,
Mohave,State House,2,DEM,Tom Chabin,16,,,
Navajo,State House,2,DEM,Tom Chabin,1132,,,
Yavapai,State House,2,DEM,Tom Chabin,0,,,
,State House,2,DEM,Tom Chabin,7973,True,,
Apache,State House,2,DEM,Christopher Clark Deschene,7130,,,
Coconino,State House,2,DEM,Christopher Clark Deschene,3115,,,
Mohave,State House,2,DEM,Christopher Clark Deschene,28,,,
Navajo,State House,2,DEM,Christopher Clark Deschene,2926,,,
Yavapai,State House,2,DEM,Christopher Clark Deschene,0,,,
,State House,2,DEM,Christopher Clark Deschene,13199,True,,
Apache,State House,2,DEM,Mark Haughwout,1349,,,
Coconino,State House,2,DEM,Mark Haughwout,1729,,,
Mohave,State House,2,DEM,Mark Haughwout,13,,,
Navajo,State House,2,DEM,Mark Haughwout,558,,,
Yavapai,State House,2,DEM,Mark Haughwout,0,,,
,State House,2,DEM,Mark Haughwout,3649,,,
Apache,State House,2,DEM,Jolene Tom,63,,True,
Coconino,State House,2,DEM,Jolene Tom,4,,True,
Mohave,State House,2,DEM,Jolene Tom,0,,True,
Navajo,State House,2,DEM,Jolene Tom,18,,True,
Yavapai,State House,2,DEM,Jolene Tom,0,,True,
,State House,2,DEM,Jolene Tom,85,,True,
Coconino,State House,3,DEM,Pamela Durbin,285,,,
La Paz,State House,3,DEM,Pamela Durbin,244,,,
Mohave,State House,3,DEM,Pamela Durbin,3824,,,
,State House,3,DEM,Pamela Durbin,4353,True,,
Coconino,State House,3,REP,Doris Goodale,137,,,
La Paz,State House,3,REP,Doris Goodale,273,,,
Mohave,State House,3,REP,Doris Goodale,7177,,,
,State House,3,REP,Doris Goodale,7587,True,,
Coconino,State House,3,REP,Trish Groe,171,,,
La Paz,State House,3,REP,Trish Groe,347,,,
Mohave,State House,3,REP,Trish Groe,5876,,,
,State House,3,REP,Trish Groe,6394,,,
Coconino,State House,3,REP,Nancy McLain,284,,,
La Paz,State House,3,REP,Nancy McLain,410,,,
Mohave,State House,3,REP,Nancy McLain,7983,,,
,State House,3,REP,Nancy McLain,8677,True,,
Maricopa,State House,4,DEM,Sue Dolphin,7959,,,
Yavapai,State House,4,DEM,Sue Dolphin,993,,,
,State House,4,DEM,Sue Dolphin,8952,True,,
Maricopa,State House,4,DEM,Paula S. Forster,7448,,,
Yavapai,State House,4,DEM,Paula S. Forster,869,,,
,State House,4,DEM,Paula S. Forster,8317,True,,
Maricopa,State House,4,REP,Tom Boone,16335,,,
Yavapai,State House,4,REP,Tom Boone,2072,,,
,State House,4,REP,Tom Boone,18407,True,,
Maricopa,State House,4,REP,Judy M. Burges,17537,,,
Yavapai,State House,4,REP,Judy M. Burges,2311,,,
,State House,4,REP,Judy M. Burges,19848,True,,
Apache,State House,5,DEM,Jack A. Brown,1706,,,
Coconino,State House,5,DEM,Jack A. Brown,0,,,
Gila,State House,5,DEM,Jack A. Brown,4234,,,
Graham,State House,5,DEM,Jack A. Brown,2131,,,
Greenlee,State House,5,DEM,Jack A. Brown,989,,,
Navajo,State House,5,DEM,Jack A. Brown,3055,,,
Pinal,State House,5,DEM,Jack A. Brown,0,,,
,State House,5,DEM,Jack A. Brown,12115,True,,
Apache,State House,5,DEM,David Rodriguez,6,,True,
Coconino,State House,5,DEM,David Rodriguez,0,,True,
Gila,State House,5,DEM,David Rodriguez,10,,True,
Graham,State House,5,DEM,David Rodriguez,3,,True,
Greenlee,State House,5,DEM,David Rodriguez,0,,True,
Navajo,State House,5,DEM,David Rodriguez,9,,True,
Pinal,State House,5,DEM,David Rodriguez,0,,True,
,State House,5,DEM,David Rodriguez,28,,True,
Apache,State House,5,REP,Barbara G. Brewer,741,,,
Coconino,State House,5,REP,Barbara G. Brewer,0,,,
Gila,State House,5,REP,Barbara G. Brewer,2000,,,
Graham,State House,5,REP,Barbara G. Brewer,1289,,,
Greenlee,State House,5,REP,Barbara G. Brewer,125,,,
Navajo,State House,5,REP,Barbara G. Brewer,2564,,,
Pinal,State House,5,REP,Barbara G. Brewer,0,,,
,State House,5,REP,Barbara G. Brewer,6719,True,,
Apache,State House,5,REP,Bill Konopnicki,947,,,
Coconino,State House,5,REP,Bill Konopnicki,0,,,
Gila,State House,5,REP,Bill Konopnicki,2915,,,
Graham,State House,5,REP,Bill Konopnicki,2099,,,
Greenlee,State House,5,REP,Bill Konopnicki,205,,,
Navajo,State House,5,REP,Bill Konopnicki,3209,,,
Pinal,State House,5,REP,Bill Konopnicki,0,,,
,State House,5,REP,Bill Konopnicki,9375,True,,
Apache,State House,5,REP,Delbert D. Lambson,18,,True,
Coconino,State House,5,REP,Delbert D. Lambson,0,,True,
Gila,State House,5,REP,Delbert D. Lambson,3,,True,
Graham,State House,5,REP,Delbert D. Lambson,0,,True,
Greenlee,State House,5,REP,Delbert D. Lambson,0,,True,
Navajo,State House,5,REP,Delbert D. Lambson,9,,True,
Pinal,State House,5,REP,Delbert D. Lambson,0,,True,
,State House,5,REP,Delbert D. Lambson,30,,True,
Maricopa,State House,6,DEM,Teri Conrad,4751,,,
,State House,6,DEM,Teri Conrad,4751,True,,
Maricopa,State House,6,DEM,Jack Doody,4186,,,
,State House,6,DEM,Jack Doody,4186,True,,
Maricopa,State House,6,REP,Tony Bouie,4505,,,
,State House,6,REP,Tony Bouie,4505,,,
Maricopa,State House,6,REP,Sam Crump,9503,,,
,State House,6,REP,Sam Crump,9503,True,,
Maricopa,State House,6,REP,Carl Seel,7692,,,
,State House,6,REP,Carl Seel,7692,True,,
Maricopa,State House,7,DEM,Jeanne Lunn,5396,,,
,State House,7,DEM,Jeanne Lunn,5396,True,,
Maricopa,State House,7,LBT,James Iannuzo,58,,,
,State House,7,LBT,James Iannuzo,58,True,,
Maricopa,State House,7,REP,Ray Barnes,9533,,,
,State House,7,REP,Ray Barnes,9533,True,,
Maricopa,State House,7,REP,Nancy Barto,10689,,,
,State House,7,REP,Nancy Barto,10689,True,,
Maricopa,State House,8,DEM,Stephanie Rimmer,6817,,,
,State House,8,DEM,Stephanie Rimmer,6817,True,,
Maricopa,State House,8,REP,John Kavanagh,14532,,,
,State House,8,REP,John Kavanagh,14532,True,,
Maricopa,State House,8,REP,Michele Reagan,15501,,,
,State House,8,REP,Michele Reagan,15501,True,,
Maricopa,State House,9,DEM,Shawn Hutchinson,6139,,,
,State House,9,DEM,Shawn Hutchinson,6139,True,,
Maricopa,State House,9,DEM,Sheri Van Horsen,6508,,,
,State House,9,DEM,Sheri Van Horsen,6508,True,,
Maricopa,State House,9,REP,Debbie Lesko,10902,,,
,State House,9,REP,Debbie Lesko,10902,True,,
Maricopa,State House,9,REP,Rick Murphy,10143,,,
,State House,9,REP,Rick Murphy,10143,True,,
Maricopa,State House,10,DEM,Leonard Clark,2064,,,
,State House,10,DEM,Leonard Clark,2064,,,
Maricopa,State House,10,DEM,Lamont Lovejoy,2453,,,
,State House,10,DEM,Lamont Lovejoy,2453,True,,
Maricopa,State House,10,DEM,Jackie Thrasher,4461,,,
,State House,10,DEM,Jackie Thrasher,4461,True,,
Maricopa,State House,10,LBT,Scott Gibson,53,,,
,State House,10,LBT,Scott Gibson,53,True,,
Maricopa,State House,10,REP,Doug Quelland,6143,,,
,State House,10,REP,Doug Quelland,6143,True,,
Maricopa,State House,10,REP,Jim Weiers,6614,,,
,State House,10,REP,Jim Weiers,6614,True,,
Maricopa,State House,10,GRN,Margarite Dale,18,,,
,State House,10,GRN,Margarite Dale,18,True,,
Maricopa,State House,11,DEM,Mark DeSimone,3644,,,Withdrew
,State House,11,DEM,Mark DeSimone,3644,,,Withdrew
Maricopa,State House,11,DEM,Jon Hulburd,35,,True,
,State House,11,DEM,Jon Hulburd,35,,True,
Maricopa,State House,11,DEM,Eric Meyer,2841,,True,
,State House,11,DEM,Eric Meyer,2841,,True,
Maricopa,State House,11,REP,Jon Altmann,10909,,,
,State House,11,REP,Jon Altmann,10909,True,,
Maricopa,State House,11,REP,Adam Driggs,11439,,,
,State House,11,REP,Adam Driggs,11439,True,,
Maricopa,State House,12,DEM,Eve Nuñez,5665,,,
,State House,12,DEM,Eve Nuñez,5665,True,,
Maricopa,State House,12,DEM,David Scanlon,5436,,,
,State House,12,DEM,David Scanlon,5436,True,,
Maricopa,State House,12,REP,Robert Blendu,6486,,,
,State House,12,REP,Robert Blendu,6486,,,
Maricopa,State House,12,REP,Steve Montenegro,6967,,,
,State House,12,REP,Steve Montenegro,6967,True,,
Maricopa,State House,12,REP,Jerry Weiers,9138,,,
,State House,12,REP,Jerry Weiers,9138,True,,
Maricopa,State House,12,GRN,Celeste M. Castorena,32,,,
,State House,12,GRN,Celeste M. Castorena,32,True,,
Maricopa,State House,13,DEM,Steve Gallardo,2823,,,
,State House,13,DEM,Steve Gallardo,2823,True,,
Maricopa,State House,13,DEM,Martha Garcia,3042,,,
,State House,13,DEM,Martha Garcia,3042,True,,
Maricopa,State House,13,REP,Timothy Schwartz,1940,,,
,State House,13,REP,Timothy Schwartz,1940,True,,
Maricopa,State House,14,DEM,Chad Campbell,2544,,,
,State House,14,DEM,Chad Campbell,2544,True,,
Maricopa,State House,14,DEM,Robert Meza,2765,,,
,State House,14,DEM,Robert Meza,2765,True,,
Maricopa,State House,14,DEM,John Valdez,1042,,,
,State House,14,DEM,John Valdez,1042,,,
Maricopa,State House,15,DEM,David Lujan,4860,,,
,State House,15,DEM,David Lujan,4860,True,,
Maricopa,State House,15,DEM,Kyrsten Sinema,4708,,,
,State House,15,DEM,Kyrsten Sinema,4708,True,,
Maricopa,State House,15,REP,Ed Hedges,3339,,,
,State House,15,REP,Ed Hedges,3339,True,,
Maricopa,State House,16,DEM,"Cloves Campbell, Jr.",3155,,,
,State House,16,DEM,"Cloves Campbell, Jr.",3155,True,,
Maricopa,State House,16,DEM,Betty Doss Ware,2346,,,
,State House,16,DEM,Betty Doss Ware,2346,,,
Maricopa,State House,16,DEM,Ben Miranda,3571,,,
,State House,16,DEM,Ben Miranda,3571,True,,
Maricopa,State House,16,DEM,"Jimmie Munoz, Jr.",2369,,,
,State House,16,DEM,"Jimmie Munoz, Jr.",2369,,,
Maricopa,State House,16,REP,Ronald Harders,1494,,,
,State House,16,REP,Ronald Harders,1494,True,,
Maricopa,State House,16,REP,Raymond Williams,1636,,,
,State House,16,REP,Raymond Williams,1636,True,,
Maricopa,State House,17,DEM,Ed Ableser,5523,,,
,State House,17,DEM,Ed Ableser,5523,True,,
Maricopa,State House,17,DEM,David Schapira,5657,,,
,State House,17,DEM,David Schapira,5657,True,,
Maricopa,State House,17,REP,Mark Thompson,6557,,,
,State House,17,REP,Mark Thompson,6557,True,,
Maricopa,State House,17,REP,Wes Waddle,4810,,,
,State House,17,REP,Wes Waddle,4810,True,,
Maricopa,State House,17,GRN,William Enzweiler,14,,True,
,State House,17,GRN,William Enzweiler,14,,True,
Maricopa,State House,18,DEM,Tammie Pursley,2936,,,
,State House,18,DEM,Tammie Pursley,2936,True,,
Maricopa,State House,18,REP,Cecil Ash,6185,,,
,State House,18,REP,Cecil Ash,6185,True,,
Maricopa,State House,18,REP,Steve Court,4020,,,
,State House,18,REP,Steve Court,4020,True,,
Maricopa,State House,18,REP,Kanani Henderson,1935,,,
,State House,18,REP,Kanani Henderson,1935,,,
Maricopa,State House,18,REP,Ron Middlebrook,3911,,,
,State House,18,REP,Ron Middlebrook,3911,,,
Maricopa,State House,19,DEM,Kathy Romano,5424,,,
,State House,19,DEM,Kathy Romano,5424,True,,
Maricopa,State House,19,LBT,Ty Lundell,4,,True,
,State House,19,LBT,Ty Lundell,4,,True,
Maricopa,State House,19,REP,Kirk Adams,10820,,,
,State House,19,REP,Kirk Adams,10820,True,,
Maricopa,State House,19,REP,Rich Crandall,11431,,,
,State House,19,REP,Rich Crandall,11431,True,,
Maricopa,State House,20,DEM,Rae Waters,5793,,,
,State House,20,DEM,Rae Waters,5793,True,,
Maricopa,State House,20,DEM,Michael Williams,145,,True,
,State House,20,DEM,Michael Williams,145,,True,
Maricopa,State House,20,REP,Jeff Dial,6362,,,
,State House,20,REP,Jeff Dial,6362,True,,
Maricopa,State House,20,REP,John McComish,5860,,,
,State House,20,REP,John McComish,5860,True,,
Maricopa,State House,20,REP,Frank Schmuck,5725,,,
,State House,20,REP,Frank Schmuck,5725,,,
Maricopa,State House,20,REP,Andy Swann,3482,,,
,State House,20,REP,Andy Swann,3482,,,
Maricopa,State House,21,DEM,Phil Hettmansperger,6305,,,
,State House,21,DEM,Phil Hettmansperger,6305,True,,
Maricopa,State House,21,REP,Warde V. Nichols,11090,,,
,State House,21,REP,Warde V. Nichols,11090,True,,
Maricopa,State House,21,REP,Steve Yarbrough,12920,,,
,State House,21,REP,Steve Yarbrough,12920,True,,
Maricopa,State House,22,DEM,Glenn Ray,4686,,,
Pinal,State House,22,DEM,Glenn Ray,900,,,
,State House,22,DEM,Glenn Ray,5586,True,,
Maricopa,State House,22,REP,Adam Armer,4916,,,
Pinal,State House,22,REP,Adam Armer,548,,,
,State House,22,REP,Adam Armer,5464,,,
Maricopa,State House,22,REP,Andy Biggs,8664,,,
Pinal,State House,22,REP,Andy Biggs,1136,,,
,State House,22,REP,Andy Biggs,9800,True,,
Maricopa,State House,22,REP,Bob Brown,5337,,,
Pinal,State House,22,REP,Bob Brown,589,,,
,State House,22,REP,Bob Brown,5926,,,
Maricopa,State House,22,REP,Laurin Hendrix,6834,,,
Pinal,State House,22,REP,Laurin Hendrix,665,,,
,State House,22,REP,Laurin Hendrix,7499,True,,
Gila,State House,23,DEM,Dorian Bond,8,,,
Maricopa,State House,23,DEM,Dorian Bond,152,,,
Pinal,State House,23,DEM,Dorian Bond,1756,,,
,State House,23,DEM,Dorian Bond,1916,,,
Gila,State House,23,DEM,Ernest Bustamante,197,,,
Maricopa,State House,23,DEM,Ernest Bustamante,346,,,
Pinal,State House,23,DEM,Ernest Bustamante,5213,,,
,State House,23,DEM,Ernest Bustamante,5756,True,,
Gila,State House,23,DEM,Barbara McGuire,158,,,
Maricopa,State House,23,DEM,Barbara McGuire,349,,,
Pinal,State House,23,DEM,Barbara McGuire,5910,,,
,State House,23,DEM,Barbara McGuire,6417,True,,
Gila,State House,23,DEM,Krista Pacion,25,,,
Maricopa,State House,23,DEM,Krista Pacion,232,,,
Pinal,State House,23,DEM,Krista Pacion,4253,,,
,State House,23,DEM,Krista Pacion,4510,,,
Gila,State House,23,DEM,Emily Verdugo-Aldrich,0,,True,
Maricopa,State House,23,DEM,Emily Verdugo-Aldrich,0,,True,
Pinal,State House,23,DEM,Emily Verdugo-Aldrich,59,,True,
,State House,23,DEM,Emily Verdugo-Aldrich,59,,True,
Gila,State House,23,REP,John Fillmore,2,,,
Maricopa,State House,23,REP,John Fillmore,292,,,
Pinal,State House,23,REP,John Fillmore,5519,,,
,State House,23,REP,John Fillmore,5813,True,,
Gila,State House,23,REP,Frank Pratt,1,,,
Maricopa,State House,23,REP,Frank Pratt,263,,,
Pinal,State House,23,REP,Frank Pratt,5575,,,
,State House,23,REP,Frank Pratt,5839,True,,
La Paz,State House,24,DEM,Lynne Pancrazi,306,,,
Yuma,State House,24,DEM,Lynne Pancrazi,4989,,,
,State House,24,DEM,Lynne Pancrazi,5295,True,,
La Paz,State House,24,DEM,Theresa Ulmer,353,,,
Yuma,State House,24,DEM,Theresa Ulmer,4174,,,
,State House,24,DEM,Theresa Ulmer,4527,True,,
La Paz,State House,24,REP,Russ Jones,439,,,
Yuma,State House,24,REP,Russ Jones,5265,,,
,State House,24,REP,Russ Jones,5704,True,,
Cochise,State House,25,DEM,"Richard ""Ric"" Boyer",3292,,,
Maricopa,State House,25,DEM,"Richard ""Ric"" Boyer",113,,,
Pima,State House,25,DEM,"Richard ""Ric"" Boyer",1996,,,
Pinal,State House,25,DEM,"Richard ""Ric"" Boyer",110,,,
Santa Cruz,State House,25,DEM,"Richard ""Ric"" Boyer",1286,,,
,State House,25,DEM,"Richard ""Ric"" Boyer",6797,True,,
Cochise,State House,25,DEM,"Patricia ""Pat"" Fleming",4204,,,
Maricopa,State House,25,DEM,"Patricia ""Pat"" Fleming",177,,,
Pima,State House,25,DEM,"Patricia ""Pat"" Fleming",2534,,,
Pinal,State House,25,DEM,"Patricia ""Pat"" Fleming",156,,,
Santa Cruz,State House,25,DEM,"Patricia ""Pat"" Fleming",2082,,,
,State House,25,DEM,"Patricia ""Pat"" Fleming",9153,True,,
Cochise,State House,25,REP,Timathy Davies,2972,,,
Maricopa,State House,25,REP,Timathy Davies,161,,,
Pima,State House,25,REP,Timathy Davies,1563,,,
Pinal,State House,25,REP,Timathy Davies,117,,,
Santa Cruz,State House,25,REP,Timathy Davies,277,,,
,State House,25,REP,Timathy Davies,5090,True,,
Cochise,State House,25,REP,David Stevens,4059,,,
Maricopa,State House,25,REP,David Stevens,227,,,
Pima,State House,25,REP,David Stevens,2038,,,
Pinal,State House,25,REP,David Stevens,201,,,
Santa Cruz,State House,25,REP,David Stevens,485,,,
,State House,25,REP,David Stevens,7010,True,,
Pima,State House,26,DEM,Donald Jorgensen,8435,,,
Pinal,State House,26,DEM,Donald Jorgensen,546,,,
,State House,26,DEM,Donald Jorgensen,8981,True,,
Pima,State House,26,DEM,Nancy Young Wright,9954,,,
Pinal,State House,26,DEM,Nancy Young Wright,667,,,
,State House,26,DEM,Nancy Young Wright,10621,True,,
Pima,State House,26,REP,Trent Humphries,8517,,,
Pinal,State House,26,REP,Trent Humphries,838,,,
,State House,26,REP,Trent Humphries,9355,,,
Pima,State House,26,REP,Vic Williams,9670,,,
Pinal,State House,26,REP,Vic Williams,1067,,,
,State House,26,REP,Vic Williams,10737,True,,
Pima,State House,26,REP,Marilyn Zerull,8475,,,
Pinal,State House,26,REP,Marilyn Zerull,930,,,
,State House,26,REP,Marilyn Zerull,9405,True,,
Pima,State House,27,DEM,Olivia Cajero Bedford,7357,,,
,State House,27,DEM,Olivia Cajero Bedford,7357,True,,
Pima,State House,27,DEM,John Kromko,3967,,,
,State House,27,DEM,John Kromko,3967,,,
Pima,State House,27,DEM,Phil Lopes,6593,,,
,State House,27,DEM,Phil Lopes,6593,True,,
Pima,State House,27,LBT,Mark Phelps,10,,True,
,State House,27,LBT,Mark Phelps,10,,True,
Pima,State House,27,REP,"J. D. ""Duke"" Schechter",3698,,,
,State House,27,REP,"J. D. ""Duke"" Schechter",3698,True,,
Pima,State House,27,GRN,Kent Solberg,94,,,
,State House,27,GRN,Kent Solberg,94,True,,
Pima,State House,28,DEM,David Bradley,9568,,,
,State House,28,DEM,David Bradley,9568,True,,
Pima,State House,28,DEM,Steve Farley,10213,,,
,State House,28,DEM,Steve Farley,10213,True,,
Pima,State House,29,DEM,Eric Carbajal Bustamante,1862,,,
,State House,29,DEM,Eric Carbajal Bustamante,1862,,,
Pima,State House,29,DEM,Ephraim Cruz,1512,,,
,State House,29,DEM,Ephraim Cruz,1512,,,
Pima,State House,29,DEM,Gil Guerra,985,,,
,State House,29,DEM,Gil Guerra,985,,,
Pima,State House,29,DEM,Matt Heinz,3771,,,
,State House,29,DEM,Matt Heinz,3771,True,,
Pima,State House,29,DEM,Daniel Patterson,2572,,,
,State House,29,DEM,Daniel Patterson,2572,True,,
Pima,State House,29,DEM,Tom Prezelski,2348,,,
,State House,29,DEM,Tom Prezelski,2348,,,
Pima,State House,29,DEM,Patricia Puig,1793,,,
,State House,29,DEM,Patricia Puig,1793,,,
Pima,State House,29,REP,Juan Ciscomani,2142,,,
,State House,29,REP,Juan Ciscomani,2142,True,,
Pima,State House,29,REP,Pat Kilburn,3824,,,
,State House,29,REP,Pat Kilburn,3824,True,,
Cochise,State House,30,DEM,Andrea Dalessandro,1339,,,
Pima,State House,30,DEM,Andrea Dalessandro,10034,,,
Santa Cruz,State House,30,DEM,Andrea Dalessandro,498,,,
,State House,30,DEM,Andrea Dalessandro,11871,True,,
Cochise,State House,30,REP,Frank Antenori,715,,,
Pima,State House,30,REP,Frank Antenori,7545,,,
Santa Cruz,State House,30,REP,Frank Antenori,167,,,
,State House,30,REP,Frank Antenori,8427,True,,
Cochise,State House,30,REP,Sharon Collins,964,,,
Pima,State House,30,REP,Sharon Collins,6573,,,
Santa Cruz,State House,30,REP,Sharon Collins,152,,,
,State House,30,REP,Sharon Collins,7689,,,
Cochise,State House,30,REP,David Gowan,1971,,,
Pima,State House,30,REP,David Gowan,8982,,,
Santa Cruz,State House,30,REP,David Gowan,210,,,
,State House,30,REP,David Gowan,11163,True,,
Cochise,State House,30,REP,Doug Sposito,1016,,,
Pima,State House,30,REP,Doug Sposito,6722,,,
Santa Cruz,State House,30,REP,Doug Sposito,215,,,
,State House,30,REP,Doug Sposito,7953,,,
Apache,Corporation Commissioner,,DEM,Sam George,4333,,,
Cochise,Corporation Commissioner,,DEM,Sam George,4240,,,
Coconino,Corporation Commissioner,,DEM,Sam George,3583,,,
Gila,Corporation Commissioner,,DEM,Sam George,2744,,,
Graham,Corporation Commissioner,,DEM,Sam George,1207,,,
Greenlee,Corporation Commissioner,,DEM,Sam George,576,,,
La Paz,Corporation Commissioner,,DEM,Sam George,493,,,
Maricopa,Corporation Commissioner,,DEM,Sam George,64994,,,
Mohave,Corporation Commissioner,,DEM,Sam George,2874,,,
Navajo,Corporation Commissioner,,DEM,Sam George,3530,,,
Pima,Corporation Commissioner,,DEM,Sam George,31759,,,
Pinal,Corporation Commissioner,,DEM,Sam George,7086,,,
Santa Cruz,Corporation Commissioner,,DEM,Sam George,1743,,,
Yavapai,Corporation Commissioner,,DEM,Sam George,5953,,,
Yuma,Corporation Commissioner,,DEM,Sam George,2662,,,
,Corporation Commissioner,,DEM,Sam George,137777,True,,
Apache,Corporation Commissioner,,DEM,Kara Kelty,3391,,,
Cochise,Corporation Commissioner,,DEM,Kara Kelty,2876,,,
Coconino,Corporation Commissioner,,DEM,Kara Kelty,5277,,,
Gila,Corporation Commissioner,,DEM,Kara Kelty,2019,,,
Graham,Corporation Commissioner,,DEM,Kara Kelty,920,,,
Greenlee,Corporation Commissioner,,DEM,Kara Kelty,336,,,
La Paz,Corporation Commissioner,,DEM,Kara Kelty,279,,,
Maricopa,Corporation Commissioner,,DEM,Kara Kelty,60386,,,
Mohave,Corporation Commissioner,,DEM,Kara Kelty,1843,,,
Navajo,Corporation Commissioner,,DEM,Kara Kelty,2475,,,
Pima,Corporation Commissioner,,DEM,Kara Kelty,27376,,,
Pinal,Corporation Commissioner,,DEM,Kara Kelty,5403,,,
Santa Cruz,Corporation Commissioner,,DEM,Kara Kelty,1037,,,
Yavapai,Corporation Commissioner,,DEM,Kara Kelty,5109,,,
Yuma,Corporation Commissioner,,DEM,Kara Kelty,2687,,,
,Corporation Commissioner,,DEM,Kara Kelty,121414,,,
Apache,Corporation Commissioner,,DEM,Sandra Kennedy,5638,,,
Cochise,Corporation Commissioner,,DEM,Sandra Kennedy,5263,,,
Coconino,Corporation Commissioner,,DEM,Sandra Kennedy,4902,,,
Gila,Corporation Commissioner,,DEM,Sandra Kennedy,3702,,,
Graham,Corporation Commissioner,,DEM,Sandra Kennedy,1711,,,
Greenlee,Corporation Commissioner,,DEM,Sandra Kennedy,752,,,
La Paz,Corporation Commissioner,,DEM,Sandra Kennedy,623,,,
Maricopa,Corporation Commissioner,,DEM,Sandra Kennedy,87976,,,
Mohave,Corporation Commissioner,,DEM,Sandra Kennedy,3628,,,
Navajo,Corporation Commissioner,,DEM,Sandra Kennedy,4582,,,
Pima,Corporation Commissioner,,DEM,Sandra Kennedy,43778,,,
Pinal,Corporation Commissioner,,DEM,Sandra Kennedy,9351,,,
Santa Cruz,Corporation Commissioner,,DEM,Sandra Kennedy,2406,,,
Yavapai,Corporation Commissioner,,DEM,Sandra Kennedy,8221,,,
Yuma,Corporation Commissioner,,DEM,Sandra Kennedy,4362,,,
,Corporation Commissioner,,DEM,Sandra Kennedy,186895,True,,
Apache,Corporation Commissioner,,DEM,Paul Newman,4746,,,
Cochise,Corporation Commissioner,,DEM,Paul Newman,4473,,,
Coconino,Corporation Commissioner,,DEM,Paul Newman,4278,,,
Gila,Corporation Commissioner,,DEM,Paul Newman,3180,,,
Graham,Corporation Commissioner,,DEM,Paul Newman,1592,,,
Greenlee,Corporation Commissioner,,DEM,Paul Newman,729,,,
La Paz,Corporation Commissioner,,DEM,Paul Newman,551,,,
Maricopa,Corporation Commissioner,,DEM,Paul Newman,74848,,,
Mohave,Corporation Commissioner,,DEM,Paul Newman,3308,,,
Navajo,Corporation Commissioner,,DEM,Paul Newman,4069,,,
Pima,Corporation Commissioner,,DEM,Paul Newman,37388,,,
Pinal,Corporation Commissioner,,DEM,Paul Newman,8293,,,
Santa Cruz,Corporation Commissioner,,DEM,Paul Newman,2370,,,
Yavapai,Corporation Commissioner,,DEM,Paul Newman,6779,,,
Yuma,Corporation Commissioner,,DEM,Paul Newman,3422,,,
,Corporation Commissioner,,DEM,Paul Newman,160026,True,,
Apache,Corporation Commissioner,,REP,John M. Allen,755,,,
Cochise,Corporation Commissioner,,REP,John M. Allen,2144,,,
Coconino,Corporation Commissioner,,REP,John M. Allen,1154,,,
Gila,Corporation Commissioner,,REP,John M. Allen,1106,,,
Graham,Corporation Commissioner,,REP,John M. Allen,814,,,
Greenlee,Corporation Commissioner,,REP,John M. Allen,74,,,
La Paz,Corporation Commissioner,,REP,John M. Allen,346,,,
Maricopa,Corporation Commissioner,,REP,John M. Allen,64882,,,
Mohave,Corporation Commissioner,,REP,John M. Allen,3414,,,
Navajo,Corporation Commissioner,,REP,John M. Allen,1622,,,
Pima,Corporation Commissioner,,REP,John M. Allen,14928,,,
Pinal,Corporation Commissioner,,REP,John M. Allen,3614,,,
Santa Cruz,Corporation Commissioner,,REP,John M. Allen,326,,,
Yavapai,Corporation Commissioner,,REP,John M. Allen,6723,,,
Yuma,Corporation Commissioner,,REP,John M. Allen,1897,,,
,Corporation Commissioner,,REP,John M. Allen,103799,,,
Apache,Corporation Commissioner,,REP,Rick Fowlkes,381,,,
Cochise,Corporation Commissioner,,REP,Rick Fowlkes,1819,,,
Coconino,Corporation Commissioner,,REP,Rick Fowlkes,911,,,
Gila,Corporation Commissioner,,REP,Rick Fowlkes,954,,,
Graham,Corporation Commissioner,,REP,Rick Fowlkes,396,,,
Greenlee,Corporation Commissioner,,REP,Rick Fowlkes,53,,,
La Paz,Corporation Commissioner,,REP,Rick Fowlkes,199,,,
Maricopa,Corporation Commissioner,,REP,Rick Fowlkes,44555,,,
Mohave,Corporation Commissioner,,REP,Rick Fowlkes,2635,,,
Navajo,Corporation Commissioner,,REP,Rick Fowlkes,909,,,
Pima,Corporation Commissioner,,REP,Rick Fowlkes,13313,,,
Pinal,Corporation Commissioner,,REP,Rick Fowlkes,3379,,,
Santa Cruz,Corporation Commissioner,,REP,Rick Fowlkes,210,,,
Yavapai,Corporation Commissioner,,REP,Rick Fowlkes,5637,,,
Yuma,Corporation Commissioner,,REP,Rick Fowlkes,1322,,,
,Corporation Commissioner,,REP,Rick Fowlkes,76673,,,
Apache,Corporation Commissioner,,REP,Joseph Hobbs,585,,,
Cochise,Corporation Commissioner,,REP,Joseph Hobbs,2235,,,
Coconino,Corporation Commissioner,,REP,Joseph Hobbs,1107,,,
Gila,Corporation Commissioner,,REP,Joseph Hobbs,1066,,,
Graham,Corporation Commissioner,,REP,Joseph Hobbs,527,,,
Greenlee,Corporation Commissioner,,REP,Joseph Hobbs,71,,,
La Paz,Corporation Commissioner,,REP,Joseph Hobbs,348,,,
Maricopa,Corporation Commissioner,,REP,Joseph Hobbs,51148,,,
Mohave,Corporation Commissioner,,REP,Joseph Hobbs,2982,,,
Navajo,Corporation Commissioner,,REP,Joseph Hobbs,1200,,,
Pima,Corporation Commissioner,,REP,Joseph Hobbs,15939,,,
Pinal,Corporation Commissioner,,REP,Joseph Hobbs,3792,,,
Santa Cruz,Corporation Commissioner,,REP,Joseph Hobbs,273,,,
Yavapai,Corporation Commissioner,,REP,Joseph Hobbs,6438,,,
Yuma,Corporation Commissioner,,REP,Joseph Hobbs,1745,,,
,Corporation Commissioner,,REP,Joseph Hobbs,89456,,,
Apache,Corporation Commissioner,,REP,Marian A. McClure,606,,,
Cochise,Corporation Commissioner,,REP,Marian A. McClure,3548,,,
Coconino,Corporation Commissioner,,REP,Marian A. McClure,1455,,,
Gila,Corporation Commissioner,,REP,Marian A. McClure,1238,,,
Graham,Corporation Commissioner,,REP,Marian A. McClure,712,,,
Greenlee,Corporation Commissioner,,REP,Marian A. McClure,85,,,
La Paz,Corporation Commissioner,,REP,Marian A. McClure,450,,,
Maricopa,Corporation Commissioner,,REP,Marian A. McClure,67780,,,
Mohave,Corporation Commissioner,,REP,Marian A. McClure,4546,,,
Navajo,Corporation Commissioner,,REP,Marian A. McClure,1613,,,
Pima,Corporation Commissioner,,REP,Marian A. McClure,21765,,,
Pinal,Corporation Commissioner,,REP,Marian A. McClure,4182,,,
Santa Cruz,Corporation Commissioner,,REP,Marian A. McClure,495,,,
Yavapai,Corporation Commissioner,,REP,Marian A. McClure,8321,,,
Yuma,Corporation Commissioner,,REP,Marian A. McClure,2082,,,
,Corporation Commissioner,,REP,Marian A. McClure,118878,True,,
Apache,Corporation Commissioner,,REP,Bob Robson,375,,,
Cochise,Corporation Commissioner,,REP,Bob Robson,2050,,,
Coconino,Corporation Commissioner,,REP,Bob Robson,912,,,
Gila,Corporation Commissioner,,REP,Bob Robson,889,,,
Graham,Corporation Commissioner,,REP,Bob Robson,571,,,
Greenlee,Corporation Commissioner,,REP,Bob Robson,44,,,
La Paz,Corporation Commissioner,,REP,Bob Robson,274,,,
Maricopa,Corporation Commissioner,,REP,Bob Robson,53092,,,
Mohave,Corporation Commissioner,,REP,Bob Robson,2762,,,
Navajo,Corporation Commissioner,,REP,Bob Robson,1194,,,
Pima,Corporation Commissioner,,REP,Bob Robson,12934,,,
Pinal,Corporation Commissioner,,REP,Bob Robson,3263,,,
Santa Cruz,Corporation Commissioner,,REP,Bob Robson,287,,,
Yavapai,Corporation Commissioner,,REP,Bob Robson,5272,,,
Yuma,Corporation Commissioner,,REP,Bob Robson,1468,,,
,Corporation Commissioner,,REP,Bob Robson,85387,,,
Apache,Corporation Commissioner,,REP,Bob Stump,720,,,
Cochise,Corporation Commissioner,,REP,Bob Stump,3583,,,
Coconino,Corporation Commissioner,,REP,Bob Stump,2654,,,
Gila,Corporation Commissioner,,REP,Bob Stump,1996,,,
Graham,Corporation Commissioner,,REP,Bob Stump,1054,,,
Greenlee,Corporation Commissioner,,REP,Bob Stump,85,,,
La Paz,Corporation Commissioner,,REP,Bob Stump,730,,,
Maricopa,Corporation Commissioner,,REP,Bob Stump,109642,,,
Mohave,Corporation Commissioner,,REP,Bob Stump,6633,,,
Navajo,Corporation Commissioner,,REP,Bob Stump,2381,,,
Pima,Corporation Commissioner,,REP,Bob Stump,21898,,,
Pinal,Corporation Commissioner,,REP,Bob Stump,5157,,,
Santa Cruz,Corporation Commissioner,,REP,Bob Stump,456,,,
Yavapai,Corporation Commissioner,,REP,Bob Stump,15354,,,
Yuma,Corporation Commissioner,,REP,Bob Stump,3005,,,
,Corporation Commissioner,,REP,Bob Stump,175348,True,,
Apache,Corporation Commissioner,,REP,Keith Swapp,450,,,
Cochise,Corporation Commissioner,,REP,Keith Swapp,1513,,,
Coconino,Corporation Commissioner,,REP,Keith Swapp,895,,,
Gila,Corporation Commissioner,,REP,Keith Swapp,789,,,
Graham,Corporation Commissioner,,REP,Keith Swapp,619,,,
Greenlee,Corporation Commissioner,,REP,Keith Swapp,121,,,
La Paz,Corporation Commissioner,,REP,Keith Swapp,200,,,
Maricopa,Corporation Commissioner,,REP,Keith Swapp,37580,,,
Mohave,Corporation Commissioner,,REP,Keith Swapp,2254,,,
Navajo,Corporation Commissioner,,REP,Keith Swapp,948,,,
Pima,Corporation Commissioner,,REP,Keith Swapp,11149,,,
Pinal,Corporation Commissioner,,REP,Keith Swapp,2839,,,
Santa Cruz,Corporation Commissioner,,REP,Keith Swapp,188,,,
Yavapai,Corporation Commissioner,,REP,Keith Swapp,4681,,,
Yuma,Corporation Commissioner,,REP,Keith Swapp,1072,,,
,Corporation Commissioner,,REP,Keith Swapp,65298,,,
Apache,Corporation Commissioner,,REP,Barry Wong,391,,,
Cochise,Corporation Commissioner,,REP,Barry Wong,1897,,,
Coconino,Corporation Commissioner,,REP,Barry Wong,1214,,,
Gila,Corporation Commissioner,,REP,Barry Wong,958,,,
Graham,Corporation Commissioner,,REP,Barry Wong,380,,,
Greenlee,Corporation Commissioner,,REP,Barry Wong,38,,,
La Paz,Corporation Commissioner,,REP,Barry Wong,230,,,
Maricopa,Corporation Commissioner,,REP,Barry Wong,69177,,,
Mohave,Corporation Commissioner,,REP,Barry Wong,3036,,,
Navajo,Corporation Commissioner,,REP,Barry Wong,1097,,,
Pima,Corporation Commissioner,,REP,Barry Wong,15326,,,
Pinal,Corporation Commissioner,,REP,Barry Wong,2897,,,
Santa Cruz,Corporation Commissioner,,REP,Barry Wong,259,,,
Yavapai,Corporation Commissioner,,REP,Barry Wong,7337,,,
Yuma,Corporation Commissioner,,REP,Barry Wong,1595,,,
,Corporation Commissioner,,REP,Barry Wong,105832,True,,
