county,precinct,office,district,party,candidate,votes,election_day,early_voting,late_votes,provisional 
Yuma,001.01,Registered Voters,,,,1358,,,,
Yuma,002,Registered Voters,,,,1516,,,,
Yuma,003,Registered Voters,,,,1809,,,,
Yuma,004,Registered Voters,,,,4375,,,,
Yuma,005,Registered Voters,,,,2690,,,,
Yuma,006,Registered Voters,,,,2770,,,,
Yuma,007,Registered Voters,,,,3855,,,,
Yuma,008.01,Registered Voters,,,,1397,,,,
Yuma,009,Registered Voters,,,,2659,,,,
Yuma,010,Registered Voters,,,,6262,,,,
Yuma,011,Registered Voters,,,,2552,,,,
Yuma,012,Registered Voters,,,,2434,,,,
Yuma,013,Registered Voters,,,,2178,,,,
Yuma,014.01,Registered Voters,,,,695,,,,
Yuma,015.01,Registered Voters,,,,2111,,,,
Yuma,016,Registered Voters,,,,1687,,,,
Yuma,017,Registered Voters,,,,3816,,,,
Yuma,018,Registered Voters,,,,365,,,,
Yuma,019,Registered Voters,,,,172,,,,
Yuma,020,Registered Voters,,,,2773,,,,
Yuma,021,Registered Voters,,,,0,,,,
Yuma,022,Registered Voters,,,,3336,,,,
Yuma,023.01,Registered Voters,,,,2491,,,,
Yuma,024.01,Registered Voters,,,,6602,,,,
Yuma,25.01,Registered Voters,,,,3407,,,,
Yuma,026,Registered Voters,,,,968,,,,
Yuma,027,Registered Voters,,,,1149,,,,
Yuma,028,Registered Voters,,,,823,,,,
Yuma,029,Registered Voters,,,,4641,,,,
Yuma,030.01,Registered Voters,,,,3803,,,,
Yuma,031,Registered Voters,,,,6734,,,,
Yuma,032,Registered Voters,,,,1650,,,,
Yuma,033,Registered Voters,,,,655,,,,
Yuma,034.01,Registered Voters,,,,871,,,,
Yuma,035,Registered Voters,,,,1941,,,,
Yuma,036,Registered Voters,,,,2656,,,,
Yuma,037,Registered Voters,,,,2303,,,,
Yuma,038,Registered Voters,,,,2297,,,,
Yuma,039,Registered Voters,,,,2102,,,,
Yuma,040,Registered Voters,,,,2221,,,,
Yuma,041.01,Registered Voters,,,,2545,,,,
Yuma,042,Registered Voters,,,,3195,,,,
Yuma,043,Registered Voters,,,,36,,,,
Yuma,044,Registered Voters,,,,0,,,,
Yuma,045.01,Registered Voters,,,,1221,,,,
Yuma,046,Registered Voters,,,,12,,,,
Yuma,001.01,Ballots Cast,,,,403,72,302,24,5
Yuma,002,Ballots Cast,,,,573,108,434,24,7
Yuma,003,Ballots Cast,,,,509,90,397,17,5
Yuma,004,Ballots Cast,,,,1696,281,1324,77,14
Yuma,005,Ballots Cast,,,,1515,281,1132,85,17
Yuma,006,Ballots Cast,,,,918,188,638,82,10
Yuma,007,Ballots Cast,,,,1044,164,784,88,8
Yuma,008.01,Ballots Cast,,,,868,107,725,29,7
Yuma,009,Ballots Cast,,,,1369,309,968,71,21
Yuma,010,Ballots Cast,,,,3010,526,2298,143,43
Yuma,011,Ballots Cast,,,,1251,337,812,91,11
Yuma,012,Ballots Cast,,,,1271,238,958,66,9
Yuma,013,Ballots Cast,,,,782,124,631,17,10
Yuma,014.01,Ballots Cast,,,,245,58,168,18,1
Yuma,015.01,Ballots Cast,,,,1011,149,782,64,16
Yuma,016,Ballots Cast,,,,735,119,566,43,7
Yuma,017,Ballots Cast,,,,1955,361,1503,68,23
Yuma,018,Ballots Cast,,,,149,24,119,5,1
Yuma,019,Ballots Cast,,,,67,13,49,3,2
Yuma,020,Ballots Cast,,,,1624,449,1022,135,18
Yuma,021,Ballots Cast,,,,0,0,0,0,0
Yuma,022,Ballots Cast,,,,1747,366,1267,86,28
Yuma,023.01,Ballots Cast,,,,1658,267,1318,60,13
Yuma,024.01,Ballots Cast,,,,4574,785,3587,175,27
Yuma,25.01,Ballots Cast,,,,2354,427,1810,101,16
Yuma,026,Ballots Cast,,,,330,49,251,26,4
Yuma,027,Ballots Cast,,,,471,78,373,16,4
Yuma,028,Ballots Cast,,,,282,53,202,25,2
Yuma,029,Ballots Cast,,,,1170,207,803,153,7
Yuma,030.01,Ballots Cast,,,,1170,205,797,163,5
Yuma,031,Ballots Cast,,,,1876,349,1275,224,28
Yuma,032,Ballots Cast,,,,539,103,393,34,9
Yuma,033,Ballots Cast,,,,316,75,220,16,5
Yuma,034.01,Ballots Cast,,,,541,113,383,36,9
Yuma,035,Ballots Cast,,,,896,162,697,27,10
Yuma,036,Ballots Cast,,,,1171,207,893,64,7
Yuma,037,Ballots Cast,,,,821,170,606,37,8
Yuma,038,Ballots Cast,,,,936,175,703,47,11
Yuma,039,Ballots Cast,,,,997,178,760,38,21
Yuma,040,Ballots Cast,,,,1088,163,868,51,6
Yuma,041.01,Ballots Cast,,,,1205,185,946,64,10
Yuma,042,Ballots Cast,,,,1234,255,901,67,11
Yuma,043,Ballots Cast,,,,23,5,17,1,0
Yuma,044,Ballots Cast,,,,0,0,0,0,0
Yuma,045.01,Ballots Cast,,,,431,83,323,17,8
Yuma,046,Ballots Cast,,,,5,1,4,0,0
Yuma,001.01,U.S. Senate,,DEM,Mark Kelly,263,35,208,18,2
Yuma,002,U.S. Senate,,DEM,Mark Kelly,321,48,255,13,5
Yuma,003,U.S. Senate,,DEM,Mark Kelly,280,45,220,12,3
Yuma,004,U.S. Senate,,DEM,Mark Kelly,956,91,821,40,4
Yuma,005,U.S. Senate,,DEM,Mark Kelly,563,57,477,26,3
Yuma,006,U.S. Senate,,DEM,Mark Kelly,604,104,435,57,8
Yuma,007,U.S. Senate,,DEM,Mark Kelly,796,98,625,66,7
Yuma,008.01,U.S. Senate,,DEM,Mark Kelly,373,28,323,20,2
Yuma,009,U.S. Senate,,DEM,Mark Kelly,330,44,276,8,2
Yuma,010,U.S. Senate,,DEM,Mark Kelly,1160,107,990,49,14
Yuma,011,U.S. Senate,,DEM,Mark Kelly,486,85,361,38,2
Yuma,012,U.S. Senate,,DEM,Mark Kelly,415,55,334,24,2
Yuma,013,U.S. Senate,,DEM,Mark Kelly,430,46,378,6,0
Yuma,014.01,U.S. Senate,,DEM,Mark Kelly,118,13,94,11,0
Yuma,015.01,U.S. Senate,,DEM,Mark Kelly,413,37,346,24,6
Yuma,016,U.S. Senate,,DEM,Mark Kelly,380,40,321,14,5
Yuma,017,U.S. Senate,,DEM,Mark Kelly,695,83,586,22,4
Yuma,018,U.S. Senate,,DEM,Mark Kelly,23,1,20,2,0
Yuma,019,U.S. Senate,,DEM,Mark Kelly,30,2,27,1,0
Yuma,020,U.S. Senate,,DEM,Mark Kelly,488,62,391,29,6
Yuma,021,U.S. Senate,,DEM,Mark Kelly,0,0,0,0,0
Yuma,022,U.S. Senate,,DEM,Mark Kelly,596,78,487,28,3
Yuma,023.01,U.S. Senate,,DEM,Mark Kelly,599,47,534,14,4
Yuma,024.01,U.S. Senate,,DEM,Mark Kelly,1295,100,1167,24,4
Yuma,25.01,U.S. Senate,,DEM,Mark Kelly,719,43,648,26,2
Yuma,026,U.S. Senate,,DEM,Mark Kelly,201,16,168,14,3
Yuma,027,U.S. Senate,,DEM,Mark Kelly,237,33,197,7,0
Yuma,028,U.S. Senate,,DEM,Mark Kelly,156,21,122,11,2
Yuma,029,U.S. Senate,,DEM,Mark Kelly,914,141,657,110,6
Yuma,030.01,U.S. Senate,,DEM,Mark Kelly,923,135,661,126,1
Yuma,031,U.S. Senate,,DEM,Mark Kelly,1423,227,1013,161,22
Yuma,032,U.S. Senate,,DEM,Mark Kelly,296,44,231,18,3
Yuma,033,U.S. Senate,,DEM,Mark Kelly,122,13,103,6,0
Yuma,034.01,U.S. Senate,,DEM,Mark Kelly,153,19,122,9,3
Yuma,035,U.S. Senate,,DEM,Mark Kelly,402,49,343,7,3
Yuma,036,U.S. Senate,,DEM,Mark Kelly,569,78,458,29,4
Yuma,037,U.S. Senate,,DEM,Mark Kelly,500,73,400,24,3
Yuma,038,U.S. Senate,,DEM,Mark Kelly,480,59,390,30,1
Yuma,039,U.S. Senate,,DEM,Mark Kelly,457,59,369,20,9
Yuma,040,U.S. Senate,,DEM,Mark Kelly,516,55,434,24,3
Yuma,041.01,U.S. Senate,,DEM,Mark Kelly,566,50,492,21,3
Yuma,042,U.S. Senate,,DEM,Mark Kelly,639,86,515,37,1
Yuma,043,U.S. Senate,,DEM,Mark Kelly,9,1,8,0,0
Yuma,044,U.S. Senate,,DEM,Mark Kelly,0,0,0,0,0
Yuma,045.01,U.S. Senate,,DEM,Mark Kelly,241,28,200,9,4
Yuma,046,U.S. Senate,,DEM,Mark Kelly,4,0,4,0,0
Yuma,001.01,U.S. Senate,,REP,Blake Masters,126,34,83,6,3
Yuma,002,U.S. Senate,,REP,Blake Masters,223,58,153,10,2
Yuma,003,U.S. Senate,,REP,Blake Masters,208,41,161,5,1
Yuma,004,U.S. Senate,,REP,Blake Masters,680,181,453,36,10
Yuma,005,U.S. Senate,,REP,Blake Masters,912,217,624,58,13
Yuma,006,U.S. Senate,,REP,Blake Masters,293,83,189,20,1
Yuma,007,U.S. Senate,,REP,Blake Masters,201,57,126,17,1
Yuma,008.01,U.S. Senate,,REP,Blake Masters,457,73,371,8,5
Yuma,009,U.S. Senate,,REP,Blake Masters,1009,259,669,62,19
Yuma,010,U.S. Senate,,REP,Blake Masters,1749,400,1234,91,24
Yuma,011,U.S. Senate,,REP,Blake Masters,728,241,428,51,8
Yuma,012,U.S. Senate,,REP,Blake Masters,808,176,586,39,7
Yuma,013,U.S. Senate,,REP,Blake Masters,308,71,216,11,10
Yuma,014.01,U.S. Senate,,REP,Blake Masters,118,45,65,7,1
Yuma,015.01,U.S. Senate,,REP,Blake Masters,560,110,406,37,7
Yuma,016,U.S. Senate,,REP,Blake Masters,326,76,220,28,2
Yuma,017,U.S. Senate,,REP,Blake Masters,1179,261,855,44,19
Yuma,018,U.S. Senate,,REP,Blake Masters,124,23,97,3,1
Yuma,019,U.S. Senate,,REP,Blake Masters,35,10,21,2,2
Yuma,020,U.S. Senate,,REP,Blake Masters,1078,376,591,99,12
Yuma,021,U.S. Senate,,REP,Blake Masters,0,0,0,0,0
Yuma,022,U.S. Senate,,REP,Blake Masters,1088,283,724,56,25
Yuma,023.01,U.S. Senate,,REP,Blake Masters,1014,214,749,43,8
Yuma,024.01,U.S. Senate,,REP,Blake Masters,3124,670,2286,147,21
Yuma,25.01,U.S. Senate,,REP,Blake Masters,1572,375,1111,72,14
Yuma,026,U.S. Senate,,REP,Blake Masters,115,33,71,10,1
Yuma,027,U.S. Senate,,REP,Blake Masters,221,41,167,9,4
Yuma,028,U.S. Senate,,REP,Blake Masters,107,30,64,13,0
Yuma,029,U.S. Senate,,REP,Blake Masters,174,53,90,30,1
Yuma,030.01,U.S. Senate,,REP,Blake Masters,194,62,103,25,4
Yuma,031,U.S. Senate,,REP,Blake Masters,333,102,177,49,5
Yuma,032,U.S. Senate,,REP,Blake Masters,215,53,141,15,6
Yuma,033,U.S. Senate,,REP,Blake Masters,181,59,108,9,5
Yuma,034.01,U.S. Senate,,REP,Blake Masters,373,91,249,27,6
Yuma,035,U.S. Senate,,REP,Blake Masters,463,109,328,19,7
Yuma,036,U.S. Senate,,REP,Blake Masters,557,125,396,34,2
Yuma,037,U.S. Senate,,REP,Blake Masters,293,90,185,13,5
Yuma,038,U.S. Senate,,REP,Blake Masters,416,110,282,16,8
Yuma,039,U.S. Senate,,REP,Blake Masters,502,114,361,17,10
Yuma,040,U.S. Senate,,REP,Blake Masters,523,100,394,26,3
Yuma,041.01,U.S. Senate,,REP,Blake Masters,598,130,422,39,7
Yuma,042,U.S. Senate,,REP,Blake Masters,556,163,356,27,10
Yuma,043,U.S. Senate,,REP,Blake Masters,13,4,8,1,0
Yuma,044,U.S. Senate,,REP,Blake Masters,0,0,0,0,0
Yuma,045.01,U.S. Senate,,REP,Blake Masters,163,54,98,8,3
Yuma,046,U.S. Senate,,REP,Blake Masters,0,0,0,0,0
Yuma,001.01,U.S. Senate,,LIB,Marc J. Victor,10,2,8,0,0
Yuma,002,U.S. Senate,,LIB,Marc J. Victor,20,0,19,1,0
Yuma,003,U.S. Senate,,LIB,Marc J. Victor,17,2,14,0,1
Yuma,004,U.S. Senate,,LIB,Marc J. Victor,45,7,38,0,0
Yuma,005,U.S. Senate,,LIB,Marc J. Victor,21,5,15,0,1
Yuma,006,U.S. Senate,,LIB,Marc J. Victor,15,0,10,4,1
Yuma,007,U.S. Senate,,LIB,Marc J. Victor,32,8,23,1,0
Yuma,008.01,U.S. Senate,,LIB,Marc J. Victor,29,4,24,1,0
Yuma,009,U.S. Senate,,LIB,Marc J. Victor,19,4,14,1,0
Yuma,010,U.S. Senate,,LIB,Marc J. Victor,78,17,55,2,4
Yuma,011,U.S. Senate,,LIB,Marc J. Victor,26,10,15,1,0
Yuma,012,U.S. Senate,,LIB,Marc J. Victor,29,3,24,2,0
Yuma,013,U.S. Senate,,LIB,Marc J. Victor,35,5,30,0,0
Yuma,014.01,U.S. Senate,,LIB,Marc J. Victor,8,0,8,0,0
Yuma,015.01,U.S. Senate,,LIB,Marc J. Victor,29,2,22,3,2
Yuma,016,U.S. Senate,,LIB,Marc J. Victor,22,2,19,1,0
Yuma,017,U.S. Senate,,LIB,Marc J. Victor,64,13,49,2,0
Yuma,018,U.S. Senate,,LIB,Marc J. Victor,1,0,1,0,0
Yuma,019,U.S. Senate,,LIB,Marc J. Victor,1,0,1,0,0
Yuma,020,U.S. Senate,,LIB,Marc J. Victor,33,8,23,2,0
Yuma,021,U.S. Senate,,LIB,Marc J. Victor,0,0,0,0,0
Yuma,022,U.S. Senate,,LIB,Marc J. Victor,52,4,46,2,0
Yuma,023.01,U.S. Senate,,LIB,Marc J. Victor,29,3,23,2,1
Yuma,024.01,U.S. Senate,,LIB,Marc J. Victor,131,13,112,4,2
Yuma,25.01,U.S. Senate,,LIB,Marc J. Victor,39,5,31,3,0
Yuma,026,U.S. Senate,,LIB,Marc J. Victor,7,0,5,2,0
Yuma,027,U.S. Senate,,LIB,Marc J. Victor,11,2,9,0,0
Yuma,028,U.S. Senate,,LIB,Marc J. Victor,9,0,8,1,0
Yuma,029,U.S. Senate,,LIB,Marc J. Victor,46,4,35,7,0
Yuma,030.01,U.S. Senate,,LIB,Marc J. Victor,27,4,19,4,0
Yuma,031,U.S. Senate,,LIB,Marc J. Victor,69,12,49,8,0
Yuma,032,U.S. Senate,,LIB,Marc J. Victor,22,6,15,1,0
Yuma,033,U.S. Senate,,LIB,Marc J. Victor,9,3,5,1,0
Yuma,034.01,U.S. Senate,,LIB,Marc J. Victor,14,3,11,0,0
Yuma,035,U.S. Senate,,LIB,Marc J. Victor,21,4,17,0,0
Yuma,036,U.S. Senate,,LIB,Marc J. Victor,37,2,34,1,0
Yuma,037,U.S. Senate,,LIB,Marc J. Victor,22,6,16,0,0
Yuma,038,U.S. Senate,,LIB,Marc J. Victor,28,3,22,1,2
Yuma,039,U.S. Senate,,LIB,Marc J. Victor,28,3,23,1,1
Yuma,040,U.S. Senate,,LIB,Marc J. Victor,33,5,27,1,0
Yuma,041.01,U.S. Senate,,LIB,Marc J. Victor,29,4,23,2,0
Yuma,042,U.S. Senate,,LIB,Marc J. Victor,28,6,22,0,0
Yuma,043,U.S. Senate,,LIB,Marc J. Victor,0,0,0,0,0
Yuma,044,U.S. Senate,,LIB,Marc J. Victor,0,0,0,0,0
Yuma,045.01,U.S. Senate,,LIB,Marc J. Victor,16,0,16,0,0
Yuma,046,U.S. Senate,,LIB,Marc J. Victor,0,0,0,0,0
Yuma,001.01,U.S. Senate,,,Write-ins,1,0,1,0,0
Yuma,002,U.S. Senate,,,Write-ins,0,0,0,0,0
Yuma,003,U.S. Senate,,,Write-ins,0,0,0,0,0
Yuma,004,U.S. Senate,,,Write-ins,1,0,1,0,0
Yuma,005,U.S. Senate,,,Write-ins,2,0,2,0,0
Yuma,006,U.S. Senate,,,Write-ins,1,1,0,0,0
Yuma,007,U.S. Senate,,,Write-ins,0,0,0,0,0
Yuma,008.01,U.S. Senate,,,Write-ins,1,0,1,0,0
Yuma,009,U.S. Senate,,,Write-ins,0,0,0,0,0
Yuma,010,U.S. Senate,,,Write-ins,1,0,1,0,0
Yuma,011,U.S. Senate,,,Write-ins,0,0,0,0,0
Yuma,012,U.S. Senate,,,Write-ins,3,0,2,1,0
Yuma,013,U.S. Senate,,,Write-ins,2,1,1,0,0
Yuma,014.01,U.S. Senate,,,Write-ins,0,0,0,0,0
Yuma,015.01,U.S. Senate,,,Write-ins,0,0,0,0,0
Yuma,016,U.S. Senate,,,Write-ins,1,1,0,0,0
Yuma,017,U.S. Senate,,,Write-ins,0,0,0,0,0
Yuma,018,U.S. Senate,,,Write-ins,0,0,0,0,0
Yuma,019,U.S. Senate,,,Write-ins,1,1,0,0,0
Yuma,020,U.S. Senate,,,Write-ins,1,0,1,0,0
Yuma,021,U.S. Senate,,,Write-ins,0,0,0,0,0
Yuma,022,U.S. Senate,,,Write-ins,3,1,2,0,0
Yuma,023.01,U.S. Senate,,,Write-ins,1,1,0,0,0
Yuma,024.01,U.S. Senate,,,Write-ins,5,1,4,0,0
Yuma,25.01,U.S. Senate,,,Write-ins,4,3,1,0,0
Yuma,026,U.S. Senate,,,Write-ins,0,0,0,0,0
Yuma,027,U.S. Senate,,,Write-ins,1,1,0,0,0
Yuma,028,U.S. Senate,,,Write-ins,0,0,0,0,0
Yuma,029,U.S. Senate,,,Write-ins,0,0,0,0,0
Yuma,030.01,U.S. Senate,,,Write-ins,1,0,1,0,0
Yuma,031,U.S. Senate,,,Write-ins,2,1,1,0,0
Yuma,032,U.S. Senate,,,Write-ins,0,0,0,0,0
Yuma,033,U.S. Senate,,,Write-ins,0,0,0,0,0
Yuma,034.01,U.S. Senate,,,Write-ins,1,0,1,0,0
Yuma,035,U.S. Senate,,,Write-ins,1,0,1,0,0
Yuma,036,U.S. Senate,,,Write-ins,0,0,0,0,0
Yuma,037,U.S. Senate,,,Write-ins,0,0,0,0,0
Yuma,038,U.S. Senate,,,Write-ins,0,0,0,0,0
Yuma,039,U.S. Senate,,,Write-ins,3,1,2,0,0
Yuma,040,U.S. Senate,,,Write-ins,1,1,0,0,0
Yuma,041.01,U.S. Senate,,,Write-ins,0,0,0,0,0
Yuma,042,U.S. Senate,,,Write-ins,2,0,1,1,0
Yuma,043,U.S. Senate,,,Write-ins,0,0,0,0,0
Yuma,044,U.S. Senate,,,Write-ins,0,0,0,0,0
Yuma,045.01,U.S. Senate,,,Write-ins,0,0,0,0,0
Yuma,046,U.S. Senate,,,Write-ins,0,0,0,0,0
Yuma,001.01,U.S. House,7,DEM,Raul Grijalva,248,31,198,18,1
Yuma,002,U.S. House,7,DEM,Raul Grijalva,311,42,255,11,3
Yuma,003,U.S. House,7,DEM,Raul Grijalva,265,42,210,10,3
Yuma,004,U.S. House,7,DEM,Raul Grijalva,896,80,772,40,4
Yuma,006,U.S. House,7,DEM,Raul Grijalva,545,91,391,54,9
Yuma,007,U.S. House,7,DEM,Raul Grijalva,765,96,602,61,6
Yuma,013,U.S. House,7,DEM,Raul Grijalva,411,42,362,6,1
Yuma,014.01,U.S. House,7,DEM,Raul Grijalva,103,12,80,11,0
Yuma,021,U.S. House,7,DEM,Raul Grijalva,0,0,0,0,0
Yuma,026,U.S. House,7,DEM,Raul Grijalva,194,17,158,16,3
Yuma,027,U.S. House,7,DEM,Raul Grijalva,211,32,173,6,0
Yuma,028,U.S. House,7,DEM,Raul Grijalva,157,23,122,10,2
Yuma,029,U.S. House,7,DEM,Raul Grijalva,879,136,625,113,5
Yuma,030.01,U.S. House,7,DEM,Raul Grijalva,864,118,615,129,2
Yuma,031,U.S. House,7,DEM,Raul Grijalva,1333,215,945,155,18
Yuma,032,U.S. House,7,DEM,Raul Grijalva,287,40,228,17,2
Yuma,035,U.S. House,7,DEM,Raul Grijalva,356,41,309,4,2
Yuma,036,U.S. House,7,DEM,Raul Grijalva,527,64,434,25,4
Yuma,037,U.S. House,7,DEM,Raul Grijalva,456,66,367,20,3
Yuma,038,U.S. House,7,DEM,Raul Grijalva,431,54,350,24,3
Yuma,039,U.S. House,7,DEM,Raul Grijalva,427,52,350,16,9
Yuma,040,U.S. House,7,DEM,Raul Grijalva,469,46,401,19,3
Yuma,041.01,U.S. House,7,DEM,Raul Grijalva,488,46,422,20,0
Yuma,042,U.S. House,7,DEM,Raul Grijalva,594,80,479,33,2
Yuma,044,U.S. House,7,DEM,Raul Grijalva,0,0,0,0,0
Yuma,045.01,U.S. House,7,DEM,Raul Grijalva,216,21,182,8,5
Yuma,046,U.S. House,7,DEM,Raul Grijalva,4,0,4,0,0
Yuma,001.01,U.S. House,7,REP,Luis Pozzolo,149,40,99,6,4
Yuma,002,U.S. House,7,REP,Luis Pozzolo,247,60,172,12,3
Yuma,003,U.S. House,7,REP,Luis Pozzolo,237,46,182,7,2
Yuma,004,U.S. House,7,REP,Luis Pozzolo,771,198,526,37,10
Yuma,006,U.S. House,7,REP,Luis Pozzolo,359,95,239,24,1
Yuma,007,U.S. House,7,REP,Luis Pozzolo,267,66,175,24,2
Yuma,013,U.S. House,7,REP,Luis Pozzolo,359,78,261,11,9
Yuma,014.01,U.S. House,7,REP,Luis Pozzolo,135,45,83,6,1
Yuma,021,U.S. House,7,REP,Luis Pozzolo,0,0,0,0,0
Yuma,026,U.S. House,7,REP,Luis Pozzolo,128,32,85,10,1
Yuma,027,U.S. House,7,REP,Luis Pozzolo,258,45,199,10,4
Yuma,028,U.S. House,7,REP,Luis Pozzolo,116,29,72,15,0
Yuma,029,U.S. House,7,REP,Luis Pozzolo,257,64,158,33,2
Yuma,030.01,U.S. House,7,REP,Luis Pozzolo,277,81,165,28,3
Yuma,031,U.S. House,7,REP,Luis Pozzolo,500,127,303,61,9
Yuma,032,U.S. House,7,REP,Luis Pozzolo,242,62,158,16,6
Yuma,035,U.S. House,7,REP,Luis Pozzolo,527,121,376,22,8
Yuma,036,U.S. House,7,REP,Luis Pozzolo,634,139,453,39,3
Yuma,037,U.S. House,7,REP,Luis Pozzolo,351,100,229,17,5
Yuma,038,U.S. House,7,REP,Luis Pozzolo,475,114,332,21,8
Yuma,039,U.S. House,7,REP,Luis Pozzolo,552,124,395,22,11
Yuma,040,U.S. House,7,REP,Luis Pozzolo,594,115,446,30,3
Yuma,041.01,U.S. House,7,REP,Luis Pozzolo,690,137,503,41,9
Yuma,042,U.S. House,7,REP,Luis Pozzolo,623,172,410,32,9
Yuma,044,U.S. House,7,REP,Luis Pozzolo,0,0,0,0,0
Yuma,045.01,U.S. House,7,REP,Luis Pozzolo,205,59,135,9,2
Yuma,046,U.S. House,7,REP,Luis Pozzolo,0,0,0,0,0
Yuma,001.01,U.S. House,7,,Write-ins,1,0,1,0,0
Yuma,002,U.S. House,7,,Write-ins,1,0,1,0,0
Yuma,003,U.S. House,7,,Write-ins,0,0,0,0,0
Yuma,004,U.S. House,7,,Write-ins,3,1,2,0,0
Yuma,006,U.S. House,7,,Write-ins,0,0,0,0,0
Yuma,007,U.S. House,7,,Write-ins,0,0,0,0,0
Yuma,013,U.S. House,7,,Write-ins,0,0,0,0,0
Yuma,014.01,U.S. House,7,,Write-ins,0,0,0,0,0
Yuma,021,U.S. House,7,,Write-ins,0,0,0,0,0
Yuma,026,U.S. House,7,,Write-ins,0,0,0,0,0
Yuma,027,U.S. House,7,,Write-ins,0,0,0,0,0
Yuma,028,U.S. House,7,,Write-ins,0,0,0,0,0
Yuma,029,U.S. House,7,,Write-ins,2,0,2,0,0
Yuma,030.01,U.S. House,7,,Write-ins,1,1,0,0,0
Yuma,031,U.S. House,7,,Write-ins,3,2,1,0,0
Yuma,032,U.S. House,7,,Write-ins,1,0,1,0,0
Yuma,035,U.S. House,7,,Write-ins,2,0,2,0,0
Yuma,036,U.S. House,7,,Write-ins,1,0,1,0,0
Yuma,037,U.S. House,7,,Write-ins,1,1,0,0,0
Yuma,038,U.S. House,7,,Write-ins,1,1,0,0,0
Yuma,039,U.S. House,7,,Write-ins,0,0,0,0,0
Yuma,040,U.S. House,7,,Write-ins,1,0,1,0,0
Yuma,041.01,U.S. House,7,,Write-ins,0,0,0,0,0
Yuma,042,U.S. House,7,,Write-ins,0,0,0,0,0
Yuma,044,U.S. House,7,,Write-ins,0,0,0,0,0
Yuma,045.01,U.S. House,7,,Write-ins,2,1,1,0,0
Yuma,046,U.S. House,7,,Write-ins,0,0,0,0,0
Yuma,005,U.S. House,9,REP,Paul Gosar,1082,242,757,70,13
Yuma,008.01,U.S. House,9,REP,Paul Gosar,622,92,511,13,6
Yuma,009,U.S. House,9,REP,Paul Gosar,1116,277,755,64,20
Yuma,010,U.S. House,9,REP,Paul Gosar,2180,450,1592,103,35
Yuma,011,U.S. House,9,REP,Paul Gosar,904,282,551,61,10
Yuma,012,U.S. House,9,REP,Paul Gosar,962,199,707,49,7
Yuma,015.01,U.S. House,9,REP,Paul Gosar,711,120,533,45,13
Yuma,016,U.S. House,9,REP,Paul Gosar,463,96,330,33,4
Yuma,017,U.S. House,9,REP,Paul Gosar,1495,321,1105,49,20
Yuma,018,U.S. House,9,REP,Paul Gosar,132,23,105,3,1
Yuma,019,U.S. House,9,REP,Paul Gosar,49,11,34,2,2
Yuma,020,U.S. House,9,REP,Paul Gosar,1234,392,718,109,15
Yuma,022,U.S. House,9,REP,Paul Gosar,1325,317,920,63,25
Yuma,023.01,U.S. House,9,REP,Paul Gosar,1218,237,922,49,10
Yuma,024.01,U.S. House,9,REP,Paul Gosar,3600,703,2724,149,24
Yuma,25.01,U.S. House,9,REP,Paul Gosar,1766,384,1292,74,16
Yuma,033,U.S. House,9,REP,Paul Gosar,245,71,154,15,5
Yuma,034.01,U.S. House,9,REP,Paul Gosar,429,98,291,32,8
Yuma,043,U.S. House,9,REP,Paul Gosar,18,5,12,1,0
Yuma,005,U.S. House,9,,Write-ins,66,6,54,5,1
Yuma,008.01,U.S. House,9,,Write-ins,26,4,22,0,0
Yuma,009,U.S. House,9,,Write-ins,55,11,42,2,0
Yuma,010,U.S. House,9,,Write-ins,153,23,116,12,2
Yuma,011,U.S. House,9,,Write-ins,66,14,41,11,0
Yuma,012,U.S. House,9,,Write-ins,57,9,44,4,0
Yuma,015.01,U.S. House,9,,Write-ins,43,4,35,3,1
Yuma,016,U.S. House,9,,Write-ins,45,4,40,1,0
Yuma,017,U.S. House,9,,Write-ins,67,10,55,2,0
Yuma,018,U.S. House,9,,Write-ins,7,1,6,0,0
Yuma,019,U.S. House,9,,Write-ins,2,0,2,0,0
Yuma,020,U.S. House,9,,Write-ins,51,13,33,4,1
Yuma,022,U.S. House,9,,Write-ins,80,15,60,5,0
Yuma,023.01,U.S. House,9,,Write-ins,68,6,61,1,0
Yuma,024.01,U.S. House,9,,Write-ins,144,19,120,4,1
Yuma,25.01,U.S. House,9,,Write-ins,100,13,81,6,0
Yuma,033,U.S. House,9,,Write-ins,8,1,7,0,0
Yuma,034.01,U.S. House,9,,Write-ins,25,10,13,2,0
Yuma,043,U.S. House,9,,Write-ins,2,0,2,0,0
Yuma,001.01,Governor,,DEM,Katie Hobbs,263,36,205,19,3
Yuma,002,Governor,,DEM,Katie Hobbs,317,47,254,11,5
Yuma,003,Governor,,DEM,Katie Hobbs,276,46,215,12,3
Yuma,004,Governor,,DEM,Katie Hobbs,909,83,782,40,4
Yuma,005,Governor,,DEM,Katie Hobbs,537,56,455,24,2
Yuma,006,Governor,,DEM,Katie Hobbs,568,96,410,55,7
Yuma,007,Governor,,DEM,Katie Hobbs,773,100,598,68,7
Yuma,008.01,Governor,,DEM,Katie Hobbs,333,25,292,15,1
Yuma,009,Governor,,DEM,Katie Hobbs,305,36,259,8,2
Yuma,010,Governor,,DEM,Katie Hobbs,1082,101,918,47,16
Yuma,011,Governor,,DEM,Katie Hobbs,452,76,341,34,1
Yuma,012,Governor,,DEM,Katie Hobbs,395,51,320,23,1
Yuma,013,Governor,,DEM,Katie Hobbs,419,49,364,5,1
Yuma,014.01,Governor,,DEM,Katie Hobbs,108,11,88,9,0
Yuma,015.01,Governor,,DEM,Katie Hobbs,393,35,331,20,7
Yuma,016,Governor,,DEM,Katie Hobbs,357,40,300,12,5
Yuma,017,Governor,,DEM,Katie Hobbs,642,74,541,23,4
Yuma,018,Governor,,DEM,Katie Hobbs,20,1,17,2,0
Yuma,019,Governor,,DEM,Katie Hobbs,27,2,24,1,0
Yuma,020,Governor,,DEM,Katie Hobbs,457,59,368,25,5
Yuma,021,Governor,,DEM,Katie Hobbs,0,0,0,0,0
Yuma,022,Governor,,DEM,Katie Hobbs,565,71,462,28,4
Yuma,023.01,Governor,,DEM,Katie Hobbs,565,42,512,7,4
Yuma,024.01,Governor,,DEM,Katie Hobbs,1186,87,1073,23,3
Yuma,25.01,Governor,,DEM,Katie Hobbs,664,39,604,19,2
Yuma,026,Governor,,DEM,Katie Hobbs,194,15,161,16,2
Yuma,027,Governor,,DEM,Katie Hobbs,230,32,188,10,0
Yuma,028,Governor,,DEM,Katie Hobbs,152,23,115,12,2
Yuma,029,Governor,,DEM,Katie Hobbs,903,134,653,111,5
Yuma,030.01,Governor,,DEM,Katie Hobbs,890,125,640,124,1
Yuma,031,Governor,,DEM,Katie Hobbs,1375,217,982,156,20
Yuma,032,Governor,,DEM,Katie Hobbs,280,36,225,16,3
Yuma,033,Governor,,DEM,Katie Hobbs,114,11,97,6,0
Yuma,034.01,Governor,,DEM,Katie Hobbs,142,18,113,8,3
Yuma,035,Governor,,DEM,Katie Hobbs,373,43,320,8,2
Yuma,036,Governor,,DEM,Katie Hobbs,553,71,449,30,3
Yuma,037,Governor,,DEM,Katie Hobbs,482,67,389,23,3
Yuma,038,Governor,,DEM,Katie Hobbs,459,55,377,25,2
Yuma,039,Governor,,DEM,Katie Hobbs,431,56,352,16,7
Yuma,040,Governor,,DEM,Katie Hobbs,488,51,416,20,1
Yuma,041.01,Governor,,DEM,Katie Hobbs,533,44,467,20,2
Yuma,042,Governor,,DEM,Katie Hobbs,616,80,497,37,2
Yuma,043,Governor,,DEM,Katie Hobbs,9,1,8,0,0
Yuma,044,Governor,,DEM,Katie Hobbs,0,0,0,0,0
Yuma,045.01,Governor,,DEM,Katie Hobbs,222,20,189,9,4
Yuma,046,Governor,,DEM,Katie Hobbs,4,0,4,0,0
Yuma,001.01,Governor,,REP,Kari Lake,136,35,94,5,2
Yuma,002,Governor,,REP,Kari Lake,245,59,173,11,2
Yuma,003,Governor,,REP,Kari Lake,223,43,173,5,2
Yuma,004,Governor,,REP,Kari Lake,766,194,525,37,10
Yuma,005,Governor,,REP,Kari Lake,962,224,665,59,14
Yuma,006,Governor,,REP,Kari Lake,332,90,216,24,2
Yuma,007,Governor,,REP,Kari Lake,241,62,160,18,1
Yuma,008.01,Governor,,REP,Kari Lake,525,80,426,14,5
Yuma,009,Governor,,REP,Kari Lake,1050,271,697,63,19
Yuma,010,Governor,,REP,Kari Lake,1894,418,1353,96,27
Yuma,011,Governor,,REP,Kari Lake,784,260,459,56,9
Yuma,012,Governor,,REP,Kari Lake,868,187,631,42,8
Yuma,013,Governor,,REP,Kari Lake,346,71,255,11,9
Yuma,014.01,Governor,,REP,Kari Lake,133,46,78,8,1
Yuma,015.01,Governor,,REP,Kari Lake,606,114,441,42,9
Yuma,016,Governor,,REP,Kari Lake,366,79,257,28,2
Yuma,017,Governor,,REP,Kari Lake,1298,286,948,45,19
Yuma,018,Governor,,REP,Kari Lake,128,23,101,3,1
Yuma,019,Governor,,REP,Kari Lake,39,11,24,2,2
Yuma,020,Governor,,REP,Kari Lake,1143,382,643,105,13
Yuma,021,Governor,,REP,Kari Lake,0,0,0,0,0
Yuma,022,Governor,,REP,Kari Lake,1162,291,790,58,23
Yuma,023.01,Governor,,REP,Kari Lake,1081,224,796,52,9
Yuma,024.01,Governor,,REP,Kari Lake,3340,694,2471,152,23
Yuma,25.01,Governor,,REP,Kari Lake,1660,384,1188,74,14
Yuma,026,Governor,,REP,Kari Lake,132,33,87,10,2
Yuma,027,Governor,,REP,Kari Lake,235,44,182,6,3
Yuma,028,Governor,,REP,Kari Lake,121,29,79,13,0
Yuma,029,Governor,,REP,Kari Lake,223,64,123,34,2
Yuma,030.01,Governor,,REP,Kari Lake,238,73,130,32,3
Yuma,031,Governor,,REP,Kari Lake,425,115,244,58,8
Yuma,032,Governor,,REP,Kari Lake,251,65,162,18,6
Yuma,033,Governor,,REP,Kari Lake,198,63,120,10,5
Yuma,034.01,Governor,,REP,Kari Lake,396,95,267,28,6
Yuma,035,Governor,,REP,Kari Lake,506,117,362,19,8
Yuma,036,Governor,,REP,Kari Lake,600,133,432,31,4
Yuma,037,Governor,,REP,Kari Lake,323,94,211,13,5
Yuma,038,Governor,,REP,Kari Lake,466,117,318,22,9
Yuma,039,Governor,,REP,Kari Lake,546,119,396,22,9
Yuma,040,Governor,,REP,Kari Lake,584,109,440,31,4
Yuma,041.01,Governor,,REP,Kari Lake,651,139,464,40,8
Yuma,042,Governor,,REP,Kari Lake,601,174,391,27,9
Yuma,043,Governor,,REP,Kari Lake,14,4,9,1,0
Yuma,044,Governor,,REP,Kari Lake,0,0,0,0,0
Yuma,045.01,Governor,,REP,Kari Lake,201,62,127,8,4
Yuma,046,Governor,,REP,Kari Lake,1,1,0,0,0
Yuma,001.01,Governor,,,Write-ins,1,0,1,0,0
Yuma,002,Governor,,,Write-ins,1,1,0,0,0
Yuma,003,Governor,,,Write-ins,3,0,3,0,0
Yuma,004,Governor,,,Write-ins,3,1,2,0,0
Yuma,005,Governor,,,Write-ins,3,0,3,0,0
Yuma,006,Governor,,,Write-ins,3,1,2,0,0
Yuma,007,Governor,,,Write-ins,6,0,6,0,0
Yuma,008.01,Governor,,,Write-ins,1,0,1,0,0
Yuma,009,Governor,,,Write-ins,5,2,3,0,0
Yuma,010,Governor,,,Write-ins,4,0,4,0,0
Yuma,011,Governor,,,Write-ins,2,1,1,0,0
Yuma,012,Governor,,,Write-ins,0,0,0,0,0
Yuma,013,Governor,,,Write-ins,5,2,2,1,0
Yuma,014.01,Governor,,,Write-ins,0,0,0,0,0
Yuma,015.01,Governor,,,Write-ins,2,0,2,0,0
Yuma,016,Governor,,,Write-ins,3,0,0,3,0
Yuma,017,Governor,,,Write-ins,2,1,1,0,0
Yuma,018,Governor,,,Write-ins,0,0,0,0,0
Yuma,019,Governor,,,Write-ins,0,0,0,0,0
Yuma,020,Governor,,,Write-ins,2,2,0,0,0
Yuma,021,Governor,,,Write-ins,0,0,0,0,0
Yuma,022,Governor,,,Write-ins,4,3,1,0,0
Yuma,023.01,Governor,,,Write-ins,0,0,0,0,0
Yuma,024.01,Governor,,,Write-ins,13,2,11,0,0
Yuma,25.01,Governor,,,Write-ins,4,2,2,0,0
Yuma,026,Governor,,,Write-ins,0,0,0,0,0
Yuma,027,Governor,,,Write-ins,2,0,2,0,0
Yuma,028,Governor,,,Write-ins,0,0,0,0,0
Yuma,029,Governor,,,Write-ins,1,0,1,0,0
Yuma,030.01,Governor,,,Write-ins,1,0,1,0,0
Yuma,031,Governor,,,Write-ins,3,1,1,1,0
Yuma,032,Governor,,,Write-ins,0,0,0,0,0
Yuma,033,Governor,,,Write-ins,1,1,0,0,0
Yuma,034.01,Governor,,,Write-ins,0,0,0,0,0
Yuma,035,Governor,,,Write-ins,3,0,3,0,0
Yuma,036,Governor,,,Write-ins,2,0,2,0,0
Yuma,037,Governor,,,Write-ins,4,3,1,0,0
Yuma,038,Governor,,,Write-ins,0,0,0,0,0
Yuma,039,Governor,,,Write-ins,2,0,1,0,1
Yuma,040,Governor,,,Write-ins,1,0,1,0,0
Yuma,041.01,Governor,,,Write-ins,5,2,3,0,0
Yuma,042,Governor,,,Write-ins,2,0,2,0,0
Yuma,043,Governor,,,Write-ins,0,0,0,0,0
Yuma,044,Governor,,,Write-ins,0,0,0,0,0
Yuma,045.01,Governor,,,Write-ins,1,0,1,0,0
Yuma,046,Governor,,,Write-ins,0,0,0,0,0
Yuma,001.01,Secretary of State,,DEM,Adrian Fontes,253,36,196,19,2
Yuma,002,Secretary of State,,DEM,Adrian Fontes,311,49,246,11,5
Yuma,003,Secretary of State,,DEM,Adrian Fontes,274,45,215,10,4
Yuma,004,Secretary of State,,DEM,Adrian Fontes,931,89,800,39,3
Yuma,005,Secretary of State,,DEM,Adrian Fontes,533,56,450,24,3
Yuma,006,Secretary of State,,DEM,Adrian Fontes,567,95,414,52,6
Yuma,007,Secretary of State,,DEM,Adrian Fontes,786,103,610,67,6
Yuma,008.01,Secretary of State,,DEM,Adrian Fontes,323,26,279,17,1
Yuma,009,Secretary of State,,DEM,Adrian Fontes,296,38,248,8,2
Yuma,010,Secretary of State,,DEM,Adrian Fontes,1082,99,918,47,18
Yuma,011,Secretary of State,,DEM,Adrian Fontes,454,79,337,37,1
Yuma,012,Secretary of State,,DEM,Adrian Fontes,388,53,312,22,1
Yuma,013,Secretary of State,,DEM,Adrian Fontes,399,46,348,4,1
Yuma,014.01,Secretary of State,,DEM,Adrian Fontes,112,13,87,12,0
Yuma,015.01,Secretary of State,,DEM,Adrian Fontes,396,34,331,22,9
Yuma,016,Secretary of State,,DEM,Adrian Fontes,373,43,311,14,5
Yuma,017,Secretary of State,,DEM,Adrian Fontes,636,71,536,25,4
Yuma,018,Secretary of State,,DEM,Adrian Fontes,20,1,17,2,0
Yuma,019,Secretary of State,,DEM,Adrian Fontes,22,2,20,0,0
Yuma,020,Secretary of State,,DEM,Adrian Fontes,463,60,372,25,6
Yuma,021,Secretary of State,,DEM,Adrian Fontes,0,0,0,0,0
Yuma,022,Secretary of State,,DEM,Adrian Fontes,550,74,446,26,4
Yuma,023.01,Secretary of State,,DEM,Adrian Fontes,541,44,480,13,4
Yuma,024.01,Secretary of State,,DEM,Adrian Fontes,1176,91,1054,26,5
Yuma,25.01,Secretary of State,,DEM,Adrian Fontes,633,37,570,24,2
Yuma,026,Secretary of State,,DEM,Adrian Fontes,191,14,156,18,3
Yuma,027,Secretary of State,,DEM,Adrian Fontes,223,32,183,8,0
Yuma,028,Secretary of State,,DEM,Adrian Fontes,156,23,120,11,2
Yuma,029,Secretary of State,,DEM,Adrian Fontes,906,137,651,112,6
Yuma,030.01,Secretary of State,,DEM,Adrian Fontes,905,137,634,133,1
Yuma,031,Secretary of State,,DEM,Adrian Fontes,1412,236,994,160,22
Yuma,032,Secretary of State,,DEM,Adrian Fontes,287,41,228,15,3
Yuma,033,Secretary of State,,DEM,Adrian Fontes,120,12,102,6,0
Yuma,034.01,Secretary of State,,DEM,Adrian Fontes,142,19,113,8,2
Yuma,035,Secretary of State,,DEM,Adrian Fontes,373,43,321,6,3
Yuma,036,Secretary of State,,DEM,Adrian Fontes,541,71,440,26,4
Yuma,037,Secretary of State,,DEM,Adrian Fontes,481,68,388,22,3
Yuma,038,Secretary of State,,DEM,Adrian Fontes,448,52,367,28,1
Yuma,039,Secretary of State,,DEM,Adrian Fontes,437,55,356,18,8
Yuma,040,Secretary of State,,DEM,Adrian Fontes,475,52,400,21,2
Yuma,041.01,Secretary of State,,DEM,Adrian Fontes,547,53,473,20,1
Yuma,042,Secretary of State,,DEM,Adrian Fontes,605,79,492,32,2
Yuma,043,Secretary of State,,DEM,Adrian Fontes,9,1,8,0,0
Yuma,044,Secretary of State,,DEM,Adrian Fontes,0,0,0,0,0
Yuma,045.01,Secretary of State,,DEM,Adrian Fontes,224,22,188,9,5
Yuma,046,Secretary of State,,DEM,Adrian Fontes,4,0,4,0,0
Yuma,001.01,Secretary of State,,REP,Mark Finchem,132,35,89,5,3
Yuma,002,Secretary of State,,REP,Mark Finchem,240,58,169,11,2
Yuma,003,Secretary of State,,REP,Mark Finchem,216,42,168,5,1
Yuma,004,Secretary of State,,REP,Mark Finchem,718,190,480,37,11
Yuma,005,Secretary of State,,REP,Mark Finchem,949,224,653,59,13
Yuma,006,Secretary of State,,REP,Mark Finchem,311,88,197,23,3
Yuma,007,Secretary of State,,REP,Mark Finchem,214,57,139,17,1
Yuma,008.01,Secretary of State,,REP,Mark Finchem,524,78,431,10,5
Yuma,009,Secretary of State,,REP,Mark Finchem,1046,267,700,61,18
Yuma,010,Secretary of State,,REP,Mark Finchem,1858,411,1332,90,25
Yuma,011,Secretary of State,,REP,Mark Finchem,774,254,458,53,9
Yuma,012,Secretary of State,,REP,Mark Finchem,844,178,616,42,8
Yuma,013,Secretary of State,,REP,Mark Finchem,342,73,248,12,9
Yuma,014.01,Secretary of State,,REP,Mark Finchem,129,45,77,6,1
Yuma,015.01,Secretary of State,,REP,Mark Finchem,594,113,437,37,7
Yuma,016,Secretary of State,,REP,Mark Finchem,348,74,244,28,2
Yuma,017,Secretary of State,,REP,Mark Finchem,1277,285,933,41,18
Yuma,018,Secretary of State,,REP,Mark Finchem,127,23,100,3,1
Yuma,019,Secretary of State,,REP,Mark Finchem,40,11,25,2,2
Yuma,020,Secretary of State,,REP,Mark Finchem,1123,381,627,104,11
Yuma,021,Secretary of State,,REP,Mark Finchem,0,0,0,0,0
Yuma,022,Secretary of State,,REP,Mark Finchem,1159,288,793,55,23
Yuma,023.01,Secretary of State,,REP,Mark Finchem,1083,219,808,47,9
Yuma,024.01,Secretary of State,,REP,Mark Finchem,3321,684,2470,147,20
Yuma,25.01,Secretary of State,,REP,Mark Finchem,1666,387,1195,70,14
Yuma,026,Secretary of State,,REP,Mark Finchem,123,33,81,8,1
Yuma,027,Secretary of State,,REP,Mark Finchem,233,46,178,6,3
Yuma,028,Secretary of State,,REP,Mark Finchem,105,27,66,12,0
Yuma,029,Secretary of State,,REP,Mark Finchem,180,57,96,26,1
Yuma,030.01,Secretary of State,,REP,Mark Finchem,201,64,115,19,3
Yuma,031,Secretary of State,,REP,Mark Finchem,357,100,205,46,6
Yuma,032,Secretary of State,,REP,Mark Finchem,238,60,155,17,6
Yuma,033,Secretary of State,,REP,Mark Finchem,190,61,114,10,5
Yuma,034.01,Secretary of State,,REP,Mark Finchem,393,94,264,28,7
Yuma,035,Secretary of State,,REP,Mark Finchem,475,117,332,19,7
Yuma,036,Secretary of State,,REP,Mark Finchem,581,131,414,33,3
Yuma,037,Secretary of State,,REP,Mark Finchem,314,97,198,14,5
Yuma,038,Secretary of State,,REP,Mark Finchem,446,117,303,16,10
Yuma,039,Secretary of State,,REP,Mark Finchem,529,119,380,20,10
Yuma,040,Secretary of State,,REP,Mark Finchem,567,106,429,28,4
Yuma,041.01,Secretary of State,,REP,Mark Finchem,620,131,440,40,9
Yuma,042,Secretary of State,,REP,Mark Finchem,603,175,386,33,9
Yuma,043,Secretary of State,,REP,Mark Finchem,13,4,8,1,0
Yuma,044,Secretary of State,,REP,Mark Finchem,0,0,0,0,0
Yuma,045.01,Secretary of State,,REP,Mark Finchem,193,57,126,8,2
Yuma,046,Secretary of State,,REP,Mark Finchem,1,1,0,0,0
Yuma,001.01,Secretary of State,,,Write-ins,2,0,2,0,0
Yuma,002,Secretary of State,,,Write-ins,2,1,1,0,0
Yuma,003,Secretary of State,,,Write-ins,0,0,0,0,0
Yuma,004,Secretary of State,,,Write-ins,2,0,2,0,0
Yuma,005,Secretary of State,,,Write-ins,2,0,2,0,0
Yuma,006,Secretary of State,,,Write-ins,1,1,0,0,0
Yuma,007,Secretary of State,,,Write-ins,1,0,1,0,0
Yuma,008.01,Secretary of State,,,Write-ins,0,0,0,0,0
Yuma,009,Secretary of State,,,Write-ins,2,1,1,0,0
Yuma,010,Secretary of State,,,Write-ins,2,1,1,0,0
Yuma,011,Secretary of State,,,Write-ins,0,0,0,0,0
Yuma,012,Secretary of State,,,Write-ins,0,0,0,0,0
Yuma,013,Secretary of State,,,Write-ins,3,2,1,0,0
Yuma,014.01,Secretary of State,,,Write-ins,0,0,0,0,0
Yuma,015.01,Secretary of State,,,Write-ins,0,0,0,0,0
Yuma,016,Secretary of State,,,Write-ins,2,1,1,0,0
Yuma,017,Secretary of State,,,Write-ins,1,1,0,0,0
Yuma,018,Secretary of State,,,Write-ins,0,0,0,0,0
Yuma,019,Secretary of State,,,Write-ins,0,0,0,0,0
Yuma,020,Secretary of State,,,Write-ins,1,1,0,0,0
Yuma,021,Secretary of State,,,Write-ins,0,0,0,0,0
Yuma,022,Secretary of State,,,Write-ins,2,1,1,0,0
Yuma,023.01,Secretary of State,,,Write-ins,3,1,2,0,0
Yuma,024.01,Secretary of State,,,Write-ins,5,2,3,0,0
Yuma,25.01,Secretary of State,,,Write-ins,2,2,0,0,0
Yuma,026,Secretary of State,,,Write-ins,2,0,2,0,0
Yuma,027,Secretary of State,,,Write-ins,2,0,2,0,0
Yuma,028,Secretary of State,,,Write-ins,0,0,0,0,0
Yuma,029,Secretary of State,,,Write-ins,0,0,0,0,0
Yuma,030.01,Secretary of State,,,Write-ins,2,0,2,0,0
Yuma,031,Secretary of State,,,Write-ins,3,1,2,0,0
Yuma,032,Secretary of State,,,Write-ins,1,0,1,0,0
Yuma,033,Secretary of State,,,Write-ins,1,1,0,0,0
Yuma,034.01,Secretary of State,,,Write-ins,0,0,0,0,0
Yuma,035,Secretary of State,,,Write-ins,2,0,2,0,0
Yuma,036,Secretary of State,,,Write-ins,1,0,1,0,0
Yuma,037,Secretary of State,,,Write-ins,0,0,0,0,0
Yuma,038,Secretary of State,,,Write-ins,1,0,1,0,0
Yuma,039,Secretary of State,,,Write-ins,1,0,1,0,0
Yuma,040,Secretary of State,,,Write-ins,2,1,1,0,0
Yuma,041.01,Secretary of State,,,Write-ins,0,0,0,0,0
Yuma,042,Secretary of State,,,Write-ins,0,0,0,0,0
Yuma,043,Secretary of State,,,Write-ins,0,0,0,0,0
Yuma,044,Secretary of State,,,Write-ins,0,0,0,0,0
Yuma,045.01,Secretary of State,,,Write-ins,1,1,0,0,0
Yuma,046,Secretary of State,,,Write-ins,0,0,0,0,0
Yuma,001.01,Attorney General,,DEM,Kris Mayes,237,34,183,19,1
Yuma,002,Attorney General,,DEM,Kris Mayes,318,48,255,10,5
Yuma,003,Attorney General,,DEM,Kris Mayes,267,44,208,11,4
Yuma,004,Attorney General,,DEM,Kris Mayes,898,85,771,39,3
Yuma,005,Attorney General,,DEM,Kris Mayes,502,57,422,20,3
Yuma,006,Attorney General,,DEM,Kris Mayes,560,90,409,53,8
Yuma,007,Attorney General,,DEM,Kris Mayes,752,100,582,64,6
Yuma,008.01,Attorney General,,DEM,Kris Mayes,318,28,273,16,1
Yuma,009,Attorney General,,DEM,Kris Mayes,290,34,246,8,2
Yuma,010,Attorney General,,DEM,Kris Mayes,1041,99,883,46,13
Yuma,011,Attorney General,,DEM,Kris Mayes,424,79,309,35,1
Yuma,012,Attorney General,,DEM,Kris Mayes,364,49,292,23,0
Yuma,013,Attorney General,,DEM,Kris Mayes,404,44,355,4,1
Yuma,014.01,Attorney General,,DEM,Kris Mayes,110,12,86,12,0
Yuma,015.01,Attorney General,,DEM,Kris Mayes,376,34,314,21,7
Yuma,016,Attorney General,,DEM,Kris Mayes,351,39,295,12,5
Yuma,017,Attorney General,,DEM,Kris Mayes,598,70,500,24,4
Yuma,018,Attorney General,,DEM,Kris Mayes,20,1,17,2,0
Yuma,019,Attorney General,,DEM,Kris Mayes,25,2,23,0,0
Yuma,020,Attorney General,,DEM,Kris Mayes,463,65,368,23,7
Yuma,021,Attorney General,,DEM,Kris Mayes,0,0,0,0,0
Yuma,022,Attorney General,,DEM,Kris Mayes,537,71,437,26,3
Yuma,023.01,Attorney General,,DEM,Kris Mayes,534,44,479,8,3
Yuma,024.01,Attorney General,,DEM,Kris Mayes,1154,87,1036,25,6
Yuma,25.01,Attorney General,,DEM,Kris Mayes,626,36,565,24,1
Yuma,026,Attorney General,,DEM,Kris Mayes,192,14,159,17,2
Yuma,027,Attorney General,,DEM,Kris Mayes,221,34,182,5,0
Yuma,028,Attorney General,,DEM,Kris Mayes,159,22,123,12,2
Yuma,029,Attorney General,,DEM,Kris Mayes,894,146,630,112,6
Yuma,030.01,Attorney General,,DEM,Kris Mayes,908,132,648,127,1
Yuma,031,Attorney General,,DEM,Kris Mayes,1373,224,972,158,19
Yuma,032,Attorney General,,DEM,Kris Mayes,283,40,224,16,3
Yuma,033,Attorney General,,DEM,Kris Mayes,117,13,98,6,0
Yuma,034.01,Attorney General,,DEM,Kris Mayes,141,18,112,8,3
Yuma,035,Attorney General,,DEM,Kris Mayes,361,44,309,5,3
Yuma,036,Attorney General,,DEM,Kris Mayes,525,67,427,27,4
Yuma,037,Attorney General,,DEM,Kris Mayes,472,63,384,22,3
Yuma,038,Attorney General,,DEM,Kris Mayes,440,52,361,25,2
Yuma,039,Attorney General,,DEM,Kris Mayes,425,51,350,16,8
Yuma,040,Attorney General,,DEM,Kris Mayes,474,46,405,21,2
Yuma,041.01,Attorney General,,DEM,Kris Mayes,523,50,453,19,1
Yuma,042,Attorney General,,DEM,Kris Mayes,587,84,471,30,2
Yuma,043,Attorney General,,DEM,Kris Mayes,9,1,8,0,0
Yuma,044,Attorney General,,DEM,Kris Mayes,0,0,0,0,0
Yuma,045.01,Attorney General,,DEM,Kris Mayes,223,23,188,8,4
Yuma,046,Attorney General,,DEM,Kris Mayes,4,0,4,0,0
Yuma,001.01,Attorney General,,REP,"Abraham ""Abe"" Hamadeh",153,36,108,5,4
Yuma,002,Attorney General,,REP,"Abraham ""Abe"" Hamadeh",236,58,165,11,2
Yuma,003,Attorney General,,REP,"Abraham ""Abe"" Hamadeh",227,44,177,5,1
Yuma,004,Attorney General,,REP,"Abraham ""Abe"" Hamadeh",751,193,510,37,11
Yuma,005,Attorney General,,REP,"Abraham ""Abe"" Hamadeh",960,222,662,63,13
Yuma,006,Attorney General,,REP,"Abraham ""Abe"" Hamadeh",320,92,205,22,1
Yuma,007,Attorney General,,REP,"Abraham ""Abe"" Hamadeh",240,56,161,21,2
Yuma,008.01,Attorney General,,REP,"Abraham ""Abe"" Hamadeh",531,77,439,10,5
Yuma,009,Attorney General,,REP,"Abraham ""Abe"" Hamadeh",1052,272,699,63,18
Yuma,010,Attorney General,,REP,"Abraham ""Abe"" Hamadeh",1868,411,1335,93,29
Yuma,011,Attorney General,,REP,"Abraham ""Abe"" Hamadeh",791,258,471,53,9
Yuma,012,Attorney General,,REP,"Abraham ""Abe"" Hamadeh",856,182,624,41,9
Yuma,013,Attorney General,,REP,"Abraham ""Abe"" Hamadeh",350,77,251,13,9
Yuma,014.01,Attorney General,,REP,"Abraham ""Abe"" Hamadeh",132,46,79,6,1
Yuma,015.01,Attorney General,,REP,"Abraham ""Abe"" Hamadeh",600,110,443,38,9
Yuma,016,Attorney General,,REP,"Abraham ""Abe"" Hamadeh",353,76,246,29,2
Yuma,017,Attorney General,,REP,"Abraham ""Abe"" Hamadeh",1279,286,935,40,18
Yuma,018,Attorney General,,REP,"Abraham ""Abe"" Hamadeh",128,23,101,3,1
Yuma,019,Attorney General,,REP,"Abraham ""Abe"" Hamadeh",39,11,24,2,2
Yuma,020,Attorney General,,REP,"Abraham ""Abe"" Hamadeh",1109,371,622,105,11
Yuma,021,Attorney General,,REP,"Abraham ""Abe"" Hamadeh",0,0,0,0,0
Yuma,022,Attorney General,,REP,"Abraham ""Abe"" Hamadeh",1166,291,795,57,23
Yuma,023.01,Attorney General,,REP,"Abraham ""Abe"" Hamadeh",1078,218,799,51,10
Yuma,024.01,Attorney General,,REP,"Abraham ""Abe"" Hamadeh",3299,685,2450,145,19
Yuma,25.01,Attorney General,,REP,"Abraham ""Abe"" Hamadeh",1663,384,1195,69,15
Yuma,026,Attorney General,,REP,"Abraham ""Abe"" Hamadeh",129,34,84,9,2
Yuma,027,Attorney General,,REP,"Abraham ""Abe"" Hamadeh",233,42,179,9,3
Yuma,028,Attorney General,,REP,"Abraham ""Abe"" Hamadeh",108,29,67,12,0
Yuma,029,Attorney General,,REP,"Abraham ""Abe"" Hamadeh",205,50,126,28,1
Yuma,030.01,Attorney General,,REP,"Abraham ""Abe"" Hamadeh",203,64,111,25,3
Yuma,031,Attorney General,,REP,"Abraham ""Abe"" Hamadeh",389,106,224,50,9
Yuma,032,Attorney General,,REP,"Abraham ""Abe"" Hamadeh",238,62,155,15,6
Yuma,033,Attorney General,,REP,"Abraham ""Abe"" Hamadeh",192,60,117,10,5
Yuma,034.01,Attorney General,,REP,"Abraham ""Abe"" Hamadeh",393,94,265,28,6
Yuma,035,Attorney General,,REP,"Abraham ""Abe"" Hamadeh",489,117,345,20,7
Yuma,036,Attorney General,,REP,"Abraham ""Abe"" Hamadeh",604,134,435,32,3
Yuma,037,Attorney General,,REP,"Abraham ""Abe"" Hamadeh",322,96,207,14,5
Yuma,038,Attorney General,,REP,"Abraham ""Abe"" Hamadeh",454,115,313,19,7
Yuma,039,Attorney General,,REP,"Abraham ""Abe"" Hamadeh",542,124,386,22,10
Yuma,040,Attorney General,,REP,"Abraham ""Abe"" Hamadeh",579,112,434,29,4
Yuma,041.01,Attorney General,,REP,"Abraham ""Abe"" Hamadeh",634,132,452,41,9
Yuma,042,Attorney General,,REP,"Abraham ""Abe"" Hamadeh",610,171,396,34,9
Yuma,043,Attorney General,,REP,"Abraham ""Abe"" Hamadeh",12,4,7,1,0
Yuma,044,Attorney General,,REP,"Abraham ""Abe"" Hamadeh",0,0,0,0,0
Yuma,045.01,Attorney General,,REP,"Abraham ""Abe"" Hamadeh",188,57,119,9,3
Yuma,046,Attorney General,,REP,"Abraham ""Abe"" Hamadeh",0,0,0,0,0
Yuma,001.01,Attorney General,,,Write-ins,0,0,0,0,0
Yuma,002,Attorney General,,,Write-ins,0,0,0,0,0
Yuma,003,Attorney General,,,Write-ins,2,0,2,0,0
Yuma,004,Attorney General,,,Write-ins,1,0,1,0,0
Yuma,005,Attorney General,,,Write-ins,3,0,3,0,0
Yuma,006,Attorney General,,,Write-ins,2,1,1,0,0
Yuma,007,Attorney General,,,Write-ins,2,1,1,0,0
Yuma,008.01,Attorney General,,,Write-ins,2,0,1,1,0
Yuma,009,Attorney General,,,Write-ins,1,1,0,0,0
Yuma,010,Attorney General,,,Write-ins,2,0,2,0,0
Yuma,011,Attorney General,,,Write-ins,0,0,0,0,0
Yuma,012,Attorney General,,,Write-ins,0,0,0,0,0
Yuma,013,Attorney General,,,Write-ins,1,0,1,0,0
Yuma,014.01,Attorney General,,,Write-ins,0,0,0,0,0
Yuma,015.01,Attorney General,,,Write-ins,1,0,1,0,0
Yuma,016,Attorney General,,,Write-ins,0,0,0,0,0
Yuma,017,Attorney General,,,Write-ins,1,1,0,0,0
Yuma,018,Attorney General,,,Write-ins,0,0,0,0,0
Yuma,019,Attorney General,,,Write-ins,0,0,0,0,0
Yuma,020,Attorney General,,,Write-ins,4,3,1,0,0
Yuma,021,Attorney General,,,Write-ins,0,0,0,0,0
Yuma,022,Attorney General,,,Write-ins,0,0,0,0,0
Yuma,023.01,Attorney General,,,Write-ins,2,2,0,0,0
Yuma,024.01,Attorney General,,,Write-ins,6,5,1,0,0
Yuma,25.01,Attorney General,,,Write-ins,5,4,1,0,0
Yuma,026,Attorney General,,,Write-ins,0,0,0,0,0
Yuma,027,Attorney General,,,Write-ins,1,0,1,0,0
Yuma,028,Attorney General,,,Write-ins,0,0,0,0,0
Yuma,029,Attorney General,,,Write-ins,0,0,0,0,0
Yuma,030.01,Attorney General,,,Write-ins,1,0,0,1,0
Yuma,031,Attorney General,,,Write-ins,6,1,4,1,0
Yuma,032,Attorney General,,,Write-ins,1,0,1,0,0
Yuma,033,Attorney General,,,Write-ins,1,1,0,0,0
Yuma,034.01,Attorney General,,,Write-ins,2,0,2,0,0
Yuma,035,Attorney General,,,Write-ins,2,0,2,0,0
Yuma,036,Attorney General,,,Write-ins,0,0,0,0,0
Yuma,037,Attorney General,,,Write-ins,1,1,0,0,0
Yuma,038,Attorney General,,,Write-ins,1,1,0,0,0
Yuma,039,Attorney General,,,Write-ins,1,0,1,0,0
Yuma,040,Attorney General,,,Write-ins,2,0,2,0,0
Yuma,041.01,Attorney General,,,Write-ins,3,0,3,0,0
Yuma,042,Attorney General,,,Write-ins,1,0,1,0,0
Yuma,043,Attorney General,,,Write-ins,0,0,0,0,0
Yuma,044,Attorney General,,,Write-ins,0,0,0,0,0
Yuma,045.01,Attorney General,,,Write-ins,0,0,0,0,0
Yuma,046,Attorney General,,,Write-ins,0,0,0,0,0
Yuma,001.01,State Treasurer,,DEM,Martin Quezada,233,33,180,19,1
Yuma,002,State Treasurer,,DEM,Martin Quezada,298,47,234,12,5
Yuma,003,State Treasurer,,DEM,Martin Quezada,257,44,199,10,4
Yuma,004,State Treasurer,,DEM,Martin Quezada,857,80,738,36,3
Yuma,005,State Treasurer,,DEM,Martin Quezada,443,50,374,16,3
Yuma,006,State Treasurer,,DEM,Martin Quezada,559,91,408,52,8
Yuma,007,State Treasurer,,DEM,Martin Quezada,771,100,596,67,8
Yuma,008.01,State Treasurer,,DEM,Martin Quezada,279,22,239,17,1
Yuma,009,State Treasurer,,DEM,Martin Quezada,251,31,211,7,2
Yuma,010,State Treasurer,,DEM,Martin Quezada,947,93,796,42,16
Yuma,011,State Treasurer,,DEM,Martin Quezada,377,74,270,32,1
Yuma,012,State Treasurer,,DEM,Martin Quezada,329,48,261,19,1
Yuma,013,State Treasurer,,DEM,Martin Quezada,377,45,327,5,0
Yuma,014.01,State Treasurer,,DEM,Martin Quezada,96,12,75,9,0
Yuma,015.01,State Treasurer,,DEM,Martin Quezada,348,32,290,19,7
Yuma,016,State Treasurer,,DEM,Martin Quezada,338,39,282,13,4
Yuma,017,State Treasurer,,DEM,Martin Quezada,552,66,462,20,4
Yuma,018,State Treasurer,,DEM,Martin Quezada,19,1,16,2,0
Yuma,019,State Treasurer,,DEM,Martin Quezada,21,2,19,0,0
Yuma,020,State Treasurer,,DEM,Martin Quezada,394,58,309,21,6
Yuma,021,State Treasurer,,DEM,Martin Quezada,0,0,0,0,0
Yuma,022,State Treasurer,,DEM,Martin Quezada,501,67,405,25,4
Yuma,023.01,State Treasurer,,DEM,Martin Quezada,472,34,427,8,3
Yuma,024.01,State Treasurer,,DEM,Martin Quezada,988,76,890,21,1
Yuma,25.01,State Treasurer,,DEM,Martin Quezada,543,38,484,19,2
Yuma,026,State Treasurer,,DEM,Martin Quezada,188,14,154,18,2
Yuma,027,State Treasurer,,DEM,Martin Quezada,204,28,169,7,0
Yuma,028,State Treasurer,,DEM,Martin Quezada,151,22,116,12,1
Yuma,029,State Treasurer,,DEM,Martin Quezada,903,145,645,107,6
Yuma,030.01,State Treasurer,,DEM,Martin Quezada,887,130,630,126,1
Yuma,031,State Treasurer,,DEM,Martin Quezada,1356,227,960,150,19
Yuma,032,State Treasurer,,DEM,Martin Quezada,275,40,215,17,3
Yuma,033,State Treasurer,,DEM,Martin Quezada,110,12,92,6,0
Yuma,034.01,State Treasurer,,DEM,Martin Quezada,120,15,97,6,2
Yuma,035,State Treasurer,,DEM,Martin Quezada,329,38,285,4,2
Yuma,036,State Treasurer,,DEM,Martin Quezada,493,66,399,24,4
Yuma,037,State Treasurer,,DEM,Martin Quezada,429,59,347,20,3
Yuma,038,State Treasurer,,DEM,Martin Quezada,424,48,348,25,3
Yuma,039,State Treasurer,,DEM,Martin Quezada,368,48,298,16,6
Yuma,040,State Treasurer,,DEM,Martin Quezada,445,46,375,22,2
Yuma,041.01,State Treasurer,,DEM,Martin Quezada,467,45,404,17,1
Yuma,042,State Treasurer,,DEM,Martin Quezada,575,78,468,28,1
Yuma,043,State Treasurer,,DEM,Martin Quezada,9,1,8,0,0
Yuma,044,State Treasurer,,DEM,Martin Quezada,0,0,0,0,0
Yuma,045.01,State Treasurer,,DEM,Martin Quezada,205,18,175,7,5
Yuma,046,State Treasurer,,DEM,Martin Quezada,4,0,4,0,0
Yuma,001.01,State Treasurer,,REP,Kimberly Yee,153,38,106,5,4
Yuma,002,State Treasurer,,REP,Kimberly Yee,257,60,185,10,2
Yuma,003,State Treasurer,,REP,Kimberly Yee,238,44,186,7,1
Yuma,004,State Treasurer,,REP,Kimberly Yee,787,197,539,40,11
Yuma,005,State Treasurer,,REP,Kimberly Yee,1024,229,715,67,13
Yuma,006,State Treasurer,,REP,Kimberly Yee,336,94,217,25,0
Yuma,007,State Treasurer,,REP,Kimberly Yee,232,59,156,17,0
Yuma,008.01,State Treasurer,,REP,Kimberly Yee,564,83,466,10,5
Yuma,009,State Treasurer,,REP,Kimberly Yee,1085,274,730,63,18
Yuma,010,State Treasurer,,REP,Kimberly Yee,1974,418,1434,95,27
Yuma,011,State Treasurer,,REP,Kimberly Yee,832,262,504,57,9
Yuma,012,State Treasurer,,REP,Kimberly Yee,891,185,657,41,8
Yuma,013,State Treasurer,,REP,Kimberly Yee,369,73,277,10,9
Yuma,014.01,State Treasurer,,REP,Kimberly Yee,145,46,89,9,1
Yuma,015.01,State Treasurer,,REP,Kimberly Yee,637,114,472,42,9
Yuma,016,State Treasurer,,REP,Kimberly Yee,375,79,264,29,3
Yuma,017,State Treasurer,,REP,Kimberly Yee,1344,292,991,43,18
Yuma,018,State Treasurer,,REP,Kimberly Yee,127,22,101,3,1
Yuma,019,State Treasurer,,REP,Kimberly Yee,43,11,28,2,2
Yuma,020,State Treasurer,,REP,Kimberly Yee,1179,385,678,104,12
Yuma,021,State Treasurer,,REP,Kimberly Yee,0,0,0,0,0
Yuma,022,State Treasurer,,REP,Kimberly Yee,1205,294,829,59,23
Yuma,023.01,State Treasurer,,REP,Kimberly Yee,1140,226,852,52,10
Yuma,024.01,State Treasurer,,REP,Kimberly Yee,3475,700,2601,150,24
Yuma,25.01,State Treasurer,,REP,Kimberly Yee,1745,383,1272,76,14
Yuma,026,State Treasurer,,REP,Kimberly Yee,130,34,86,8,2
Yuma,027,State Treasurer,,REP,Kimberly Yee,255,49,196,7,3
Yuma,028,State Treasurer,,REP,Kimberly Yee,114,28,72,13,1
Yuma,029,State Treasurer,,REP,Kimberly Yee,203,55,119,28,1
Yuma,030.01,State Treasurer,,REP,Kimberly Yee,221,67,127,24,3
Yuma,031,State Treasurer,,REP,Kimberly Yee,406,106,234,58,8
Yuma,032,State Treasurer,,REP,Kimberly Yee,246,58,166,16,6
Yuma,033,State Treasurer,,REP,Kimberly Yee,201,61,125,10,5
Yuma,034.01,State Treasurer,,REP,Kimberly Yee,415,98,280,30,7
Yuma,035,State Treasurer,,REP,Kimberly Yee,527,122,378,20,7
Yuma,036,State Treasurer,,REP,Kimberly Yee,642,136,468,35,3
Yuma,037,State Treasurer,,REP,Kimberly Yee,363,103,239,16,5
Yuma,038,State Treasurer,,REP,Kimberly Yee,477,120,331,18,8
Yuma,039,State Treasurer,,REP,Kimberly Yee,594,128,434,22,10
Yuma,040,State Treasurer,,REP,Kimberly Yee,603,113,459,27,4
Yuma,041.01,State Treasurer,,REP,Kimberly Yee,697,139,506,43,9
Yuma,042,State Treasurer,,REP,Kimberly Yee,630,174,409,37,10
Yuma,043,State Treasurer,,REP,Kimberly Yee,13,4,8,1,0
Yuma,044,State Treasurer,,REP,Kimberly Yee,0,0,0,0,0
Yuma,045.01,State Treasurer,,REP,Kimberly Yee,214,63,139,10,2
Yuma,046,State Treasurer,,REP,Kimberly Yee,0,0,0,0,0
Yuma,001.01,State Treasurer,,,Write-ins,0,0,0,0,0
Yuma,002,State Treasurer,,,Write-ins,0,0,0,0,0
Yuma,003,State Treasurer,,,Write-ins,0,0,0,0,0
Yuma,004,State Treasurer,,,Write-ins,2,0,2,0,0
Yuma,005,State Treasurer,,,Write-ins,2,0,2,0,0
Yuma,006,State Treasurer,,,Write-ins,0,0,0,0,0
Yuma,007,State Treasurer,,,Write-ins,0,0,0,0,0
Yuma,008.01,State Treasurer,,,Write-ins,0,0,0,0,0
Yuma,009,State Treasurer,,,Write-ins,0,0,0,0,0
Yuma,010,State Treasurer,,,Write-ins,0,0,0,0,0
Yuma,011,State Treasurer,,,Write-ins,0,0,0,0,0
Yuma,012,State Treasurer,,,Write-ins,0,0,0,0,0
Yuma,013,State Treasurer,,,Write-ins,2,1,1,0,0
Yuma,014.01,State Treasurer,,,Write-ins,0,0,0,0,0
Yuma,015.01,State Treasurer,,,Write-ins,0,0,0,0,0
Yuma,016,State Treasurer,,,Write-ins,0,0,0,0,0
Yuma,017,State Treasurer,,,Write-ins,1,1,0,0,0
Yuma,018,State Treasurer,,,Write-ins,0,0,0,0,0
Yuma,019,State Treasurer,,,Write-ins,0,0,0,0,0
Yuma,020,State Treasurer,,,Write-ins,0,0,0,0,0
Yuma,021,State Treasurer,,,Write-ins,0,0,0,0,0
Yuma,022,State Treasurer,,,Write-ins,0,0,0,0,0
Yuma,023.01,State Treasurer,,,Write-ins,2,1,1,0,0
Yuma,024.01,State Treasurer,,,Write-ins,2,1,1,0,0
Yuma,25.01,State Treasurer,,,Write-ins,1,1,0,0,0
Yuma,026,State Treasurer,,,Write-ins,0,0,0,0,0
Yuma,027,State Treasurer,,,Write-ins,0,0,0,0,0
Yuma,028,State Treasurer,,,Write-ins,0,0,0,0,0
Yuma,029,State Treasurer,,,Write-ins,1,0,1,0,0
Yuma,030.01,State Treasurer,,,Write-ins,0,0,0,0,0
Yuma,031,State Treasurer,,,Write-ins,3,1,2,0,0
Yuma,032,State Treasurer,,,Write-ins,0,0,0,0,0
Yuma,033,State Treasurer,,,Write-ins,2,1,1,0,0
Yuma,034.01,State Treasurer,,,Write-ins,0,0,0,0,0
Yuma,035,State Treasurer,,,Write-ins,1,0,1,0,0
Yuma,036,State Treasurer,,,Write-ins,2,0,2,0,0
Yuma,037,State Treasurer,,,Write-ins,1,0,1,0,0
Yuma,038,State Treasurer,,,Write-ins,0,0,0,0,0
Yuma,039,State Treasurer,,,Write-ins,1,0,1,0,0
Yuma,040,State Treasurer,,,Write-ins,1,0,1,0,0
Yuma,041.01,State Treasurer,,,Write-ins,0,0,0,0,0
Yuma,042,State Treasurer,,,Write-ins,0,0,0,0,0
Yuma,043,State Treasurer,,,Write-ins,0,0,0,0,0
Yuma,044,State Treasurer,,,Write-ins,0,0,0,0,0
Yuma,045.01,State Treasurer,,,Write-ins,0,0,0,0,0
Yuma,046,State Treasurer,,,Write-ins,0,0,0,0,0
Yuma,001.01,Superintendent of Public Instruction,,DEM,Kathy Hoffman,243,32,191,19,1
Yuma,002,Superintendent of Public Instruction,,DEM,Kathy Hoffman,305,43,247,11,4
Yuma,003,Superintendent of Public Instruction,,DEM,Kathy Hoffman,265,42,207,12,4
Yuma,004,Superintendent of Public Instruction,,DEM,Kathy Hoffman,911,86,783,39,3
Yuma,005,Superintendent of Public Instruction,,DEM,Kathy Hoffman,518,54,435,26,3
Yuma,006,Superintendent of Public Instruction,,DEM,Kathy Hoffman,562,94,408,54,6
Yuma,007,Superintendent of Public Instruction,,DEM,Kathy Hoffman,761,99,583,71,8
Yuma,008.01,Superintendent of Public Instruction,,DEM,Kathy Hoffman,304,23,266,14,1
Yuma,009,Superintendent of Public Instruction,,DEM,Kathy Hoffman,294,44,240,9,1
Yuma,010,Superintendent of Public Instruction,,DEM,Kathy Hoffman,1019,94,863,47,15
Yuma,011,Superintendent of Public Instruction,,DEM,Kathy Hoffman,436,78,320,37,1
Yuma,012,Superintendent of Public Instruction,,DEM,Kathy Hoffman,352,46,281,24,1
Yuma,013,Superintendent of Public Instruction,,DEM,Kathy Hoffman,401,47,348,6,0
Yuma,014.01,Superintendent of Public Instruction,,DEM,Kathy Hoffman,106,12,84,10,0
Yuma,015.01,Superintendent of Public Instruction,,DEM,Kathy Hoffman,374,31,316,20,7
Yuma,016,Superintendent of Public Instruction,,DEM,Kathy Hoffman,355,41,294,15,5
Yuma,017,Superintendent of Public Instruction,,DEM,Kathy Hoffman,598,68,505,22,3
Yuma,018,Superintendent of Public Instruction,,DEM,Kathy Hoffman,21,2,17,2,0
Yuma,019,Superintendent of Public Instruction,,DEM,Kathy Hoffman,27,2,24,1,0
Yuma,020,Superintendent of Public Instruction,,DEM,Kathy Hoffman,432,58,342,25,7
Yuma,021,Superintendent of Public Instruction,,DEM,Kathy Hoffman,0,0,0,0,0
Yuma,022,Superintendent of Public Instruction,,DEM,Kathy Hoffman,545,70,441,30,4
Yuma,023.01,Superintendent of Public Instruction,,DEM,Kathy Hoffman,512,43,457,9,3
Yuma,024.01,Superintendent of Public Instruction,,DEM,Kathy Hoffman,1118,85,1004,24,5
Yuma,25.01,Superintendent of Public Instruction,,DEM,Kathy Hoffman,623,42,559,21,1
Yuma,026,Superintendent of Public Instruction,,DEM,Kathy Hoffman,189,13,157,17,2
Yuma,027,Superintendent of Public Instruction,,DEM,Kathy Hoffman,224,32,184,8,0
Yuma,028,Superintendent of Public Instruction,,DEM,Kathy Hoffman,153,23,117,11,2
Yuma,029,Superintendent of Public Instruction,,DEM,Kathy Hoffman,897,139,641,111,6
Yuma,030.01,Superintendent of Public Instruction,,DEM,Kathy Hoffman,892,130,630,131,1
Yuma,031,Superintendent of Public Instruction,,DEM,Kathy Hoffman,1384,232,975,158,19
Yuma,032,Superintendent of Public Instruction,,DEM,Kathy Hoffman,280,41,221,15,3
Yuma,033,Superintendent of Public Instruction,,DEM,Kathy Hoffman,117,13,98,6,0
Yuma,034.01,Superintendent of Public Instruction,,DEM,Kathy Hoffman,148,21,116,8,3
Yuma,035,Superintendent of Public Instruction,,DEM,Kathy Hoffman,356,43,305,5,3
Yuma,036,Superintendent of Public Instruction,,DEM,Kathy Hoffman,521,71,419,28,3
Yuma,037,Superintendent of Public Instruction,,DEM,Kathy Hoffman,461,61,371,26,3
Yuma,038,Superintendent of Public Instruction,,DEM,Kathy Hoffman,445,57,358,28,2
Yuma,039,Superintendent of Public Instruction,,DEM,Kathy Hoffman,419,50,346,16,7
Yuma,040,Superintendent of Public Instruction,,DEM,Kathy Hoffman,469,47,398,22,2
Yuma,041.01,Superintendent of Public Instruction,,DEM,Kathy Hoffman,519,48,448,21,2
Yuma,042,Superintendent of Public Instruction,,DEM,Kathy Hoffman,592,80,478,33,1
Yuma,043,Superintendent of Public Instruction,,DEM,Kathy Hoffman,9,1,8,0,0
Yuma,044,Superintendent of Public Instruction,,DEM,Kathy Hoffman,0,0,0,0,0
Yuma,045.01,Superintendent of Public Instruction,,DEM,Kathy Hoffman,210,18,179,8,5
Yuma,046,Superintendent of Public Instruction,,DEM,Kathy Hoffman,4,0,4,0,0
Yuma,001.01,Superintendent of Public Instruction,,REP,Tom Horne,144,38,97,5,4
Yuma,002,Superintendent of Public Instruction,,REP,Tom Horne,252,64,174,11,3
Yuma,003,Superintendent of Public Instruction,,REP,Tom Horne,233,46,181,5,1
Yuma,004,Superintendent of Public Instruction,,REP,Tom Horne,749,192,511,35,11
Yuma,005,Superintendent of Public Instruction,,REP,Tom Horne,958,226,661,58,13
Yuma,006,Superintendent of Public Instruction,,REP,Tom Horne,323,87,211,22,3
Yuma,007,Superintendent of Public Instruction,,REP,Tom Horne,239,60,164,15,0
Yuma,008.01,Superintendent of Public Instruction,,REP,Tom Horne,539,82,438,14,5
Yuma,009,Superintendent of Public Instruction,,REP,Tom Horne,1047,263,704,62,18
Yuma,010,Superintendent of Public Instruction,,REP,Tom Horne,1904,418,1369,89,28
Yuma,011,Superintendent of Public Instruction,,REP,Tom Horne,783,257,466,51,9
Yuma,012,Superintendent of Public Instruction,,REP,Tom Horne,877,188,642,39,8
Yuma,013,Superintendent of Public Instruction,,REP,Tom Horne,350,73,257,10,10
Yuma,014.01,Superintendent of Public Instruction,,REP,Tom Horne,138,46,83,8,1
Yuma,015.01,Superintendent of Public Instruction,,REP,Tom Horne,614,115,448,42,9
Yuma,016,Superintendent of Public Instruction,,REP,Tom Horne,361,77,255,28,1
Yuma,017,Superintendent of Public Instruction,,REP,Tom Horne,1287,288,940,40,19
Yuma,018,Superintendent of Public Instruction,,REP,Tom Horne,125,22,99,3,1
Yuma,019,Superintendent of Public Instruction,,REP,Tom Horne,40,11,25,2,2
Yuma,020,Superintendent of Public Instruction,,REP,Tom Horne,1149,385,648,105,11
Yuma,021,Superintendent of Public Instruction,,REP,Tom Horne,0,0,0,0,0
Yuma,022,Superintendent of Public Instruction,,REP,Tom Horne,1175,293,805,54,23
Yuma,023.01,Superintendent of Public Instruction,,REP,Tom Horne,1101,218,823,50,10
Yuma,024.01,Superintendent of Public Instruction,,REP,Tom Horne,3345,689,2491,144,21
Yuma,25.01,Superintendent of Public Instruction,,REP,Tom Horne,1662,382,1192,73,15
Yuma,026,Superintendent of Public Instruction,,REP,Tom Horne,129,35,84,8,2
Yuma,027,Superintendent of Public Instruction,,REP,Tom Horne,233,45,179,6,3
Yuma,028,Superintendent of Public Instruction,,REP,Tom Horne,116,28,74,14,0
Yuma,029,Superintendent of Public Instruction,,REP,Tom Horne,202,57,119,25,1
Yuma,030.01,Superintendent of Public Instruction,,REP,Tom Horne,222,66,129,24,3
Yuma,031,Superintendent of Public Instruction,,REP,Tom Horne,382,100,222,52,8
Yuma,032,Superintendent of Public Instruction,,REP,Tom Horne,242,60,160,16,6
Yuma,033,Superintendent of Public Instruction,,REP,Tom Horne,193,60,118,10,5
Yuma,034.01,Superintendent of Public Instruction,,REP,Tom Horne,383,92,258,27,6
Yuma,035,Superintendent of Public Instruction,,REP,Tom Horne,509,117,366,19,7
Yuma,036,Superintendent of Public Instruction,,REP,Tom Horne,612,131,445,32,4
Yuma,037,Superintendent of Public Instruction,,REP,Tom Horne,339,101,223,10,5
Yuma,038,Superintendent of Public Instruction,,REP,Tom Horne,452,110,318,15,9
Yuma,039,Superintendent of Public Instruction,,REP,Tom Horne,554,126,397,22,9
Yuma,040,Superintendent of Public Instruction,,REP,Tom Horne,580,111,437,28,4
Yuma,041.01,Superintendent of Public Instruction,,REP,Tom Horne,655,137,469,42,7
Yuma,042,Superintendent of Public Instruction,,REP,Tom Horne,617,173,404,30,10
Yuma,043,Superintendent of Public Instruction,,REP,Tom Horne,13,4,8,1,0
Yuma,044,Superintendent of Public Instruction,,REP,Tom Horne,0,0,0,0,0
Yuma,045.01,Superintendent of Public Instruction,,REP,Tom Horne,201,62,128,9,2
Yuma,046,Superintendent of Public Instruction,,REP,Tom Horne,1,1,0,0,0
Yuma,001.01,Superintendent of Public Instruction,,,Write-ins,0,0,0,0,0
Yuma,002,Superintendent of Public Instruction,,,Write-ins,0,0,0,0,0
Yuma,003,Superintendent of Public Instruction,,,Write-ins,0,0,0,0,0
Yuma,004,Superintendent of Public Instruction,,,Write-ins,3,0,3,0,0
Yuma,005,Superintendent of Public Instruction,,,Write-ins,0,0,0,0,0
Yuma,006,Superintendent of Public Instruction,,,Write-ins,2,1,1,0,0
Yuma,007,Superintendent of Public Instruction,,,Write-ins,1,1,0,0,0
Yuma,008.01,Superintendent of Public Instruction,,,Write-ins,0,0,0,0,0
Yuma,009,Superintendent of Public Instruction,,,Write-ins,0,0,0,0,0
Yuma,010,Superintendent of Public Instruction,,,Write-ins,3,0,1,2,0
Yuma,011,Superintendent of Public Instruction,,,Write-ins,1,1,0,0,0
Yuma,012,Superintendent of Public Instruction,,,Write-ins,0,0,0,0,0
Yuma,013,Superintendent of Public Instruction,,,Write-ins,5,1,4,0,0
Yuma,014.01,Superintendent of Public Instruction,,,Write-ins,0,0,0,0,0
Yuma,015.01,Superintendent of Public Instruction,,,Write-ins,1,0,1,0,0
Yuma,016,Superintendent of Public Instruction,,,Write-ins,1,0,1,0,0
Yuma,017,Superintendent of Public Instruction,,,Write-ins,2,2,0,0,0
Yuma,018,Superintendent of Public Instruction,,,Write-ins,0,0,0,0,0
Yuma,019,Superintendent of Public Instruction,,,Write-ins,0,0,0,0,0
Yuma,020,Superintendent of Public Instruction,,,Write-ins,2,1,1,0,0
Yuma,021,Superintendent of Public Instruction,,,Write-ins,0,0,0,0,0
Yuma,022,Superintendent of Public Instruction,,,Write-ins,0,0,0,0,0
Yuma,023.01,Superintendent of Public Instruction,,,Write-ins,1,1,0,0,0
Yuma,024.01,Superintendent of Public Instruction,,,Write-ins,4,2,2,0,0
Yuma,25.01,Superintendent of Public Instruction,,,Write-ins,4,1,3,0,0
Yuma,026,Superintendent of Public Instruction,,,Write-ins,1,0,0,1,0
Yuma,027,Superintendent of Public Instruction,,,Write-ins,0,0,0,0,0
Yuma,028,Superintendent of Public Instruction,,,Write-ins,0,0,0,0,0
Yuma,029,Superintendent of Public Instruction,,,Write-ins,1,0,0,1,0
Yuma,030.01,Superintendent of Public Instruction,,,Write-ins,1,1,0,0,0
Yuma,031,Superintendent of Public Instruction,,,Write-ins,3,2,1,0,0
Yuma,032,Superintendent of Public Instruction,,,Write-ins,0,0,0,0,0
Yuma,033,Superintendent of Public Instruction,,,Write-ins,0,0,0,0,0
Yuma,034.01,Superintendent of Public Instruction,,,Write-ins,0,0,0,0,0
Yuma,035,Superintendent of Public Instruction,,,Write-ins,1,0,1,0,0
Yuma,036,Superintendent of Public Instruction,,,Write-ins,2,0,2,0,0
Yuma,037,Superintendent of Public Instruction,,,Write-ins,2,2,0,0,0
Yuma,038,Superintendent of Public Instruction,,,Write-ins,0,0,0,0,0
Yuma,039,Superintendent of Public Instruction,,,Write-ins,0,0,0,0,0
Yuma,040,Superintendent of Public Instruction,,,Write-ins,4,0,4,0,0
Yuma,041.01,Superintendent of Public Instruction,,,Write-ins,0,0,0,0,0
Yuma,042,Superintendent of Public Instruction,,,Write-ins,1,0,0,1,0
Yuma,043,Superintendent of Public Instruction,,,Write-ins,0,0,0,0,0
Yuma,044,Superintendent of Public Instruction,,,Write-ins,0,0,0,0,0
Yuma,045.01,Superintendent of Public Instruction,,,Write-ins,0,0,0,0,0
Yuma,046,Superintendent of Public Instruction,,,Write-ins,0,0,0,0,0
Yuma,001.01,State Mine Inspector,,REP,Paul Marsh,277,54,202,16,5
Yuma,002,State Mine Inspector,,REP,Paul Marsh,398,83,290,19,6
Yuma,003,State Mine Inspector,,REP,Paul Marsh,366,74,278,10,4
Yuma,004,State Mine Inspector,,REP,Paul Marsh,1201,247,890,51,13
Yuma,005,State Mine Inspector,,REP,Paul Marsh,1145,247,816,68,14
Yuma,006,State Mine Inspector,,REP,Paul Marsh,625,144,426,47,8
Yuma,007,State Mine Inspector,,REP,Paul Marsh,625,108,458,52,7
Yuma,008.01,State Mine Inspector,,REP,Paul Marsh,657,95,545,12,5
Yuma,009,State Mine Inspector,,REP,Paul Marsh,1163,290,790,64,19
Yuma,010,State Mine Inspector,,REP,Paul Marsh,2295,468,1690,100,37
Yuma,011,State Mine Inspector,,REP,Paul Marsh,936,296,567,64,9
Yuma,012,State Mine Inspector,,REP,Paul Marsh,995,203,734,49,9
Yuma,013,State Mine Inspector,,REP,Paul Marsh,563,106,432,15,10
Yuma,014.01,State Mine Inspector,,REP,Paul Marsh,192,52,127,12,1
Yuma,015.01,State Mine Inspector,,REP,Paul Marsh,749,122,566,47,14
Yuma,016,State Mine Inspector,,REP,Paul Marsh,492,101,349,37,5
Yuma,017,State Mine Inspector,,REP,Paul Marsh,1513,325,1119,48,21
Yuma,018,State Mine Inspector,,REP,Paul Marsh,134,23,107,3,1
Yuma,019,State Mine Inspector,,REP,Paul Marsh,51,11,36,2,2
Yuma,020,State Mine Inspector,,REP,Paul Marsh,1278,401,753,108,16
Yuma,021,State Mine Inspector,,REP,Paul Marsh,0,0,0,0,0
Yuma,022,State Mine Inspector,,REP,Paul Marsh,1360,311,961,64,24
Yuma,023.01,State Mine Inspector,,REP,Paul Marsh,1266,235,965,54,12
Yuma,024.01,State Mine Inspector,,REP,Paul Marsh,3718,719,2829,145,25
Yuma,25.01,State Mine Inspector,,REP,Paul Marsh,1877,399,1386,77,15
Yuma,026,State Mine Inspector,,REP,Paul Marsh,234,44,174,13,3
Yuma,027,State Mine Inspector,,REP,Paul Marsh,358,61,282,12,3
Yuma,028,State Mine Inspector,,REP,Paul Marsh,197,46,133,17,1
Yuma,029,State Mine Inspector,,REP,Paul Marsh,655,135,436,81,3
Yuma,030.01,State Mine Inspector,,REP,Paul Marsh,654,129,450,71,4
Yuma,031,State Mine Inspector,,REP,Paul Marsh,1115,239,730,124,22
Yuma,032,State Mine Inspector,,REP,Paul Marsh,375,76,267,27,5
Yuma,033,State Mine Inspector,,REP,Paul Marsh,249,71,158,15,5
Yuma,034.01,State Mine Inspector,,REP,Paul Marsh,450,105,305,32,8
Yuma,035,State Mine Inspector,,REP,Paul Marsh,665,146,491,20,8
Yuma,036,State Mine Inspector,,REP,Paul Marsh,863,162,655,40,6
Yuma,037,State Mine Inspector,,REP,Paul Marsh,558,132,397,24,5
Yuma,038,State Mine Inspector,,REP,Paul Marsh,667,141,488,29,9
Yuma,039,State Mine Inspector,,REP,Paul Marsh,740,155,546,25,14
Yuma,040,State Mine Inspector,,REP,Paul Marsh,787,132,611,41,3
Yuma,041.01,State Mine Inspector,,REP,Paul Marsh,921,162,700,51,8
Yuma,042,State Mine Inspector,,REP,Paul Marsh,919,223,635,50,11
Yuma,043,State Mine Inspector,,REP,Paul Marsh,18,5,12,1,0
Yuma,044,State Mine Inspector,,REP,Paul Marsh,0,0,0,0,0
Yuma,045.01,State Mine Inspector,,REP,Paul Marsh,279,67,197,11,4
Yuma,046,State Mine Inspector,,REP,Paul Marsh,4,0,4,0,0
Yuma,001.01,State Mine Inspector,,,Write-ins,12,6,6,0,0
Yuma,002,State Mine Inspector,,,Write-ins,17,5,11,1,0
Yuma,003,State Mine Inspector,,,Write-ins,16,1,14,1,0
Yuma,004,State Mine Inspector,,,Write-ins,41,4,37,0,0
Yuma,005,State Mine Inspector,,,Write-ins,26,2,20,4,0
Yuma,006,State Mine Inspector,,,Write-ins,22,4,18,0,0
Yuma,007,State Mine Inspector,,,Write-ins,33,6,23,4,0
Yuma,008.01,State Mine Inspector,,,Write-ins,11,2,9,0,0
Yuma,009,State Mine Inspector,,,Write-ins,22,3,19,0,0
Yuma,010,State Mine Inspector,,,Write-ins,59,8,43,7,1
Yuma,011,State Mine Inspector,,,Write-ins,23,8,10,5,0
Yuma,012,State Mine Inspector,,,Write-ins,26,5,19,2,0
Yuma,013,State Mine Inspector,,,Write-ins,12,3,9,0,0
Yuma,014.01,State Mine Inspector,,,Write-ins,3,1,2,0,0
Yuma,015.01,State Mine Inspector,,,Write-ins,26,3,21,1,1
Yuma,016,State Mine Inspector,,,Write-ins,28,1,27,0,0
Yuma,017,State Mine Inspector,,,Write-ins,34,7,26,1,0
Yuma,018,State Mine Inspector,,,Write-ins,3,0,3,0,0
Yuma,019,State Mine Inspector,,,Write-ins,0,0,0,0,0
Yuma,020,State Mine Inspector,,,Write-ins,28,9,14,3,2
Yuma,021,State Mine Inspector,,,Write-ins,0,0,0,0,0
Yuma,022,State Mine Inspector,,,Write-ins,51,10,38,3,0
Yuma,023.01,State Mine Inspector,,,Write-ins,27,6,20,1,0
Yuma,024.01,State Mine Inspector,,,Write-ins,67,15,51,1,0
Yuma,25.01,State Mine Inspector,,,Write-ins,31,3,25,3,0
Yuma,026,State Mine Inspector,,,Write-ins,14,1,10,3,0
Yuma,027,State Mine Inspector,,,Write-ins,11,3,8,0,0
Yuma,028,State Mine Inspector,,,Write-ins,6,0,6,0,0
Yuma,029,State Mine Inspector,,,Write-ins,37,9,24,4,0
Yuma,030.01,State Mine Inspector,,,Write-ins,35,4,20,11,0
Yuma,031,State Mine Inspector,,,Write-ins,78,16,49,12,1
Yuma,032,State Mine Inspector,,,Write-ins,24,6,18,0,0
Yuma,033,State Mine Inspector,,,Write-ins,4,1,3,0,0
Yuma,034.01,State Mine Inspector,,,Write-ins,11,2,6,3,0
Yuma,035,State Mine Inspector,,,Write-ins,12,1,11,0,0
Yuma,036,State Mine Inspector,,,Write-ins,29,8,19,1,1
Yuma,037,State Mine Inspector,,,Write-ins,25,9,16,0,0
Yuma,038,State Mine Inspector,,,Write-ins,31,5,22,4,0
Yuma,039,State Mine Inspector,,,Write-ins,16,3,12,1,0
Yuma,040,State Mine Inspector,,,Write-ins,33,3,27,2,1
Yuma,041.01,State Mine Inspector,,,Write-ins,19,3,14,2,0
Yuma,042,State Mine Inspector,,,Write-ins,34,12,18,4,0
Yuma,043,State Mine Inspector,,,Write-ins,1,0,1,0,0
Yuma,044,State Mine Inspector,,,Write-ins,0,0,0,0,0
Yuma,045.01,State Mine Inspector,,,Write-ins,8,3,4,1,0
Yuma,046,State Mine Inspector,,,Write-ins,0,0,0,0,0
Yuma,001.01,Corporation Commissioner,,DEM,Lauren Kuby,183,21,144,18,0
Yuma,002,Corporation Commissioner,,DEM,Lauren Kuby,236,36,190,7,3
Yuma,003,Corporation Commissioner,,DEM,Lauren Kuby,173,24,138,9,2
Yuma,004,Corporation Commissioner,,DEM,Lauren Kuby,692,64,600,25,3
Yuma,005,Corporation Commissioner,,DEM,Lauren Kuby,395,37,336,19,3
Yuma,006,Corporation Commissioner,,DEM,Lauren Kuby,451,79,323,45,4
Yuma,007,Corporation Commissioner,,DEM,Lauren Kuby,533,67,411,50,5
Yuma,008.01,Corporation Commissioner,,DEM,Lauren Kuby,266,18,235,12,1
Yuma,009,Corporation Commissioner,,DEM,Lauren Kuby,226,30,190,5,1
Yuma,010,Corporation Commissioner,,DEM,Lauren Kuby,864,81,739,35,9
Yuma,011,Corporation Commissioner,,DEM,Lauren Kuby,353,55,267,30,1
Yuma,012,Corporation Commissioner,,DEM,Lauren Kuby,300,40,242,17,1
Yuma,013,Corporation Commissioner,,DEM,Lauren Kuby,288,30,253,5,0
Yuma,014.01,Corporation Commissioner,,DEM,Lauren Kuby,89,9,73,7,0
Yuma,015.01,Corporation Commissioner,,DEM,Lauren Kuby,323,29,271,18,5
Yuma,016,Corporation Commissioner,,DEM,Lauren Kuby,289,33,246,7,3
Yuma,017,Corporation Commissioner,,DEM,Lauren Kuby,469,50,402,16,1
Yuma,018,Corporation Commissioner,,DEM,Lauren Kuby,18,2,14,2,0
Yuma,019,Corporation Commissioner,,DEM,Lauren Kuby,20,2,18,0,0
Yuma,020,Corporation Commissioner,,DEM,Lauren Kuby,372,53,295,20,4
Yuma,021,Corporation Commissioner,,DEM,Lauren Kuby,0,0,0,0,0
Yuma,022,Corporation Commissioner,,DEM,Lauren Kuby,454,63,364,24,3
Yuma,023.01,Corporation Commissioner,,DEM,Lauren Kuby,423,36,378,8,1
Yuma,024.01,Corporation Commissioner,,DEM,Lauren Kuby,895,64,807,21,3
Yuma,25.01,Corporation Commissioner,,DEM,Lauren Kuby,505,29,462,13,1
Yuma,026,Corporation Commissioner,,DEM,Lauren Kuby,149,13,121,13,2
Yuma,027,Corporation Commissioner,,DEM,Lauren Kuby,172,21,144,7,0
Yuma,028,Corporation Commissioner,,DEM,Lauren Kuby,111,15,85,10,1
Yuma,029,Corporation Commissioner,,DEM,Lauren Kuby,648,100,471,74,3
Yuma,030.01,Corporation Commissioner,,DEM,Lauren Kuby,705,98,505,101,1
Yuma,031,Corporation Commissioner,,DEM,Lauren Kuby,1028,172,732,112,12
Yuma,032,Corporation Commissioner,,DEM,Lauren Kuby,223,31,176,15,1
Yuma,033,Corporation Commissioner,,DEM,Lauren Kuby,86,6,74,6,0
Yuma,034.01,Corporation Commissioner,,DEM,Lauren Kuby,116,15,93,5,3
Yuma,035,Corporation Commissioner,,DEM,Lauren Kuby,269,29,235,2,3
Yuma,036,Corporation Commissioner,,DEM,Lauren Kuby,429,54,350,22,3
Yuma,037,Corporation Commissioner,,DEM,Lauren Kuby,362,44,293,23,2
Yuma,038,Corporation Commissioner,,DEM,Lauren Kuby,351,44,285,19,3
Yuma,039,Corporation Commissioner,,DEM,Lauren Kuby,347,42,285,15,5
Yuma,040,Corporation Commissioner,,DEM,Lauren Kuby,383,31,331,19,2
Yuma,041.01,Corporation Commissioner,,DEM,Lauren Kuby,417,34,364,19,0
Yuma,042,Corporation Commissioner,,DEM,Lauren Kuby,480,56,395,28,1
Yuma,043,Corporation Commissioner,,DEM,Lauren Kuby,7,1,6,0,0
Yuma,044,Corporation Commissioner,,DEM,Lauren Kuby,0,0,0,0,0
Yuma,045.01,Corporation Commissioner,,DEM,Lauren Kuby,172,12,149,7,4
Yuma,046,Corporation Commissioner,,DEM,Lauren Kuby,5,1,4,0,0
Yuma,001.01,Corporation Commissioner,,DEM,Sandra Kennedy,241,32,189,19,1
Yuma,002,Corporation Commissioner,,DEM,Sandra Kennedy,288,43,233,8,4
Yuma,003,Corporation Commissioner,,DEM,Sandra Kennedy,247,39,196,9,3
Yuma,004,Corporation Commissioner,,DEM,Sandra Kennedy,839,65,740,32,2
Yuma,005,Corporation Commissioner,,DEM,Sandra Kennedy,455,56,379,17,3
Yuma,006,Corporation Commissioner,,DEM,Sandra Kennedy,517,84,379,49,5
Yuma,007,Corporation Commissioner,,DEM,Sandra Kennedy,716,94,552,64,6
Yuma,008.01,Corporation Commissioner,,DEM,Sandra Kennedy,311,22,275,13,1
Yuma,009,Corporation Commissioner,,DEM,Sandra Kennedy,266,32,226,7,1
Yuma,010,Corporation Commissioner,,DEM,Sandra Kennedy,944,91,804,33,16
Yuma,011,Corporation Commissioner,,DEM,Sandra Kennedy,404,69,303,31,1
Yuma,012,Corporation Commissioner,,DEM,Sandra Kennedy,332,48,263,21,0
Yuma,013,Corporation Commissioner,,DEM,Sandra Kennedy,386,39,343,4,0
Yuma,014.01,Corporation Commissioner,,DEM,Sandra Kennedy,94,11,73,10,0
Yuma,015.01,Corporation Commissioner,,DEM,Sandra Kennedy,364,34,308,16,6
Yuma,016,Corporation Commissioner,,DEM,Sandra Kennedy,328,35,277,13,3
Yuma,017,Corporation Commissioner,,DEM,Sandra Kennedy,563,66,472,21,4
Yuma,018,Corporation Commissioner,,DEM,Sandra Kennedy,20,2,16,2,0
Yuma,019,Corporation Commissioner,,DEM,Sandra Kennedy,22,2,20,0,0
Yuma,020,Corporation Commissioner,,DEM,Sandra Kennedy,405,50,329,21,5
Yuma,021,Corporation Commissioner,,DEM,Sandra Kennedy,0,0,0,0,0
Yuma,022,Corporation Commissioner,,DEM,Sandra Kennedy,502,68,408,23,3
Yuma,023.01,Corporation Commissioner,,DEM,Sandra Kennedy,510,40,456,11,3
Yuma,024.01,Corporation Commissioner,,DEM,Sandra Kennedy,1025,82,920,20,3
Yuma,25.01,Corporation Commissioner,,DEM,Sandra Kennedy,572,40,513,17,2
Yuma,026,Corporation Commissioner,,DEM,Sandra Kennedy,171,14,142,13,2
Yuma,027,Corporation Commissioner,,DEM,Sandra Kennedy,208,28,174,6,0
Yuma,028,Corporation Commissioner,,DEM,Sandra Kennedy,145,22,110,11,2
Yuma,029,Corporation Commissioner,,DEM,Sandra Kennedy,848,122,615,106,5
Yuma,030.01,Corporation Commissioner,,DEM,Sandra Kennedy,840,119,604,116,1
Yuma,031,Corporation Commissioner,,DEM,Sandra Kennedy,1332,208,951,152,21
Yuma,032,Corporation Commissioner,,DEM,Sandra Kennedy,261,40,205,14,2
Yuma,033,Corporation Commissioner,,DEM,Sandra Kennedy,115,13,96,6,0
Yuma,034.01,Corporation Commissioner,,DEM,Sandra Kennedy,117,18,94,3,2
Yuma,035,Corporation Commissioner,,DEM,Sandra Kennedy,341,43,292,5,1
Yuma,036,Corporation Commissioner,,DEM,Sandra Kennedy,489,63,400,24,2
Yuma,037,Corporation Commissioner,,DEM,Sandra Kennedy,430,60,349,19,2
Yuma,038,Corporation Commissioner,,DEM,Sandra Kennedy,413,47,339,26,1
Yuma,039,Corporation Commissioner,,DEM,Sandra Kennedy,397,50,327,13,7
Yuma,040,Corporation Commissioner,,DEM,Sandra Kennedy,440,45,375,18,2
Yuma,041.01,Corporation Commissioner,,DEM,Sandra Kennedy,491,45,424,21,1
Yuma,042,Corporation Commissioner,,DEM,Sandra Kennedy,541,68,442,30,1
Yuma,043,Corporation Commissioner,,DEM,Sandra Kennedy,7,1,6,0,0
Yuma,044,Corporation Commissioner,,DEM,Sandra Kennedy,0,0,0,0,0
Yuma,045.01,Corporation Commissioner,,DEM,Sandra Kennedy,199,16,172,8,3
Yuma,046,Corporation Commissioner,,DEM,Sandra Kennedy,5,1,4,0,0
Yuma,001.01,Corporation Commissioner,,REP,Kevin Thompson,122,32,82,5,3
Yuma,002,Corporation Commissioner,,REP,Kevin Thompson,220,52,155,12,1
Yuma,003,Corporation Commissioner,,REP,Kevin Thompson,188,33,150,4,1
Yuma,004,Corporation Commissioner,,REP,Kevin Thompson,676,166,466,35,9
Yuma,005,Corporation Commissioner,,REP,Kevin Thompson,871,190,610,61,10
Yuma,006,Corporation Commissioner,,REP,Kevin Thompson,287,80,189,16,2
Yuma,007,Corporation Commissioner,,REP,Kevin Thompson,183,47,124,11,1
Yuma,008.01,Corporation Commissioner,,REP,Kevin Thompson,497,72,409,13,3
Yuma,009,Corporation Commissioner,,REP,Kevin Thompson,944,237,631,58,18
Yuma,010,Corporation Commissioner,,REP,Kevin Thompson,1713,364,1254,76,19
Yuma,011,Corporation Commissioner,,REP,Kevin Thompson,693,221,419,45,8
Yuma,012,Corporation Commissioner,,REP,Kevin Thompson,794,167,587,32,8
Yuma,013,Corporation Commissioner,,REP,Kevin Thompson,305,63,225,9,8
Yuma,014.01,Corporation Commissioner,,REP,Kevin Thompson,128,40,80,8,0
Yuma,015.01,Corporation Commissioner,,REP,Kevin Thompson,544,98,402,39,5
Yuma,016,Corporation Commissioner,,REP,Kevin Thompson,320,66,223,29,2
Yuma,017,Corporation Commissioner,,REP,Kevin Thompson,1104,247,812,34,11
Yuma,018,Corporation Commissioner,,REP,Kevin Thompson,118,19,96,2,1
Yuma,019,Corporation Commissioner,,REP,Kevin Thompson,33,9,21,2,1
Yuma,020,Corporation Commissioner,,REP,Kevin Thompson,1043,346,590,94,13
Yuma,021,Corporation Commissioner,,REP,Kevin Thompson,0,0,0,0,0
Yuma,022,Corporation Commissioner,,REP,Kevin Thompson,1006,239,699,46,22
Yuma,023.01,Corporation Commissioner,,REP,Kevin Thompson,936,175,708,45,8
Yuma,024.01,Corporation Commissioner,,REP,Kevin Thompson,2971,586,2226,139,20
Yuma,25.01,Corporation Commissioner,,REP,Kevin Thompson,1447,313,1065,60,9
Yuma,026,Corporation Commissioner,,REP,Kevin Thompson,111,27,75,8,1
Yuma,027,Corporation Commissioner,,REP,Kevin Thompson,199,32,160,5,2
Yuma,028,Corporation Commissioner,,REP,Kevin Thompson,112,28,70,14,0
Yuma,029,Corporation Commissioner,,REP,Kevin Thompson,185,54,100,30,1
Yuma,030.01,Corporation Commissioner,,REP,Kevin Thompson,177,57,96,21,3
Yuma,031,Corporation Commissioner,,REP,Kevin Thompson,347,76,210,53,8
Yuma,032,Corporation Commissioner,,REP,Kevin Thompson,203,51,132,16,4
Yuma,033,Corporation Commissioner,,REP,Kevin Thompson,174,53,107,10,4
Yuma,034.01,Corporation Commissioner,,REP,Kevin Thompson,369,82,256,27,4
Yuma,035,Corporation Commissioner,,REP,Kevin Thompson,454,102,333,14,5
Yuma,036,Corporation Commissioner,,REP,Kevin Thompson,553,120,403,28,2
Yuma,037,Corporation Commissioner,,REP,Kevin Thompson,286,82,189,14,1
Yuma,038,Corporation Commissioner,,REP,Kevin Thompson,394,90,277,20,7
Yuma,039,Corporation Commissioner,,REP,Kevin Thompson,479,105,350,16,8
Yuma,040,Corporation Commissioner,,REP,Kevin Thompson,512,97,388,24,3
Yuma,041.01,Corporation Commissioner,,REP,Kevin Thompson,565,110,414,36,5
Yuma,042,Corporation Commissioner,,REP,Kevin Thompson,554,148,370,29,7
Yuma,043,Corporation Commissioner,,REP,Kevin Thompson,12,3,8,1,0
Yuma,044,Corporation Commissioner,,REP,Kevin Thompson,0,0,0,0,0
Yuma,045.01,Corporation Commissioner,,REP,Kevin Thompson,170,46,115,8,1
Yuma,046,Corporation Commissioner,,REP,Kevin Thompson,0,0,0,0,0
Yuma,001.01,Corporation Commissioner,,REP,"Nicholas ""Nick"" Myers",131,36,87,4,4
Yuma,002,Corporation Commissioner,,REP,"Nicholas ""Nick"" Myers",216,52,152,10,2
Yuma,003,Corporation Commissioner,,REP,"Nicholas ""Nick"" Myers",207,43,158,6,0
Yuma,004,Corporation Commissioner,,REP,"Nicholas ""Nick"" Myers",670,177,451,33,9
Yuma,005,Corporation Commissioner,,REP,"Nicholas ""Nick"" Myers",913,202,638,61,12
Yuma,006,Corporation Commissioner,,REP,"Nicholas ""Nick"" Myers",276,75,183,17,1
Yuma,007,Corporation Commissioner,,REP,"Nicholas ""Nick"" Myers",204,50,134,18,2
Yuma,008.01,Corporation Commissioner,,REP,"Nicholas ""Nick"" Myers",475,71,390,11,3
Yuma,009,Corporation Commissioner,,REP,"Nicholas ""Nick"" Myers",986,250,663,58,15
Yuma,010,Corporation Commissioner,,REP,"Nicholas ""Nick"" Myers",1649,341,1206,78,24
Yuma,011,Corporation Commissioner,,REP,"Nicholas ""Nick"" Myers",738,240,441,50,7
Yuma,012,Corporation Commissioner,,REP,"Nicholas ""Nick"" Myers",804,169,597,32,6
Yuma,013,Corporation Commissioner,,REP,"Nicholas ""Nick"" Myers",316,65,234,10,7
Yuma,014.01,Corporation Commissioner,,REP,"Nicholas ""Nick"" Myers",123,44,72,6,1
Yuma,015.01,Corporation Commissioner,,REP,"Nicholas ""Nick"" Myers",561,104,410,40,7
Yuma,016,Corporation Commissioner,,REP,"Nicholas ""Nick"" Myers",339,69,245,23,2
Yuma,017,Corporation Commissioner,,REP,"Nicholas ""Nick"" Myers",1191,255,880,38,18
Yuma,018,Corporation Commissioner,,REP,"Nicholas ""Nick"" Myers",110,19,89,1,1
Yuma,019,Corporation Commissioner,,REP,"Nicholas ""Nick"" Myers",37,11,22,2,2
Yuma,020,Corporation Commissioner,,REP,"Nicholas ""Nick"" Myers",1015,332,578,96,9
Yuma,021,Corporation Commissioner,,REP,"Nicholas ""Nick"" Myers",0,0,0,0,0
Yuma,022,Corporation Commissioner,,REP,"Nicholas ""Nick"" Myers",1007,247,692,51,17
Yuma,023.01,Corporation Commissioner,,REP,"Nicholas ""Nick"" Myers",991,196,739,48,8
Yuma,024.01,Corporation Commissioner,,REP,"Nicholas ""Nick"" Myers",2909,580,2177,136,16
Yuma,25.01,Corporation Commissioner,,REP,"Nicholas ""Nick"" Myers",1557,360,1119,67,11
Yuma,026,Corporation Commissioner,,REP,"Nicholas ""Nick"" Myers",106,29,70,6,1
Yuma,027,Corporation Commissioner,,REP,"Nicholas ""Nick"" Myers",225,44,174,5,2
Yuma,028,Corporation Commissioner,,REP,"Nicholas ""Nick"" Myers",99,23,62,14,0
Yuma,029,Corporation Commissioner,,REP,"Nicholas ""Nick"" Myers",178,59,89,29,1
Yuma,030.01,Corporation Commissioner,,REP,"Nicholas ""Nick"" Myers",188,60,104,22,2
Yuma,031,Corporation Commissioner,,REP,"Nicholas ""Nick"" Myers",356,100,203,48,5
Yuma,032,Corporation Commissioner,,REP,"Nicholas ""Nick"" Myers",195,50,130,13,2
Yuma,033,Corporation Commissioner,,REP,"Nicholas ""Nick"" Myers",181,55,114,8,4
Yuma,034.01,Corporation Commissioner,,REP,"Nicholas ""Nick"" Myers",366,81,248,31,6
Yuma,035,Corporation Commissioner,,REP,"Nicholas ""Nick"" Myers",480,112,345,17,6
Yuma,036,Corporation Commissioner,,REP,"Nicholas ""Nick"" Myers",557,117,407,31,2
Yuma,037,Corporation Commissioner,,REP,"Nicholas ""Nick"" Myers",299,93,190,11,5
Yuma,038,Corporation Commissioner,,REP,"Nicholas ""Nick"" Myers",421,102,295,16,8
Yuma,039,Corporation Commissioner,,REP,"Nicholas ""Nick"" Myers",499,108,365,18,8
Yuma,040,Corporation Commissioner,,REP,"Nicholas ""Nick"" Myers",505,93,386,25,1
Yuma,041.01,Corporation Commissioner,,REP,"Nicholas ""Nick"" Myers",590,127,416,40,7
Yuma,042,Corporation Commissioner,,REP,"Nicholas ""Nick"" Myers",535,129,366,32,8
Yuma,043,Corporation Commissioner,,REP,"Nicholas ""Nick"" Myers",13,4,8,1,0
Yuma,044,Corporation Commissioner,,REP,"Nicholas ""Nick"" Myers",0,0,0,0,0
Yuma,045.01,Corporation Commissioner,,REP,"Nicholas ""Nick"" Myers",176,50,114,10,2
Yuma,046,Corporation Commissioner,,REP,"Nicholas ""Nick"" Myers",0,0,0,0,0
Yuma,001.01,Corporation Commissioner,,,Write-ins,0,0,0,0,0
Yuma,002,Corporation Commissioner,,,Write-ins,1,0,1,0,0
Yuma,003,Corporation Commissioner,,,Write-ins,1,1,0,0,0
Yuma,004,Corporation Commissioner,,,Write-ins,3,0,3,0,0
Yuma,005,Corporation Commissioner,,,Write-ins,2,0,2,0,0
Yuma,006,Corporation Commissioner,,,Write-ins,2,0,0,0,2
Yuma,007,Corporation Commissioner,,,Write-ins,3,1,1,1,0
Yuma,008.01,Corporation Commissioner,,,Write-ins,1,0,1,0,0
Yuma,009,Corporation Commissioner,,,Write-ins,2,0,2,0,0
Yuma,010,Corporation Commissioner,,,Write-ins,1,0,1,0,0
Yuma,011,Corporation Commissioner,,,Write-ins,2,2,0,0,0
Yuma,012,Corporation Commissioner,,,Write-ins,0,0,0,0,0
Yuma,013,Corporation Commissioner,,,Write-ins,0,0,0,0,0
Yuma,014.01,Corporation Commissioner,,,Write-ins,0,0,0,0,0
Yuma,015.01,Corporation Commissioner,,,Write-ins,0,0,0,0,0
Yuma,016,Corporation Commissioner,,,Write-ins,0,0,0,0,0
Yuma,017,Corporation Commissioner,,,Write-ins,5,5,0,0,0
Yuma,018,Corporation Commissioner,,,Write-ins,0,0,0,0,0
Yuma,019,Corporation Commissioner,,,Write-ins,0,0,0,0,0
Yuma,020,Corporation Commissioner,,,Write-ins,0,0,0,0,0
Yuma,021,Corporation Commissioner,,,Write-ins,0,0,0,0,0
Yuma,022,Corporation Commissioner,,,Write-ins,1,0,1,0,0
Yuma,023.01,Corporation Commissioner,,,Write-ins,5,5,0,0,0
Yuma,024.01,Corporation Commissioner,,,Write-ins,5,2,3,0,0
Yuma,25.01,Corporation Commissioner,,,Write-ins,1,1,0,0,0
Yuma,026,Corporation Commissioner,,,Write-ins,0,0,0,0,0
Yuma,027,Corporation Commissioner,,,Write-ins,1,1,0,0,0
Yuma,028,Corporation Commissioner,,,Write-ins,0,0,0,0,0
Yuma,029,Corporation Commissioner,,,Write-ins,3,1,2,0,0
Yuma,030.01,Corporation Commissioner,,,Write-ins,0,0,0,0,0
Yuma,031,Corporation Commissioner,,,Write-ins,6,1,5,0,0
Yuma,032,Corporation Commissioner,,,Write-ins,0,0,0,0,0
Yuma,033,Corporation Commissioner,,,Write-ins,0,0,0,0,0
Yuma,034.01,Corporation Commissioner,,,Write-ins,1,1,0,0,0
Yuma,035,Corporation Commissioner,,,Write-ins,1,0,1,0,0
Yuma,036,Corporation Commissioner,,,Write-ins,2,0,2,0,0
Yuma,037,Corporation Commissioner,,,Write-ins,1,1,0,0,0
Yuma,038,Corporation Commissioner,,,Write-ins,0,0,0,0,0
Yuma,039,Corporation Commissioner,,,Write-ins,1,0,0,1,0
Yuma,040,Corporation Commissioner,,,Write-ins,1,0,1,0,0
Yuma,041.01,Corporation Commissioner,,,Write-ins,0,0,0,0,0
Yuma,042,Corporation Commissioner,,,Write-ins,0,0,0,0,0
Yuma,043,Corporation Commissioner,,,Write-ins,0,0,0,0,0
Yuma,044,Corporation Commissioner,,,Write-ins,0,0,0,0,0
Yuma,045.01,Corporation Commissioner,,,Write-ins,0,0,0,0,0
Yuma,046,Corporation Commissioner,,,Write-ins,0,0,0,0,0
Yuma,001.01,State Senate,23,DEM,Brian Fernandez,246,34,191,19,2
Yuma,002,State Senate,23,DEM,Brian Fernandez,310,47,247,12,4
Yuma,003,State Senate,23,DEM,Brian Fernandez,264,42,207,12,3
Yuma,004,State Senate,23,DEM,Brian Fernandez,902,86,772,40,4
Yuma,006,State Senate,23,DEM,Brian Fernandez,563,96,405,55,7
Yuma,007,State Senate,23,DEM,Brian Fernandez,767,97,600,63,7
Yuma,013,State Senate,23,DEM,Brian Fernandez,391,46,341,4,0
Yuma,014.01,State Senate,23,DEM,Brian Fernandez,102,14,78,10,0
Yuma,021,State Senate,23,DEM,Brian Fernandez,0,0,0,0,0
Yuma,026,State Senate,23,DEM,Brian Fernandez,190,17,159,12,2
Yuma,027,State Senate,23,DEM,Brian Fernandez,214,28,178,8,0
Yuma,028,State Senate,23,DEM,Brian Fernandez,160,25,121,12,2
Yuma,029,State Senate,23,DEM,Brian Fernandez,878,137,629,107,5
Yuma,030.01,State Senate,23,DEM,Brian Fernandez,864,124,613,126,1
Yuma,031,State Senate,23,DEM,Brian Fernandez,1372,224,976,154,18
Yuma,032,State Senate,23,DEM,Brian Fernandez,277,39,221,15,2
Yuma,035,State Senate,23,DEM,Brian Fernandez,370,48,314,5,3
Yuma,036,State Senate,23,DEM,Brian Fernandez,521,66,424,27,4
Yuma,037,State Senate,23,DEM,Brian Fernandez,467,68,372,24,3
Yuma,038,State Senate,23,DEM,Brian Fernandez,440,57,358,23,2
Yuma,039,State Senate,23,DEM,Brian Fernandez,421,56,344,15,6
Yuma,040,State Senate,23,DEM,Brian Fernandez,472,47,404,19,2
Yuma,041.01,State Senate,23,DEM,Brian Fernandez,508,49,441,18,0
Yuma,042,State Senate,23,DEM,Brian Fernandez,583,81,470,30,2
Yuma,044,State Senate,23,DEM,Brian Fernandez,0,0,0,0,0
Yuma,046,State Senate,23,DEM,Brian Fernandez,4,0,4,0,0
Yuma,001.01,State Senate,23,REP,Gary Garcia Snyder,144,36,100,5,3
Yuma,002,State Senate,23,REP,Gary Garcia Snyder,246,60,173,11,2
Yuma,003,State Senate,23,REP,Gary Garcia Snyder,228,45,176,5,2
Yuma,004,State Senate,23,REP,Gary Garcia Snyder,757,191,521,35,10
Yuma,006,State Senate,23,REP,Gary Garcia Snyder,336,90,221,23,2
Yuma,007,State Senate,23,REP,Gary Garcia Snyder,254,62,167,24,1
Yuma,013,State Senate,23,REP,Gary Garcia Snyder,363,73,268,12,10
Yuma,014.01,State Senate,23,REP,Gary Garcia Snyder,134,44,84,5,1
Yuma,021,State Senate,23,REP,Gary Garcia Snyder,0,0,0,0,0
Yuma,026,State Senate,23,REP,Gary Garcia Snyder,131,31,85,13,2
Yuma,027,State Senate,23,REP,Gary Garcia Snyder,251,50,190,8,3
Yuma,028,State Senate,23,REP,Gary Garcia Snyder,117,27,77,13,0
Yuma,029,State Senate,23,REP,Gary Garcia Snyder,254,65,150,37,2
Yuma,030.01,State Senate,23,REP,Gary Garcia Snyder,273,74,165,31,3
Yuma,031,State Senate,23,REP,Gary Garcia Snyder,440,113,265,53,9
Yuma,032,State Senate,23,REP,Gary Garcia Snyder,247,61,162,18,6
Yuma,035,State Senate,23,REP,Gary Garcia Snyder,503,111,365,20,7
Yuma,036,State Senate,23,REP,Gary Garcia Snyder,624,132,456,33,3
Yuma,037,State Senate,23,REP,Gary Garcia Snyder,332,97,218,12,5
Yuma,038,State Senate,23,REP,Gary Garcia Snyder,463,109,324,21,9
Yuma,039,State Senate,23,REP,Gary Garcia Snyder,551,120,399,22,10
Yuma,040,State Senate,23,REP,Gary Garcia Snyder,591,111,447,30,3
Yuma,041.01,State Senate,23,REP,Gary Garcia Snyder,669,134,482,44,9
Yuma,042,State Senate,23,REP,Gary Garcia Snyder,626,172,411,34,9
Yuma,044,State Senate,23,REP,Gary Garcia Snyder,0,0,0,0,0
Yuma,046,State Senate,23,REP,Gary Garcia Snyder,0,0,0,0,0
Yuma,001.01,State Senate,23,,Write-ins,1,0,1,0,0
Yuma,002,State Senate,23,,Write-ins,1,0,1,0,0
Yuma,003,State Senate,23,,Write-ins,2,0,2,0,0
Yuma,004,State Senate,23,,Write-ins,2,1,1,0,0
Yuma,006,State Senate,23,,Write-ins,0,0,0,0,0
Yuma,007,State Senate,23,,Write-ins,4,1,3,0,0
Yuma,013,State Senate,23,,Write-ins,3,2,1,0,0
Yuma,014.01,State Senate,23,,Write-ins,0,0,0,0,0
Yuma,021,State Senate,23,,Write-ins,0,0,0,0,0
Yuma,026,State Senate,23,,Write-ins,0,0,0,0,0
Yuma,027,State Senate,23,,Write-ins,0,0,0,0,0
Yuma,028,State Senate,23,,Write-ins,0,0,0,0,0
Yuma,029,State Senate,23,,Write-ins,0,0,0,0,0
Yuma,030.01,State Senate,23,,Write-ins,3,0,3,0,0
Yuma,031,State Senate,23,,Write-ins,5,3,1,1,0
Yuma,032,State Senate,23,,Write-ins,2,0,2,0,0
Yuma,035,State Senate,23,,Write-ins,3,0,3,0,0
Yuma,036,State Senate,23,,Write-ins,1,0,1,0,0
Yuma,037,State Senate,23,,Write-ins,3,2,1,0,0
Yuma,038,State Senate,23,,Write-ins,4,1,3,0,0
Yuma,039,State Senate,23,,Write-ins,0,0,0,0,0
Yuma,040,State Senate,23,,Write-ins,0,0,0,0,0
Yuma,041.01,State Senate,23,,Write-ins,3,0,3,0,0
Yuma,042,State Senate,23,,Write-ins,0,0,0,0,0
Yuma,044,State Senate,23,,Write-ins,0,0,0,0,0
Yuma,046,State Senate,23,,Write-ins,0,0,0,0,0
Yuma,005,State Senate,25,REP,Sine Kerr,1129,244,800,72,13
Yuma,008.01,State Senate,25,REP,Sine Kerr,632,91,522,13,6
Yuma,009,State Senate,25,REP,Sine Kerr,1158,285,791,63,19
Yuma,010,State Senate,25,REP,Sine Kerr,2269,462,1667,102,38
Yuma,011,State Senate,25,REP,Sine Kerr,926,289,566,61,10
Yuma,012,State Senate,25,REP,Sine Kerr,1004,199,743,54,8
Yuma,015.01,State Senate,25,REP,Sine Kerr,746,125,561,47,13
Yuma,016,State Senate,25,REP,Sine Kerr,472,95,336,36,5
Yuma,017,State Senate,25,REP,Sine Kerr,1511,318,1123,49,21
Yuma,018,State Senate,25,REP,Sine Kerr,134,22,108,3,1
Yuma,019,State Senate,25,REP,Sine Kerr,43,9,30,2,2
Yuma,020,State Senate,25,REP,Sine Kerr,1277,401,750,112,14
Yuma,022,State Senate,25,REP,Sine Kerr,1345,315,941,65,24
Yuma,023.01,State Senate,25,REP,Sine Kerr,1260,240,955,53,12
Yuma,024.01,State Senate,25,REP,Sine Kerr,3704,719,2812,151,22
Yuma,25.01,State Senate,25,REP,Sine Kerr,1838,389,1354,81,14
Yuma,033,State Senate,25,REP,Sine Kerr,249,72,157,15,5
Yuma,034.01,State Senate,25,REP,Sine Kerr,444,103,299,34,8
Yuma,043,State Senate,25,REP,Sine Kerr,18,5,12,1,0
Yuma,045.01,State Senate,25,REP,Sine Kerr,276,75,187,10,4
Yuma,005,State Senate,25,,Write-ins,47,8,34,4,1
Yuma,008.01,State Senate,25,,Write-ins,17,3,12,2,0
Yuma,009,State Senate,25,,Write-ins,22,7,15,0,0
Yuma,010,State Senate,25,,Write-ins,74,15,52,7,0
Yuma,011,State Senate,25,,Write-ins,35,14,14,7,0
Yuma,012,State Senate,25,,Write-ins,26,7,19,0,0
Yuma,015.01,State Senate,25,,Write-ins,26,3,22,0,1
Yuma,016,State Senate,25,,Write-ins,29,4,24,1,0
Yuma,017,State Senate,25,,Write-ins,42,9,33,0,0
Yuma,018,State Senate,25,,Write-ins,2,0,2,0,0
Yuma,019,State Senate,25,,Write-ins,1,0,1,0,0
Yuma,020,State Senate,25,,Write-ins,28,9,16,1,2
Yuma,022,State Senate,25,,Write-ins,44,13,29,2,0
Yuma,023.01,State Senate,25,,Write-ins,35,6,28,1,0
Yuma,024.01,State Senate,25,,Write-ins,71,15,55,1,0
Yuma,25.01,State Senate,25,,Write-ins,36,7,27,2,0
Yuma,033,State Senate,25,,Write-ins,6,0,6,0,0
Yuma,034.01,State Senate,25,,Write-ins,11,4,7,0,0
Yuma,043,State Senate,25,,Write-ins,1,0,1,0,0
Yuma,045.01,State Senate,25,,Write-ins,5,1,4,0,0
Yuma,001.01,State House,23,DEM,Jesus Lugo Jr.,174,23,135,16,0
Yuma,002,State House,23,DEM,Jesus Lugo Jr.,236,38,189,8,1
Yuma,003,State House,23,DEM,Jesus Lugo Jr.,190,38,141,8,3
Yuma,004,State House,23,DEM,Jesus Lugo Jr.,639,79,538,19,3
Yuma,006,State House,23,DEM,Jesus Lugo Jr.,452,87,317,43,5
Yuma,007,State House,23,DEM,Jesus Lugo Jr.,538,73,411,47,7
Yuma,013,State House,23,DEM,Jesus Lugo Jr.,264,36,221,7,0
Yuma,014.01,State House,23,DEM,Jesus Lugo Jr.,82,12,62,8,0
Yuma,021,State House,23,DEM,Jesus Lugo Jr.,0,0,0,0,0
Yuma,026,State House,23,DEM,Jesus Lugo Jr.,120,12,97,10,1
Yuma,027,State House,23,DEM,Jesus Lugo Jr.,164,30,127,7,0
Yuma,028,State House,23,DEM,Jesus Lugo Jr.,114,17,83,12,2
Yuma,029,State House,23,DEM,Jesus Lugo Jr.,695,120,493,77,5
Yuma,030.01,State House,23,DEM,Jesus Lugo Jr.,692,115,487,89,1
Yuma,031,State House,23,DEM,Jesus Lugo Jr.,1052,185,738,112,17
Yuma,032,State House,23,DEM,Jesus Lugo Jr.,217,30,172,13,2
Yuma,035,State House,23,DEM,Jesus Lugo Jr.,250,34,211,3,2
Yuma,036,State House,23,DEM,Jesus Lugo Jr.,414,64,326,22,2
Yuma,037,State House,23,DEM,Jesus Lugo Jr.,324,53,254,14,3
Yuma,038,State House,23,DEM,Jesus Lugo Jr.,354,50,277,25,2
Yuma,039,State House,23,DEM,Jesus Lugo Jr.,324,41,262,13,8
Yuma,040,State House,23,DEM,Jesus Lugo Jr.,360,40,304,15,1
Yuma,041.01,State House,23,DEM,Jesus Lugo Jr.,393,44,335,12,2
Yuma,042,State House,23,DEM,Jesus Lugo Jr.,465,68,370,23,4
Yuma,044,State House,23,DEM,Jesus Lugo Jr.,0,0,0,0,0
Yuma,046,State House,23,DEM,Jesus Lugo Jr.,4,0,4,0,0
Yuma,001.01,State House,23,DEM,Mariana Sandoval,216,34,168,13,1
Yuma,002,State House,23,DEM,Mariana Sandoval,272,34,222,11,5
Yuma,003,State House,23,DEM,Mariana Sandoval,228,30,186,10,2
Yuma,004,State House,23,DEM,Mariana Sandoval,835,84,710,37,4
Yuma,006,State House,23,DEM,Mariana Sandoval,473,81,342,44,6
Yuma,007,State House,23,DEM,Mariana Sandoval,647,85,498,59,5
Yuma,013,State House,23,DEM,Mariana Sandoval,379,43,333,3,0
Yuma,014.01,State House,23,DEM,Mariana Sandoval,103,18,75,10,0
Yuma,021,State House,23,DEM,Mariana Sandoval,0,0,0,0,0
Yuma,026,State House,23,DEM,Mariana Sandoval,170,21,138,9,2
Yuma,027,State House,23,DEM,Mariana Sandoval,197,28,163,6,0
Yuma,028,State House,23,DEM,Mariana Sandoval,138,21,106,11,0
Yuma,029,State House,23,DEM,Mariana Sandoval,758,121,537,97,3
Yuma,030.01,State House,23,DEM,Mariana Sandoval,801,118,567,114,2
Yuma,031,State House,23,DEM,Mariana Sandoval,1181,198,827,140,16
Yuma,032,State House,23,DEM,Mariana Sandoval,253,43,192,16,2
Yuma,035,State House,23,DEM,Mariana Sandoval,364,53,303,5,3
Yuma,036,State House,23,DEM,Mariana Sandoval,493,61,406,23,3
Yuma,037,State House,23,DEM,Mariana Sandoval,437,61,353,22,1
Yuma,038,State House,23,DEM,Mariana Sandoval,395,48,324,21,2
Yuma,039,State House,23,DEM,Mariana Sandoval,422,61,340,14,7
Yuma,040,State House,23,DEM,Mariana Sandoval,443,50,371,20,2
Yuma,041.01,State House,23,DEM,Mariana Sandoval,510,54,437,19,0
Yuma,042,State House,23,DEM,Mariana Sandoval,549,77,442,29,1
Yuma,044,State House,23,DEM,Mariana Sandoval,0,0,0,0,0
Yuma,046,State House,23,DEM,Mariana Sandoval,4,0,4,0,0
Yuma,001.01,State House,23,REP,Michele Pena,152,38,104,5,5
Yuma,002,State House,23,REP,Michele Pena,255,62,179,12,2
Yuma,003,State House,23,REP,Michele Pena,233,46,181,5,1
Yuma,004,State House,23,REP,Michele Pena,768,196,522,39,11
Yuma,006,State House,23,REP,Michele Pena,330,92,214,24,0
Yuma,007,State House,23,REP,Michele Pena,234,59,156,18,1
Yuma,013,State House,23,REP,Michele Pena,361,72,270,9,10
Yuma,014.01,State House,23,REP,Michele Pena,137,46,86,4,1
Yuma,021,State House,23,REP,Michele Pena,0,0,0,0,0
Yuma,026,State House,23,REP,Michele Pena,133,34,86,11,2
Yuma,027,State House,23,REP,Michele Pena,256,49,194,10,3
Yuma,028,State House,23,REP,Michele Pena,118,29,76,12,1
Yuma,029,State House,23,REP,Michele Pena,218,59,122,35,2
Yuma,030.01,State House,23,REP,Michele Pena,235,72,133,27,3
Yuma,031,State House,23,REP,Michele Pena,429,111,251,57,10
Yuma,032,State House,23,REP,Michele Pena,233,59,153,16,5
Yuma,035,State House,23,REP,Michele Pena,524,121,375,21,7
Yuma,036,State House,23,REP,Michele Pena,631,132,459,37,3
Yuma,037,State House,23,REP,Michele Pena,342,105,219,13,5
Yuma,038,State House,23,REP,Michele Pena,471,114,329,20,8
Yuma,039,State House,23,REP,Michele Pena,566,123,410,22,11
Yuma,040,State House,23,REP,Michele Pena,593,111,450,29,3
Yuma,041.01,State House,23,REP,Michele Pena,682,141,486,46,9
Yuma,042,State House,23,REP,Michele Pena,619,174,405,30,10
Yuma,044,State House,23,REP,Michele Pena,0,0,0,0,0
Yuma,046,State House,23,REP,Michele Pena,0,0,0,0,0
Yuma,001.01,State House,23,,Write-ins,1,0,1,0,0
Yuma,002,State House,23,,Write-ins,8,2,6,0,0
Yuma,003,State House,23,,Write-ins,3,0,3,0,0
Yuma,004,State House,23,,Write-ins,28,20,8,0,0
Yuma,006,State House,23,,Write-ins,15,9,6,0,0
Yuma,007,State House,23,,Write-ins,10,5,5,0,0
Yuma,013,State House,23,,Write-ins,10,6,4,0,0
Yuma,014.01,State House,23,,Write-ins,2,1,1,0,0
Yuma,021,State House,23,,Write-ins,0,0,0,0,0
Yuma,026,State House,23,,Write-ins,4,2,1,1,0
Yuma,027,State House,23,,Write-ins,6,2,3,1,0
Yuma,028,State House,23,,Write-ins,1,1,0,0,0
Yuma,029,State House,23,,Write-ins,6,4,2,0,0
Yuma,030.01,State House,23,,Write-ins,2,0,2,0,0
Yuma,031,State House,23,,Write-ins,14,6,8,0,0
Yuma,032,State House,23,,Write-ins,0,0,0,0,0
Yuma,035,State House,23,,Write-ins,9,2,6,0,1
Yuma,036,State House,23,,Write-ins,7,5,2,0,0
Yuma,037,State House,23,,Write-ins,6,3,3,0,0
Yuma,038,State House,23,,Write-ins,14,5,8,0,1
Yuma,039,State House,23,,Write-ins,10,7,3,0,0
Yuma,040,State House,23,,Write-ins,11,7,4,0,0
Yuma,041.01,State House,23,,Write-ins,16,12,2,0,2
Yuma,042,State House,23,,Write-ins,12,5,4,2,1
Yuma,044,State House,23,,Write-ins,0,0,0,0,0
Yuma,046,State House,23,,Write-ins,0,0,0,0,0
Yuma,005,State House,25,REP,Michael Carbone,817,182,576,51,8
Yuma,008.01,State House,25,REP,Michael Carbone,435,61,360,8,6
Yuma,009,State House,25,REP,Michael Carbone,836,203,573,47,13
Yuma,010,State House,25,REP,Michael Carbone,1628,352,1180,72,24
Yuma,011,State House,25,REP,Michael Carbone,656,205,395,49,7
Yuma,012,State House,25,REP,Michael Carbone,720,149,529,36,6
Yuma,015.01,State House,25,REP,Michael Carbone,513,90,387,27,9
Yuma,016,State House,25,REP,Michael Carbone,336,75,237,22,2
Yuma,017,State House,25,REP,Michael Carbone,1050,249,758,32,11
Yuma,018,State House,25,REP,Michael Carbone,109,19,88,1,1
Yuma,019,State House,25,REP,Michael Carbone,37,9,25,2,1
Yuma,020,State House,25,REP,Michael Carbone,926,296,534,85,11
Yuma,022,State House,25,REP,Michael Carbone,956,237,654,50,15
Yuma,023.01,State House,25,REP,Michael Carbone,922,193,683,40,6
Yuma,024.01,State House,25,REP,Michael Carbone,2694,545,2019,115,15
Yuma,25.01,State House,25,REP,Michael Carbone,1298,284,964,42,8
Yuma,033,State House,25,REP,Michael Carbone,174,53,107,10,4
Yuma,034.01,State House,25,REP,Michael Carbone,326,80,223,20,3
Yuma,043,State House,25,REP,Michael Carbone,15,4,10,1,0
Yuma,045.01,State House,25,REP,Michael Carbone,186,47,127,9,3
Yuma,005,State House,25,REP,"Timothy ""Tim"" Dunn",1051,217,754,67,13
Yuma,008.01,State House,25,REP,"Timothy ""Tim"" Dunn",576,83,476,12,5
Yuma,009,State House,25,REP,"Timothy ""Tim"" Dunn",1078,255,743,63,17
Yuma,010,State House,25,REP,"Timothy ""Tim"" Dunn",1926,379,1437,84,26
Yuma,011,State House,25,REP,"Timothy ""Tim"" Dunn",875,270,535,60,10
Yuma,012,State House,25,REP,"Timothy ""Tim"" Dunn",952,190,704,51,7
Yuma,015.01,State House,25,REP,"Timothy ""Tim"" Dunn",684,111,516,47,10
Yuma,016,State House,25,REP,"Timothy ""Tim"" Dunn",437,85,315,32,5
Yuma,017,State House,25,REP,"Timothy ""Tim"" Dunn",1273,271,941,43,18
Yuma,018,State House,25,REP,"Timothy ""Tim"" Dunn",112,20,89,2,1
Yuma,019,State House,25,REP,"Timothy ""Tim"" Dunn",36,9,24,2,1
Yuma,020,State House,25,REP,"Timothy ""Tim"" Dunn",1135,372,645,104,14
Yuma,022,State House,25,REP,"Timothy ""Tim"" Dunn",1123,262,793,48,20
Yuma,023.01,State House,25,REP,"Timothy ""Tim"" Dunn",1063,195,809,50,9
Yuma,024.01,State House,25,REP,"Timothy ""Tim"" Dunn",3077,582,2343,136,16
Yuma,25.01,State House,25,REP,"Timothy ""Tim"" Dunn",1620,354,1181,72,13
Yuma,033,State House,25,REP,"Timothy ""Tim"" Dunn",221,62,144,11,4
Yuma,034.01,State House,25,REP,"Timothy ""Tim"" Dunn",403,92,274,29,8
Yuma,043,State House,25,REP,"Timothy ""Tim"" Dunn",14,4,9,1,0
Yuma,045.01,State House,25,REP,"Timothy ""Tim"" Dunn",222,61,149,10,2
Yuma,005,State House,25,,Write-ins,46,8,28,8,2
Yuma,008.01,State House,25,,Write-ins,20,4,16,0,0
Yuma,009,State House,25,,Write-ins,32,9,23,0,0
Yuma,010,State House,25,,Write-ins,97,24,64,8,1
Yuma,011,State House,25,,Write-ins,37,15,18,4,0
Yuma,012,State House,25,,Write-ins,30,7,23,0,0
Yuma,015.01,State House,25,,Write-ins,40,4,34,1,1
Yuma,016,State House,25,,Write-ins,40,5,35,0,0
Yuma,017,State House,25,,Write-ins,51,16,35,0,0
Yuma,018,State House,25,,Write-ins,3,0,3,0,0
Yuma,019,State House,25,,Write-ins,2,0,2,0,0
Yuma,020,State House,25,,Write-ins,30,9,18,2,1
Yuma,022,State House,25,,Write-ins,61,20,39,2,0
Yuma,023.01,State House,25,,Write-ins,38,9,28,1,0
Yuma,024.01,State House,25,,Write-ins,85,14,68,2,1
Yuma,25.01,State House,25,,Write-ins,46,8,36,2,0
Yuma,033,State House,25,,Write-ins,10,3,7,0,0
Yuma,034.01,State House,25,,Write-ins,17,5,10,2,0
Yuma,043,State House,25,,Write-ins,1,0,1,0,0
Yuma,045.01,State House,25,,Write-ins,10,3,7,0,0
