county,precinct,office,district,party,candidate,votes,early_voting,election_day,provisional
Santa Cruz,Nogales 1,Registered Voters,,,,583,,,
Santa Cruz,Nogales 1,Ballots Cast,,,,208,158,50,0
Santa Cruz,Nogales 1,U.S. Senate,,DEM,"KELLY, MARK",172,137,35,0
Santa Cruz,Nogales 1,U.S. Senate,,REP,"MASTERS, BLAKE",34,19,15,0
Santa Cruz,Nogales 1,U.S. Senate,,LIB,"VICTOR, MARC J.",2,2,0,0
Santa Cruz,Nogales 1,U.S. House,7,DEM,"GRIJALVA, RAÚL",151,120,31,0
Santa Cruz,Nogales 1,U.S. House,7,REP,"POZZOLO, LUIS",54,37,17,0
Santa Cruz,Nogales 1,Governor,,DEM,"HOBBS, KATIE",161,126,35,0
Santa Cruz,Nogales 1,Governor,,REP,"LAKE, KARI",44,29,15,0
Santa Cruz,Nogales 1,State Senate,21,DEM,"GABALDÓN, ROSANNA",173,136,37,0
Santa Cruz,Nogales 1,State Senate,21,REP,"CLEVELAND, JIM",33,22,11,0
Santa Cruz,Nogales 1,State House,21,DEM,"HERNANDEZ, CONSUELO",165,128,37,0
Santa Cruz,Nogales 1,State House,21,DEM,"STAHL HAMILTON, STEPHANIE",133,110,23,0
Santa Cruz,Nogales 1,State House,21,REP,"KENNEDY, DAMIEN",39,30,9,0
Santa Cruz,Nogales 1,State House,21,REP,"MCEWEN, DEBORAH",31,21,10,0
Santa Cruz,Nogales 1,Secretary of State,,DEM,"FONTES, ADRIAN",174,136,38,0
Santa Cruz,Nogales 1,Secretary of State,,REP,"FINCHEM, MARK",31,19,12,0
Santa Cruz,Nogales 1,Attorney General,,DEM,"MAYES, KRIS",170,131,39,0
Santa Cruz,Nogales 1,Attorney General,,REP,"HAMADEH, ABRAHAM ""ABE""",37,26,11,0
Santa Cruz,Nogales 1,State Treasurer,,DEM,"QUEZADA, MARTÍN",170,131,39,0
Santa Cruz,Nogales 1,State Treasurer,,REP,"YEE, KIMBERLY",35,26,9,0
Santa Cruz,Nogales 1,Superintendent of Public Instruction,,DEM,"HOFFMAN, KATHY",167,128,39,0
Santa Cruz,Nogales 1,Superintendent of Public Instruction,,REP,"HORNE, TOM",39,28,11,0
Santa Cruz,Nogales 1,State Mine Inspector,,REP,"MARSH, PAUL",120,94,26,0
Santa Cruz,Nogales 1,State Mine Inspector,,,Write-ins,4,1,3,0
Santa Cruz,Nogales 1,Corporation Commisioner,,DEM,"KENNEDY, SANDRA",159,123,36,0
Santa Cruz,Nogales 1,Corporation Commisioner,,DEM,"KUBY, LAUREN",133,110,23,0
Santa Cruz,Nogales 1,Corporation Commisioner,,REP,"MYERS, NICHOLAS ""NICK""",38,27,11,0
Santa Cruz,Nogales 1,Corporation Commisioner,,REP,"THOMPSON, KEVIN",38,27,11,0
Santa Cruz,Nogales 2,Registered Voters,,,,1581,,,
Santa Cruz,Nogales 2,Ballots Cast,,,,431,329,99,3
Santa Cruz,Nogales 2,U.S. Senate,,DEM,"KELLY, MARK",337,269,66,2
Santa Cruz,Nogales 2,U.S. Senate,,REP,"MASTERS, BLAKE",71,50,21,0
Santa Cruz,Nogales 2,U.S. Senate,,LIB,"VICTOR, MARC J.",15,8,7,0
Santa Cruz,Nogales 2,U.S. Senate,,,Write-ins,1,1,0,0
Santa Cruz,Nogales 2,U.S. House,7,DEM,"GRIJALVA, RAÚL",328,263,62,3
Santa Cruz,Nogales 2,U.S. House,7,REP,"POZZOLO, LUIS",92,61,31,0
Santa Cruz,Nogales 2,U.S. House,7,,Write-ins,1,1,0,0
Santa Cruz,Nogales 2,Governor,,DEM,"HOBBS, KATIE",345,269,73,3
Santa Cruz,Nogales 2,Governor,,REP,"LAKE, KARI",79,57,22,0
Santa Cruz,Nogales 2,Governor,,,Write-ins,2,2,0,0
Santa Cruz,Nogales 2,State Senate,21,DEM,"GABALDÓN, ROSANNA",348,269,76,3
Santa Cruz,Nogales 2,State Senate,21,REP,"CLEVELAND, JIM",73,56,17,0
Santa Cruz,Nogales 2,State House,21,DEM,"HERNANDEZ, CONSUELO",324,254,68,2
Santa Cruz,Nogales 2,State House,21,DEM,"STAHL HAMILTON, STEPHANIE",257,208,48,1
Santa Cruz,Nogales 2,State House,21,REP,"KENNEDY, DAMIEN",68,54,14,0
Santa Cruz,Nogales 2,State House,21,REP,"MCEWEN, DEBORAH",66,50,16,0
Santa Cruz,Nogales 2,Secretary of State,,DEM,"FONTES, ADRIAN",354,278,74,2
Santa Cruz,Nogales 2,Secretary of State,,REP,"FINCHEM, MARK",62,45,17,0
Santa Cruz,Nogales 2,Secretary of State,,,Write-ins,1,1,0,0
Santa Cruz,Nogales 2,Attorney General,,DEM,"MAYES, KRIS",346,270,73,3
Santa Cruz,Nogales 2,Attorney General,,REP,"HAMADEH, ABRAHAM ""ABE""",73,55,18,0
Santa Cruz,Nogales 2,State Treasurer,,DEM,"QUEZADA, MARTÍN",337,263,71,3
Santa Cruz,Nogales 2,State Treasurer,,REP,"YEE, KIMBERLY",78,58,20,0
Santa Cruz,Nogales 2,Superintendent of Public Instruction,,DEM,"HOFFMAN, KATHY",325,251,72,2
Santa Cruz,Nogales 2,Superintendent of Public Instruction,,REP,"HORNE, TOM",84,61,22,1
Santa Cruz,Nogales 2,Superintendent of Public Instruction,,,Write-ins,1,1,0,0
Santa Cruz,Nogales 2,State Mine Inspector,,MAR,"MARSH, PAUL",246,191,53,2
Santa Cruz,Nogales 2,State Mine Inspector,,,Write-ins,11,8,3,0
Santa Cruz,Nogales 2,State Mine Inspector,,Write In DEM,"DI GENOVA, TRISTA",8,8,0,0
Santa Cruz,Nogales 2,Corporation Commisioner,,DEM,"KENNEDY, SANDRA",328,263,63,2
Santa Cruz,Nogales 2,Corporation Commisioner,,DEM,"KUBY, LAUREN",274,220,52,2
Santa Cruz,Nogales 2,Corporation Commisioner,,REP,"MYERS, NICHOLAS ""NICK""",66,48,18,0
Santa Cruz,Nogales 2,Corporation Commisioner,,REP,"THOMPSON, KEVIN",63,49,14,0
Santa Cruz,Nogales 3,Registered Voters,,,,929,,,
Santa Cruz,Nogales 3,Ballots Cast,,,,304,223,80,1
Santa Cruz,Nogales 3,U.S. Senate,,DEM,"KELLY, MARK",226,178,47,1
Santa Cruz,Nogales 3,U.S. Senate,,REP,"MASTERS, BLAKE",61,33,28,0
Santa Cruz,Nogales 3,U.S. Senate,,LIB,"VICTOR, MARC J.",9,7,2,0
Santa Cruz,Nogales 3,U.S. Senate,,,Write-ins,2,2,0,0
Santa Cruz,Nogales 3,U.S. House,7,DEM,"GRIJALVA, RAÚL",205,167,37,1
Santa Cruz,Nogales 3,U.S. House,7,REP,"POZZOLO, LUIS",92,51,41,0
Santa Cruz,Nogales 3,U.S. House,7,,Write-ins,2,2,0,0
Santa Cruz,Nogales 3,Governor,,DEM,"HOBBS, KATIE",222,176,45,1
Santa Cruz,Nogales 3,Governor,,REP,"LAKE, KARI",70,39,31,0
Santa Cruz,Nogales 3,Governor,,,Write-ins,1,0,1,0
Santa Cruz,Nogales 3,State Senate,21,DEM,"GABALDÓN, ROSANNA",235,185,49,1
Santa Cruz,Nogales 3,State Senate,21,REP,"CLEVELAND, JIM",62,34,28,0
Santa Cruz,Nogales 3,State Senate,21,,Write-ins,2,2,0,0
Santa Cruz,Nogales 3,State House,21,DEM,"HERNANDEZ, CONSUELO",220,172,47,1
Santa Cruz,Nogales 3,State House,21,DEM,"STAHL HAMILTON, STEPHANIE",145,119,25,1
Santa Cruz,Nogales 3,State House,21,REP,"KENNEDY, DAMIEN",64,38,26,0
Santa Cruz,Nogales 3,State House,21,REP,"MCEWEN, DEBORAH",57,36,21,0
Santa Cruz,Nogales 3,State House,21,,Write-ins,5,4,1,0
Santa Cruz,Nogales 3,Secretary of State,,DEM,"FONTES, ADRIAN",239,187,51,1
Santa Cruz,Nogales 3,Secretary of State,,REP,"FINCHEM, MARK",59,33,26,0
Santa Cruz,Nogales 3,Secretary of State,,,Write-ins,2,2,0,0
Santa Cruz,Nogales 3,Attorney General,,DEM,"MAYES, KRIS",227,179,47,1
Santa Cruz,Nogales 3,Attorney General,,REP,"HAMADEH, ABRAHAM ""ABE""",67,38,29,0
Santa Cruz,Nogales 3,Attorney General,,,Write-ins,2,2,0,0
Santa Cruz,Nogales 3,State Treasurer,,DEM,"QUEZADA, MARTÍN",224,176,47,1
Santa Cruz,Nogales 3,State Treasurer,,REP,"YEE, KIMBERLY",67,37,30,0
Santa Cruz,Nogales 3,State Treasurer,,,Write-ins,2,2,0,0
Santa Cruz,Nogales 3,Superintendent of Public Instruction,,DEM,"HOFFMAN, KATHY",221,173,47,1
Santa Cruz,Nogales 3,Superintendent of Public Instruction,,REP,"HORNE, TOM",68,38,30,0
Santa Cruz,Nogales 3,Superintendent of Public Instruction,,,Write-ins,2,2,0,0
Santa Cruz,Nogales 3,State Mine Inspector,,REP,"MARSH, PAUL",177,129,48,0
Santa Cruz,Nogales 3,State Mine Inspector,,,Write-ins,10,9,1,0
Santa Cruz,Nogales 3,State Mine Inspector,,Write In DEM,"DI GENOVA, TRISTA",2,0,2,0
Santa Cruz,Nogales 4,Registered Voters,,,,469,,,
Santa Cruz,Nogales 4,Ballots Cast,,,,178,132,44,2
Santa Cruz,Nogales 4,U.S. Senate,,DEM,"KELLY, MARK",146,112,33,1
Santa Cruz,Nogales 4,U.S. Senate,,REP,"MASTERS, BLAKE",27,18,8,1
Santa Cruz,Nogales 4,U.S. Senate,,LIB,"VICTOR, MARC J.",4,1,3,0
Santa Cruz,Nogales 4,U.S. Senate,,,Write-ins,1,1,0,0
Santa Cruz,Nogales 4,U.S. House,7,DEM,"GRIJALVA, RAÚL",133,100,32,1
Santa Cruz,Nogales 4,U.S. House,7,REP,"POZZOLO, LUIS",42,30,11,1
Santa Cruz,Nogales 4,Governor,,DEM,"HOBBS, KATIE",142,108,33,1
Santa Cruz,Nogales 4,Governor,,REP,"LAKE, KARI",30,21,8,1
Santa Cruz,Nogales 4,Governor,,,Write-ins,2,2,0,0
Santa Cruz,Nogales 4,State Senate,21,DEM,"GABALDÓN, ROSANNA",142,108,33,1
Santa Cruz,Nogales 4,State Senate,21,REP,"CLEVELAND, JIM",31,22,8,1
Santa Cruz,Nogales 4,State House,21,DEM,"HERNANDEZ, CONSUELO",132,101,30,1
Santa Cruz,Nogales 4,State House,21,DEM,"STAHL HAMILTON, STEPHANIE",118,95,22,1
Santa Cruz,Nogales 4,State House,21,REP,"KENNEDY, DAMIEN",27,20,7,0
Santa Cruz,Nogales 4,State House,21,REP,"MCEWEN, DEBORAH",31,20,10,1
Santa Cruz,Nogales 4,Attorney General,,DEM,"MAYES, KRIS",149,112,36,1
Santa Cruz,Nogales 4,Attorney General,,REP,"HAMADEH, ABRAHAM ""ABE""",26,19,6,1
Santa Cruz,Nogales 4,State Treasurer,,DEM,"QUEZADA, MARTÍN",134,99,34,1
Santa Cruz,Nogales 4,State Treasurer,,REP,"YEE, KIMBERLY",41,32,8,1
Santa Cruz,Nogales 4,Superintendent of Public Instruction,,DEM,"HOFFMAN, KATHY",139,107,31,1
Santa Cruz,Nogales 4,Superintendent of Public Instruction,,REP,"HORNE, TOM",32,20,11,1
Santa Cruz,Nogales 4,State Mine Inspector,,REP,"MARSH, PAUL",108,82,24,2
Santa Cruz,Nogales 4,State Mine Inspector,,,Write-ins,2,0,2,0
Santa Cruz,Nogales 4,State Mine Inspector,,Write In DEM,"DI GENOVA, TRISTA",1,0,1,0
Santa Cruz,Nogales 4,Secretary of State,,DEM,"FONTES, ADRIAN",154,117,36,1
Santa Cruz,Nogales 4,Secretary of State,,REP,"FINCHEM, MARK",22,14,7,1
Santa Cruz,Coronado 5,Registered Voters,,,,1257,,,
Santa Cruz,Coronado 5,Ballots Cast,,,,555,438,115,2
Santa Cruz,Coronado 5,U.S. Senate,,DEM,"KELLY, MARK",426,359,66,1
Santa Cruz,Coronado 5,U.S. Senate,,REP,"MASTERS, BLAKE",118,71,46,1
Santa Cruz,Coronado 5,U.S. Senate,,LIB,"VICTOR, MARC J.",8,7,1,0
Santa Cruz,Coronado 5,U.S. House,,DEM,"GRIJALVA, RAÚL",375,320,54,1
Santa Cruz,Coronado 5,U.S. House,,REP,"POZZOLO, LUIS",174,113,60,1
Santa Cruz,Coronado 5,Governor,,DEM,"HOBBS, KATIE",408,345,62,1
Santa Cruz,Coronado 5,Governor,,REP,"LAKE, KARI",138,85,52,1
Santa Cruz,Coronado 5,Governor,,,Write-ins,1,1,0,0
Santa Cruz,Coronado 5,State Senate,21,DEM,"GABALDÓN, ROSANNA",421,353,67,1
Santa Cruz,Coronado 5,State Senate,21,REP,"CLEVELAND, JIM",122,75,46,1
Santa Cruz,Coronado 5,State House,21,DEM,"HERNANDEZ, CONSUELO",338,283,55,0
Santa Cruz,Coronado 5,State House,21,DEM,"STAHL HAMILTON, STEPHANIE",283,242,40,1
Santa Cruz,Coronado 5,State House,21,REP,"KENNEDY, DAMIEN",113,67,45,1
Santa Cruz,Coronado 5,State House,21,REP,"MCEWEN, DEBORAH",109,71,38,0
Santa Cruz,Coronado 5,State House,21,,Write-ins,1,0,1,0
Santa Cruz,Coronado 5,Secretary of State,,DEM,"FONTES, ADRIAN",441,372,68,1
Santa Cruz,Coronado 5,Secretary of State,,REP,"FINCHEM, MARK",106,59,46,1
Santa Cruz,Coronado 5,Attorney General,,DEM,"MAYES, KRIS",402,339,62,1
Santa Cruz,Coronado 5,Attorney General,,REP,"HAMADEH, ABRAHAM ""ABE""",133,83,49,1
Santa Cruz,Coronado 5,State Treasurer,,DEM,"QUEZADA, MARTÍN",365,302,62,1
Santa Cruz,Coronado 5,State Treasurer,,REP,"YEE, KIMBERLY",170,121,48,1
Santa Cruz,Coronado 5,Superintendent of Public Instruction,,DEM,"HOFFMAN, KATHY",383,319,64,0
Santa Cruz,Coronado 5,Superintendent of Public Instruction,,REP,"HORNE, TOM",149,97,50,2
Santa Cruz,Coronado 5,State Mine Inspector,,REP,"MARSH, PAUL",351,260,89,2
Santa Cruz,Coronado 5,State Mine Inspector,,,Write-ins,22,21,1,0
Santa Cruz,Coronado 5,State Mine Inspector,,Write In DEM,"DI GENOVA, TRISTA",5,5,0,0
Santa Cruz,Coronado 5,Corporation Commisioner,,"DEM ","KENNEDY, SANDRA",347,294,52,1
Santa Cruz,Coronado 5,Corporation Commisioner,,"DEM ","KUBY, LAUREN",288,248,40,0
Santa Cruz,Coronado 5,Corporation Commisioner,,"REP ","MYERS, NICHOLAS ""NICK""",111,65,45,1
Santa Cruz,Coronado 5,Corporation Commisioner,,"REP ","THOMPSON, KEVIN",109,66,43,0
Santa Cruz,Coronado 5,State Senate,21,DEM,"HERNANDEZ, CONSUELO",44,37,7,0
Santa Cruz,Coronado 5,State Senate,21,DEM,"STAHL HAMILTON, STEPHANIE",32,24,8,0
Santa Cruz,Coronado 5,State Senate,21,REP,"KENNEDY, DAMIEN",16,13,3,0
Santa Cruz,Coronado 5,State Senate,21,REP,"MCEWEN, DEBORAH",15,13,2,0
Santa Cruz,Coronado 5,Corporation Commissioner,,DEM,"KENNEDY, SANDRA",47,40,7,0
Santa Cruz,Coronado 5,Corporation Commissioner,,DEM,"KUBY, LAUREN",35,29,6,0
Santa Cruz,Coronado 5,Corporation Commissioner,,REP,"MYERS, NICHOLAS ""NICK""",18,14,4,0
Santa Cruz,Coronado 5,Corporation Commissioner,,REP,"THOMPSON, KEVIN",12,10,2,0
Santa Cruz,Coronado 5,U.S. House,7,DEM,"GRIJALVA, RAUL",0,0,0,0
Santa Cruz,Coronado 5,State Senate,21,DEM,"GABALDON, ROSANNA",2,2,0,0
Santa Cruz,Coronado 5,State Treasurer,,DEM,"QUEZADA, MART√çN",2,2,0,0
Santa Cruz,Elgin 6,Registered Voters,,,,593,,,
Santa Cruz,Elgin 6,Ballots Cast,,,,503,319,184,0
Santa Cruz,Elgin 6,U.S. Senate,,DEM,"KELLY, MARK",202,176,26,0
Santa Cruz,Elgin 6,U.S. Senate,,REP,"MASTERS, BLAKE",289,133,156,0
Santa Cruz,Elgin 6,U.S. Senate,,LIB,"VICTOR, MARC J.",11,9,2,0
Santa Cruz,Elgin 6,U.S. House,,DEM,"GRIJALVA, RAUL",190,164,26,0
Santa Cruz,Elgin 6,U.S. House,,REP,"POZZOLO, LUIS",307,150,157,0
Santa Cruz,Elgin 6,Governor,,DEM,"HOBBS, KATIE",199,170,29,0
Santa Cruz,Elgin 6,Governor,,REP,"LAKE, KARI",301,146,155,0
Santa Cruz,Elgin 6,Governor,,,Write-ins,2,2,0,0
Santa Cruz,Elgin 6,State Senate,19,REP,"GOWAN, DAVID",344,183,161,0
Santa Cruz,Elgin 6,State Senate,19,,Write-ins,16,13,3,0
Santa Cruz,Elgin 6,State House,19,DEM,"CLARK, SANDA",183,158,25,0
Santa Cruz,Elgin 6,State House,19,REP,"DIAZ, LUPE",254,133,121,0
Santa Cruz,Elgin 6,State House,19,REP,"GRIFFIN, GAIL",280,143,137,0
Santa Cruz,Elgin 6,State House,19,,Write-ins,4,3,1,0
Santa Cruz,Elgin 6,Secretary of State,,DEM,"FONTES, ADRIAN",208,178,30,0
Santa Cruz,Elgin 6,Secretary of State,,REP,"FINCHEM, MARK",285,132,153,0
Santa Cruz,Elgin 6,Secretary of State,,,Write-ins,1,0,1,0
Santa Cruz,Elgin 6,Attorney General,,DEM,"MAYES, KRIS",194,169,25,0
Santa Cruz,Elgin 6,Attorney General,,REP,"HAMADEH, ABRAHAM ""ABE""",300,141,159,0
Santa Cruz,Elgin 6,Attorney General,,,Write-ins,1,1,0,0
Santa Cruz,Elgin 6,State Treasurer,,DEM,"QUEZADA, MART√çN",169,147,22,0
Santa Cruz,Elgin 6,State Treasurer,,REP,"YEE, KIMBERLY",323,163,160,0
Santa Cruz,Elgin 6,Superintendent of Public Instruction,,DEM,"HOFFMAN, KATHY",194,165,29,0
Santa Cruz,Elgin 6,Superintendent of Public Instruction,,REP,"HORNE, TOM",300,146,154,0
Santa Cruz,Elgin 6,Superintendent of Public Instruction,,,Write-ins,1,1,0,0
Santa Cruz,Elgin 6,State Mine Inspector,,REP,"MARSH, PAUL",361,193,168,0
Santa Cruz,Elgin 6,State Mine Inspector,,,Write-ins,8,6,2,0
Santa Cruz,Elgin 6,State Mine Inspector,,Write In DEM,"DI GENOVA, TRISTA",1,1,0,0
Santa Cruz,Elgin 6,Corporation Commissioner,,DEM,"KENNEDY, SANDRA",171,148,23,0
Santa Cruz,Elgin 6,Corporation Commissioner,,DEM,"KUBY, LAUREN",169,147,22,0
Santa Cruz,Elgin 6,Corporation Commissioner,,REP,"MYERS, NICHOLAS ""NICK""",269,129,140,0
Santa Cruz,Elgin 6,Corporation Commissioner,,REP,"THOMPSON, KEVIN",271,133,138,0
Santa Cruz,Elgin 6,Corporation Commissioner,,,Write-ins,1,1,0,0
Santa Cruz,Rio Rico 7,Registered Voters,,,,3877,,,
Santa Cruz,Rio Rico 7,Ballots Cast,,,,1966,,429,5
Santa Cruz,Rio Rico 7,U.S. Senate,,DEM,"KELLY, MARK",1189,1003,182,4
Santa Cruz,Rio Rico 7,U.S. Senate,,REP,"MASTERS, BLAKE",718,484,233,1
Santa Cruz,Rio Rico 7,U.S. Senate,,LIB,"VICTOR, MARC J.",43,33,10,0
Santa Cruz,Rio Rico 7,U.S. Senate,,,Write-ins,1,1,0,0
Santa Cruz,Rio Rico 7,U.S. House,7,DEM,"GRIJALVA, RAUL",1079,910,166,3
Santa Cruz,Rio Rico 7,U.S. House,7,REP,"POZZOLO, LUIS",859,600,257,2
Santa Cruz,Rio Rico 7,U.S. House,7,,Write-ins,2,1,1,0
Santa Cruz,Rio Rico 7,Governor,,DEM,"HOBBS, KATIE",1156,973,179,4
Santa Cruz,Rio Rico 7,Governor,,REP,"LAKE, KARI",782,537,244,1
Santa Cruz,Rio Rico 7,Governor,,,Write-ins,6,6,0,0
Santa Cruz,Rio Rico 7,State Senate,21,DEM,"GABALDON, ROSANNA",1146,955,187,4
Santa Cruz,Rio Rico 7,State Senate,21,REP,"CLEVELAND, JIM",782,549,232,1
Santa Cruz,Rio Rico 7,State Senate,21,,Write-ins,2,1,1,0
Santa Cruz,Rio Rico 7,State House,21,DEM,"HERNANDEZ, CONSUELO",1027,868,155,4
Santa Cruz,Rio Rico 7,State House,21,DEM,"STAHL HAMILTON, STEPHANIE",896,767,128,1
Santa Cruz,Rio Rico 7,State House,21,REP,"KENNEDY, DAMIEN",682,482,199,1
Santa Cruz,Rio Rico 7,State House,21,REP,"MCEWEN, DEBORAH",708,502,206,0
Santa Cruz,Rio Rico 7,State House,21,,Write-ins,3,0,3,0
Santa Cruz,Rio Rico 7,Secretary of State,,DEM,"FONTES, ADRIAN",1210,1018,188,4
Santa Cruz,Rio Rico 7,Secretary of State,,REP,"FINCHEM, MARK",733,497,235,1
Santa Cruz,Rio Rico 7,Attorney General,,DEM,"MAYES, KRIS",1150,963,183,4
Santa Cruz,Rio Rico 7,Attorney General,,REP,"HAMADEH, ABRAHAM ""ABE""",788,548,239,1
Santa Cruz,Rio Rico 7,State Treasurer,,DEM,"QUEZADA, MART√çN",1092,914,174,4
Santa Cruz,Rio Rico 7,State Treasurer,,REP,"YEE, KIMBERLY",843,592,250,1
Santa Cruz,Rio Rico 7,Superintendent of Public Instruction,,DEM,"HOFFMAN, KATHY",1131,949,178,4
Santa Cruz,Rio Rico 7,Superintendent of Public Instruction,,REP,"HORNE, TOM",772,527,244,1
Santa Cruz,Rio Rico 7,State Mine Inspector,,REP,"MARSH, PAUL",1328,988,336,4
Santa Cruz,Rio Rico 7,State Mine Inspector,,Write In DEM,"DI GENOVA, TRISTA",31,27,4,0
Santa Cruz,Rio Rico 7,State Mine Inspector,,,Write-ins,59,51,8,0
Santa Cruz,Rio Rico 7,Corporation Commissioner,,DEM,"KENNEDY, SANDRA",1081,905,173,3
Santa Cruz,Rio Rico 7,Corporation Commissioner,,DEM,"KUBY, LAUREN",894,775,116,3
Santa Cruz,Rio Rico 7,Corporation Commissioner,,REP,"MYERS, NICHOLAS ""NICK""",732,517,214,1
Santa Cruz,Rio Rico 7,Corporation Commissioner,,REP,"THOMPSON, KEVIN",683,483,200,0
Santa Cruz,Rio Rico 7,Attorney General,,,Write-ins,2,1,1,0
Santa Cruz,Rio Rico 7,State Treasurer,,,Write-ins,1,1,0,0
Santa Cruz,Rio Rico 7,Superintendent of Public Instruction,,,Write-ins,1,1,0,0
Santa Cruz,Nogales 8,Registered Voters,,,,2127,,,
Santa Cruz,Nogales 8,Ballots Cast,,,,824,649,172,3
Santa Cruz,Nogales 8,U.S. Senate,,DEM,"KELLY, MARK",661,547,112,2
Santa Cruz,Nogales 8,U.S. Senate,,REP,"MASTERS, BLAKE",137,90,46,1
Santa Cruz,Nogales 8,U.S. Senate,,LIB,"VICTOR, MARC J.",15,8,7,0
Santa Cruz,Nogales 8,U.S. House,7,DEM,"GRIJALVA, RAUL",582,475,105,2
Santa Cruz,Nogales 8,U.S. House,7,REP,"POZZOLO, LUIS",226,166,59,1
Santa Cruz,Nogales 8,U.S. House,7,,Write-ins,1,1,0,0
Santa Cruz,Nogales 8,Governor,,DEM,"HOBBS, KATIE",639,522,115,2
Santa Cruz,Nogales 8,Governor,,REP,"LAKE, KARI",166,117,48,1
Santa Cruz,Nogales 8,Governor,,,Write-ins,2,1,1,0
Santa Cruz,Nogales 8,State Senate,21,DEM,"GABALDON, ROSANNA",671,548,121,2
Santa Cruz,Nogales 8,State Senate,21,REP,"CLEVELAND, JIM",138,92,45,1
Santa Cruz,Nogales 8,State Senate,21,,Write-ins,2,2,0,0
Santa Cruz,Nogales 8,State House,21,DEM,"HERNANDEZ, CONSUELO",598,484,112,2
Santa Cruz,Nogales 8,State House,21,DEM,"STAHL HAMILTON, STEPHANIE",460,383,75,2
Santa Cruz,Nogales 8,State House,21,REP,"KENNEDY, DAMIEN",142,100,42,0
Santa Cruz,Nogales 8,State House,21,REP,"MCEWEN, DEBORAH",136,93,42,1
Santa Cruz,Nogales 8,Secretary of State,,DEM,"FONTES, ADRIAN",663,548,113,2
Santa Cruz,Nogales 8,Secretary of State,,REP,"FINCHEM, MARK",144,91,52,1
Santa Cruz,Nogales 8,Secretary of State,,,Write-ins,1,1,0,0
Santa Cruz,Nogales 8,Attorney General,,DEM,"MAYES, KRIS",636,521,113,2
Santa Cruz,Nogales 8,Attorney General,,REP,"HAMADEH, ABRAHAM ""ABE""",163,111,51,1
Santa Cruz,Nogales 8,State Treasurer,,DEM,"QUEZADA, MART√çN",631,517,112,2
Santa Cruz,Nogales 8,State Treasurer,,REP,"YEE, KIMBERLY",167,113,53,1
Santa Cruz,Nogales 8,State Treasurer,,,Write-ins,2,2,0,0
Santa Cruz,Nogales 8,Superintendent of Public Instruction,,DEM,"HOFFMAN, KATHY",617,500,115,2
Santa Cruz,Nogales 8,Superintendent of Public Instruction,,REP,"HORNE, TOM",173,122,50,1
Santa Cruz,Nogales 8,Superintendent of Public Instruction,,,Write-ins,1,1,0,0
Santa Cruz,Nogales 8,State Mine Inspector,,REP,"MARSH, PAUL",508,406,100,2
Santa Cruz,Nogales 8,State Mine Inspector,,,Write-ins,15,8,7,0
Santa Cruz,Nogales 8,State Mine Inspector,,Write In DEM,"DI GENOVA, TRISTA",9,6,3,0
Santa Cruz,Nogales 8,Corporation Commissioner,,DEM,"KENNEDY, SANDRA",583,484,97,2
Santa Cruz,Nogales 8,Corporation Commissioner,,DEM,"KUBY, LAUREN",498,409,87,2
Santa Cruz,Nogales 8,Corporation Commissioner,,REP,"MYERS, NICHOLAS ""NICK""",131,92,39,0
Santa Cruz,Nogales 8,Corporation Commissioner,,REP,"THOMPSON, KEVIN",141,98,42,1
Santa Cruz,Nogales 8,Corporation Commissioner,,,Write-ins,1,0,1,0
Santa Cruz,Nogales 9,Registered Voters,,,,342,,,
Santa Cruz,Nogales 9,Ballots Cast,,,,165,126,39,0
Santa Cruz,Nogales 9,U.S. Senate,,DEM,"KELLY, MARK",111,92,19,0
Santa Cruz,Nogales 9,U.S. Senate,,REP,"MASTERS, BLAKE",47,30,17,0
Santa Cruz,Nogales 9,U.S. Senate,,LIB,"VICTOR, MARC J.",4,3,1,0
Santa Cruz,Nogales 9,U.S. Senate,,,Write-ins,2,1,1,0
Santa Cruz,Nogales 9,U.S. House,7,DEM,"GRIJALVA, RAUL",96,76,20,0
Santa Cruz,Nogales 9,U.S. House,7,REP,"POZZOLO, LUIS",66,49,17,0
Santa Cruz,Nogales 9,U.S. House,7,,Write-ins,1,0,1,0
Santa Cruz,Nogales 9,Governor,,DEM,"HOBBS, KATIE",104,87,17,0
Santa Cruz,Nogales 9,Governor,,REP,"LAKE, KARI",59,39,20,0
Santa Cruz,Nogales 9,Governor,,,Write-ins,2,0,2,0
Santa Cruz,Nogales 9,State Senate,21,DEM,"GABALDON, ROSANNA",111,90,21,0
Santa Cruz,Nogales 9,State Senate,21,REP,"CLEVELAND, JIM",52,35,17,0
Santa Cruz,Nogales 9,State Senate,21,,Write-ins,1,0,1,0
Santa Cruz,Nogales 9,State House,21,DEM,"HERNANDEZ, CONSUELO",95,80,15,0
Santa Cruz,Nogales 9,State House,21,DEM,"STAHL HAMILTON, STEPHANIE",87,72,15,0
Santa Cruz,Nogales 9,State House,21,REP,"KENNEDY, DAMIEN",56,40,16,0
Santa Cruz,Nogales 9,State House,21,REP,"MCEWEN, DEBORAH",53,36,17,0
Santa Cruz,Nogales 9,State House,21,,Write-ins,2,0,2,0
Santa Cruz,Nogales 9,Secretary of State,,DEM,"FONTES, ADRIAN",119,93,26,0
Santa Cruz,Nogales 9,Secretary of State,,REP,"FINCHEM, MARK",44,33,11,0
Santa Cruz,Nogales 9,Secretary of State,,,Write-ins,1,0,1,0
Santa Cruz,Nogales 9,Attorney General,,DEM,"MAYES, KRIS",102,84,18,0
Santa Cruz,Nogales 9,Attorney General,,REP,"HAMADEH, ABRAHAM ""ABE""",58,40,18,0
Santa Cruz,Nogales 9,Attorney General,,,Write-ins,1,0,1,0
Santa Cruz,Nogales 9,State Treasurer,,DEM,"QUEZADA, MART√çN",96,78,18,0
Santa Cruz,Nogales 9,State Treasurer,,REP,"YEE, KIMBERLY",65,47,18,0
Santa Cruz,Nogales 9,State Treasurer,,,Write-ins,1,0,1,0
Santa Cruz,Nogales 9,Superintendent of Public Instruction,,DEM,"HOFFMAN, KATHY 99",99,81,18,0
Santa Cruz,Nogales 9,Superintendent of Public Instruction,,REP,"HORNE, TOM 59",59,41,18,0
Santa Cruz,Nogales 9,Superintendent of Public Instruction,,,Write-ins,1,0,1,0
Santa Cruz,Nogales 9,State Mine Inspector,,REP,"MARSH, PAUL",111,85,26,0
Santa Cruz,Nogales 9,State Mine Inspector,,,Write-ins,2,1,1,0
Santa Cruz,Nogales 9,State Mine Inspector,,Write In DEM,"DI GENOVA, TRISTA",3,2,1,0
Santa Cruz,Nogales 9,Corporation Commissioner,,DEM,"KENNEDY, SANDRA",98,82,16,0
Santa Cruz,Nogales 9,Corporation Commissioner,,DEM,"KUBY, LAUREN",75,61,14,0
Santa Cruz,Nogales 9,Corporation Commissioner,,REP,"MYERS, NICHOLAS ""NICK""",60,44,16,0
Santa Cruz,Nogales 9,Corporation Commissioner,,REP,"THOMPSON, KEVIN",55,37,18,0
Santa Cruz,Nogales 9,Corporation Commissioner,,,Write-ins,2,0,2,0
Santa Cruz,Nogales 10,Registered Voters,,,,1109,,,
Santa Cruz,Nogales 10,Ballots Cast,,,,390,304,80,6
Santa Cruz,Nogales 10,U.S. Senate,,DEM,"KELLY, MARK",300,243,53,4
Santa Cruz,Nogales 10,U.S. Senate,,REP,"MASTERS, BLAKE",71,46,23,2
Santa Cruz,Nogales 10,U.S. Senate,,LIB,"VICTOR, MARC J.",12,8,4,0
Santa Cruz,Nogales 10,U.S. Senate,,,Write-ins,2,2,0,0
Santa Cruz,Nogales 10,U.S. House,7,DEM,"GRIJALVA, RAUL",276,220,52,4
Santa Cruz,Nogales 10,U.S. House,7,REP,"POZZOLO, LUIS",109,79,28,2
Santa Cruz,Nogales 10,U.S. House,7,,Write-ins,1,1,0,0
Santa Cruz,Nogales 10,Governor,,DEM,"HOBBS, KATIE",287,231,51,5
Santa Cruz,Nogales 10,Governor,,REP,"LAKE, KARI",91,65,25,1
Santa Cruz,Nogales 10,Governor,,,Write-ins,2,0,2,0
Santa Cruz,Nogales 10,State Senate,21,DEM,"GABALDON, ROSANNA",299,241,54,4
Santa Cruz,Nogales 10,State Senate,21,REP,"CLEVELAND, JIM",78,51,25,2
Santa Cruz,Nogales 10,State Senate,21,,Write-ins,3,3,0,0
Santa Cruz,Nogales 10,State House,21,DEM,"HERNANDEZ, CONSUELO",273,219,50,4
Santa Cruz,Nogales 10,State House,21,DEM,"STAHL HAMILTON, STEPHANIE",196,167,27,2
Santa Cruz,Nogales 10,State House,21,REP,"KENNEDY, DAMIEN",84,56,26,2
Santa Cruz,Nogales 10,State House,21,REP,"MCEWEN, DEBORAH",74,49,24,1
Santa Cruz,Nogales 10,State House,21,,Write-ins,3,3,0,0
Santa Cruz,Nogales 10,Secretary of State,,DEM,"FONTES, ADRIAN",308,247,56,5
Santa Cruz,Nogales 10,Secretary of State,,REP,"FINCHEM, MARK",73,48,24,1
Santa Cruz,Nogales 10,Secretary of State,,,Write-ins,3,3,0,0
Santa Cruz,Nogales 10,Attorney General,,DEM,"MAYES, KRIS",290,234,51,5
Santa Cruz,Nogales 10,Attorney General,,REP,"HAMADEH, ABRAHAM ""ABE""",87,58,28,1
Santa Cruz,Nogales 10,State Treasurer,,DEM,"QUEZADA, MARTIN",283,226,53,4
Santa Cruz,Nogales 10,State Treasurer,,REP,"YEE, KIMBERLY",91,65,24,2
Santa Cruz,Nogales 10,Superintendent of Public Instruction,,DEM,"HOFFMAN, KATHY",284,230,50,4
Santa Cruz,Nogales 10,Superintendent of Public Instruction,,REP,"HORNE, TOM",90,61,27,2
Santa Cruz,Nogales 10,Superintendent of Public Instruction,,,Write-ins,4,3,1,0
Santa Cruz,Nogales 10,State Mine Inspector,,REP,"MARSH, PAUL",242,185,54,3
Santa Cruz,Nogales 10,State Mine Inspector,,,Write-ins,8,5,3,0
Santa Cruz,Nogales 10,State Mine Inspector,,Write In DEM,"DI GENOVA, TRISTA",1,0,1,0
Santa Cruz,Nogales 10,Corporation Commissioner,,DEM,"KENNEDY, SANDRA",250,205,42,3
Santa Cruz,Nogales 10,Corporation Commissioner,,DEM,"KUBY, LAUREN",211,171,37,3
Santa Cruz,Nogales 10,Corporation Commissioner,,REP,"MYERS, NICHOLAS ""NICK""",76,51,24,1
Santa Cruz,Nogales 10,Corporation Commissioner,,REP,"THOMPSON, KEVIN",89,59,28,2
Santa Cruz,Nogales 10,Corporation Commissioner,,,Write-ins,3,3,0,0
Santa Cruz,Tubac 11,Registered Voters,,,,1958,,,
Santa Cruz,Tubac 11,Ballots Cast,,,,1503,1234,260,9
Santa Cruz,Tubac 11,U.S. Senate,,DEM,"KELLY, MARK",971,863,104,4
Santa Cruz,Tubac 11,U.S. Senate,,REP,"MASTERS, BLAKE",515,356,154,5
Santa Cruz,Tubac 11,U.S. Senate,,LIB,"VICTOR, MARC J.",12,12,0,0
Santa Cruz,Tubac 11,U.S. Senate,,,Write-ins,1,0,1,0
Santa Cruz,Tubac 11,U.S. House,7,DEM,"GRIJALVA, RAUL",869,772,93,4
Santa Cruz,Tubac 11,U.S. House,7,REP,"POZZOLO, LUIS",583,415,163,5
Santa Cruz,Tubac 11,U.S. House,7,,Write-ins,1,1,0,0
Santa Cruz,Tubac 11,Governor,,DEM,"HOBBS, KATIE",945,841,100,4
Santa Cruz,Tubac 11,Governor,,REP,"LAKE, KARI",542,381,156,5
Santa Cruz,Tubac 11,Governor,,,Write-ins,1,1,0,0
Santa Cruz,Tubac 11,State Senate,21,DEM,"GABALDON, ROSANNA",920,819,97,4
Santa Cruz,Tubac 11,State Senate,21,REP,"CLEVELAND, JIM",550,387,159,4
Santa Cruz,Tubac 11,State House,21,DEM,"HERNANDEZ, CONSUELO",820,731,85,4
Santa Cruz,Tubac 11,State House,21,DEM,"STAHL HAMILTON, STEPHANIE",828,744,82,2
Santa Cruz,Tubac 11,State House,21,REP,"KENNEDY, DAMIEN",478,341,136,1
Santa Cruz,Tubac 11,State House,21,REP,"MCEWEN, DEBORAH",519,378,138,3
Santa Cruz,Tubac 11,State House,21,,Write-ins,1,1,0,0
Santa Cruz,Tubac 11,Secretary of State,,DEM,"FONTES, ADRIAN",968,853,111,4
Santa Cruz,Tubac 11,Secretary of State,,REP,"FINCHEM, MARK",507,357,145,5
Santa Cruz,Tubac 11,Secretary of State,,,Write-ins,2,1,1,0
Santa Cruz,Tubac 11,Attorney General,,DEM,"MAYES, KRIS",929,830,96,3
Santa Cruz,Tubac 11,Attorney General,,REP,"HAMADEH, ABRAHAM ""ABE""",548,386,156,6
Santa Cruz,Tubac 11,Attorney General,,,Write-ins,4,2,2,0
Santa Cruz,Tubac 11,State Treasurer,,DEM,"QUEZADA, MART√çN",845,755,87,3
Santa Cruz,Tubac 11,State Treasurer,,REP,"YEE, KIMBERLY",614,445,163,6
Santa Cruz,Tubac 11,Superintendent of Public Instruction,,DEM,"HOFFMAN, KATHY",861,761,96,4
Santa Cruz,Tubac 11,Superintendent of Public Instruction,,REP,"HORNE, TOM",525,370,151,4
Santa Cruz,Tubac 11,Superintendent of Public Instruction,,,Write-ins,1,1,0,0
Santa Cruz,Tubac 11,State Mine Inspector,,REP,"MARSH, PAUL",920,711,203,6
Santa Cruz,Tubac 11,State Mine Inspector,,,Write-ins,30,28,2,0
Santa Cruz,Tubac 11,State Mine Inspector,,Write In DEM,"DI GENOVA, TRISTA",16,12,4,0
Santa Cruz,Tubac 11,Corporation Commissioner,,DEM,"KENNEDY, SANDRA",872,781,89,2
Santa Cruz,Tubac 11,Corporation Commissioner,,DEM,"KUBY, LAUREN",794,718,73,3
Santa Cruz,Tubac 11,Corporation Commissioner,,REP,"MYERS, NICHOLAS ""NICK""",509,362,145,2
Santa Cruz,Tubac 11,Corporation Commissioner,,REP,"THOMPSON, KEVIN",507,364,139,4
Santa Cruz,Tubac 11,Corporation Commissioner,,,Write-ins,2,2,0,0
Santa Cruz,Tubac 11,U.S. House,7,DEM,"GRIJALVA, RAUL 32",32,31,1,0
Santa Cruz,Tubac 11,Superintendent of Public Instruction,,DEM,"HOFFMAN, KATHY 30",30,30,0,0
Santa Cruz,Tubac 11,Superintendent of Public Instruction,,REP,"HORNE, TOM 18",18,10,7,1
Santa Cruz,Nogales 12,Registered Voters,,,,674,,,
Santa Cruz,Nogales 12,Ballots Cast,,,,225,167,55,3
Santa Cruz,Nogales 12,U.S. Senate,,"DEM ","KELLY, MARK",172,131,39,2
Santa Cruz,Nogales 12,U.S. Senate,,"REP ","MASTERS, BLAKE",47,34,12,1
Santa Cruz,Nogales 12,U.S. Senate,,"LIB ","VICTOR, MARC J.",3,2,1,0
Santa Cruz,Nogales 12,U.S. House,7,"DEM ","GRIJALVA, RA√öL 160",160,122,36,2
Santa Cruz,Nogales 12,U.S. House,7,"REP ","POZZOLO, LUIS",60,43,16,1
Santa Cruz,Nogales 12,Governor,,"DEM ","HOBBS, KATIE",167,126,39,2
Santa Cruz,Nogales 12,Governor,,"REP ","LAKE, KARI",54,39,14,1
Santa Cruz,Nogales 12,State Senate,21,"DEM ","GABALD√ìN, ROSANNA",165,126,38,1
Santa Cruz,Nogales 12,State Senate,21,"REP ","CLEVELAND, JIM",51,36,13,2
Santa Cruz,Nogales 12,State House,21,"DEM ","HERNANDEZ, CONSUELO",159,121,36,2
Santa Cruz,Nogales 12,State House,21,"DEM ","STAHL HAMILTON, STEPHANIE",139,106,32,1
Santa Cruz,Nogales 12,State House,21,"REP ","KENNEDY, DAMIEN",43,32,11,0
Santa Cruz,Nogales 12,State House,21,"REP ","MCEWEN, DEBORAH",50,35,14,1
Santa Cruz,Nogales 12,Secretary of State,,"DEM ","FONTES, ADRIAN",171,130,39,2
Santa Cruz,Nogales 12,Secretary of State,,"REP ","FINCHEM, MARK",48,34,13,1
Santa Cruz,Nogales 12,Attorney General,,"DEM ","MAYES, KRIS",163,124,38,1
Santa Cruz,Nogales 12,Attorney General,,"REP ","HAMADEH, ABRAHAM ""ABE""",55,39,14,2
Santa Cruz,Nogales 12,State Treasurer,,"DEM ","QUEZADA, MART√çN",166,126,38,2
Santa Cruz,Nogales 12,State Treasurer,,"REP ","YEE, KIMBERLY",52,38,14,0
Santa Cruz,Nogales 12,Superintendent of Public Instruction,,"DEM ","HOFFMAN, KATHY",163,125,37,1
Santa Cruz,Nogales 12,Superintendent of Public Instruction,,"REP ","HORNE, TOM",51,34,15,2
Santa Cruz,Nogales 12,State Mine Inspector,,"REP ","MARSH, PAUL",120,86,31,3
Santa Cruz,Nogales 12,State Mine Inspector,,,Write-ins,11,8,3,0
Santa Cruz,Nogales 12,State Mine Inspector,,Write In DEM,"DI GENOVA, TRISTA",1,1,0,0
Santa Cruz,Nogales 12,Corporation Commissioner,,"DEM ","KENNEDY, SANDRA",153,122,31,0
Santa Cruz,Nogales 12,Corporation Commissioner,,"DEM ","KUBY, LAUREN",140,107,33,0
Santa Cruz,Nogales 12,Corporation Commissioner,,"REP ","MYERS, NICHOLAS ""NICK""",54,38,14,2
Santa Cruz,Nogales 12,Corporation Commissioner,,"REP ","THOMPSON, KEVIN",47,33,13,1
Santa Cruz,Santa Cruz 13,U.S. Senate,,"DEM ","KELLY, MARK",139,110,29,0
Santa Cruz,Santa Cruz 13,U.S. Senate,,"REP ","MASTERS, BLAKE",66,24,41,1
Santa Cruz,Santa Cruz 13,U.S. House,7,"DEM ","GRIJALVA, RAUL",123,99,24,0
Santa Cruz,Santa Cruz 13,U.S. House,7,"REP ","POZZOLO, LUIS",84,36,48,0
Santa Cruz,Santa Cruz 13,Governor,,"DEM ","HOBBS, KATIE",132,103,29,0
Santa Cruz,Santa Cruz 13,Governor,,"REP ","LAKE, KARI",75,33,42,0
Santa Cruz,Santa Cruz 13,State Senate,21,"DEM ","GABALDON, ROSANNA",136,107,29,0
Santa Cruz,Santa Cruz 13,State Senate,21,"REP ","CLEVELAND, JIM",70,28,41,1
Santa Cruz,Santa Cruz 13,State House,21,"DEM ","HERNANDEZ, CONSUELO",119,94,25,0
Santa Cruz,Santa Cruz 13,State House,21,"DEM ","STAHL HAMILTON, STEPHANIE",102,81,21,0
Santa Cruz,Santa Cruz 13,State House,21,"REP ","KENNEDY, DAMIEN",65,27,38,0
Santa Cruz,Santa Cruz 13,Secretary of State,,"DEM ","FONTES, ADRIAN",151,116,35,0
Santa Cruz,Santa Cruz 13,Secretary of State,,"REP ","FINCHEM, MARK",57,21,36,0
Santa Cruz,Santa Cruz 13,Attorney General,,"DEM ","MAYES, KRIS",139,109,30,0
Santa Cruz,Santa Cruz 13,Attorney General,,"REP ","HAMADEH, ABRAHAM ""ABE""",71,29,41,1
Santa Cruz,Santa Cruz 13,State Treasurer,,"DEM ","QUEZADA, MART√çN",124,102,22,0
Santa Cruz,Santa Cruz 13,State Treasurer,,"REP ","YEE, KIMBERLY",79,33,45,1
Santa Cruz,Santa Cruz 13,Superintendent of Public Instruction,,"DEM ","HOFFMAN, KATHY",5,5,0,0
Santa Cruz,Santa Cruz 13,Superintendent of Public Instruction,,"REP ","HORNE, TOM",1,1,0,0
Santa Cruz,Santa Cruz 13,State Mine Inspector,,"REP ","MARSH, PAUL",138,81,57,0
Santa Cruz,Santa Cruz 13,Corporation Commissioner,,"DEM ","KENNEDY, SANDRA",129,106,23,0
Santa Cruz,Santa Cruz 13,Corporation Commissioner,,"DEM ","KUBY, LAUREN",102,81,21,0
Santa Cruz,Santa Cruz 13,Corporation Commissioner,,"REP ","MYERS, NICHOLAS ""NICK""",69,28,40,1
Santa Cruz,Santa Cruz 13,Corporation Commissioner,,"REP ","THOMPSON, KEVIN",56,24,32,0
Santa Cruz,Santa Cruz 13,Registered Voters,,,,400,,,
Santa Cruz,Santa Cruz 13,Ballots Cast,,,,207,134,72,1
Santa Cruz,Santa Cruz 13,U.S. Senate,,LIB,"VICTOR, MARC J.",6,4,2,0
Santa Cruz,Santa Cruz 13,Governor,,,Write-ins,1,1,0,0
Santa Cruz,Santa Cruz 13,State Senate,21,,Write-ins,1,0,1,0
Santa Cruz,Santa Cruz 13,State House,21,REP,"MCEWEN, DEBORAH",63,26,37,0
Santa Cruz,Santa Cruz 13,State House,21,,Write-ins,1,0,1,0
Santa Cruz,Santa Cruz 13,Superintendent of Public Instruction,,DEM,"HOFFMAN, KATHY 125",125,96,29,0
Santa Cruz,Santa Cruz 13,Superintendent of Public Instruction,,REP,"HORNE, TOM 73",73,32,40,1
Santa Cruz,Santa Cruz 13,State Mine Inspector,,,Write-ins,6,6,0,0
Santa Cruz,Santa Cruz 13,State Mine Inspector,,Write In DEM,"DI GENOVA, TRISTA",1,0,1,0
Santa Cruz,Santa Cruz 13,Corporation Commissioner,,,Write-ins,1,0,1,0
Santa Cruz,Lake Patagonia 24,Registered Voters,,,,130,,,
Santa Cruz,Lake Patagonia 24,Ballots Cast,,,,109,89,20,0
Santa Cruz,Lake Patagonia 24,U.S. Senate,,DEM,"KELLY, MARK",66,63,3,0
Santa Cruz,Lake Patagonia 24,U.S. Senate,,REP,"MASTERS, BLAKE",41,24,17,0
Santa Cruz,Lake Patagonia 24,U.S. House,7,DEM,"GRIJALVA, RA√öL",66,63,3,0
Santa Cruz,Lake Patagonia 24,U.S. House,7,REP,"POZZOLO, LUIS",43,26,17,0
Santa Cruz,Lake Patagonia 24,Governor,,DEM,"HOBBS, KATIE",65,62,3,0
Santa Cruz,Lake Patagonia 24,Governor,,REP,"LAKE, KARI",42,25,17,0
Santa Cruz,Lake Patagonia 24,State Senate,21,DEM,"GABALD√ìN, ROSANNA",66,63,3,0
Santa Cruz,Lake Patagonia 24,State Senate,21,REP,"CLEVELAND, JIM",41,25,16,0
Santa Cruz,Lake Patagonia 24,State House,21,DEM,"HERNANDEZ, CONSUELO",60,57,3,0
Santa Cruz,Lake Patagonia 24,State House,21,DEM,"STAHL HAMILTON, STEPHANIE",59,56,3,0
Santa Cruz,Lake Patagonia 24,State House,21,REP,"KENNEDY, DAMIEN",41,25,16,0
Santa Cruz,Lake Patagonia 24,State House,21,REP,"MCEWEN, DEBORAH",34,21,13,0
Santa Cruz,Lake Patagonia 24,Secretary of State,,DEM,"FONTES, ADRIAN",67,64,3,0
Santa Cruz,Lake Patagonia 24,Secretary of State,,REP,"FINCHEM, MARK",41,24,17,0
Santa Cruz,Lake Patagonia 24,Attorney General,,DEM,"MAYES, KRIS",66,63,3,0
Santa Cruz,Lake Patagonia 24,Attorney General,,REP,"HAMADEH, ABRAHAM ""ABE""",41,25,16,0
Santa Cruz,Lake Patagonia 24,State Treasurer,,DEM,"QUEZADA, MART√çN",62,59,3,0
Santa Cruz,Lake Patagonia 24,State Treasurer,,REP,"YEE, KIMBERLY",46,29,17,0
Santa Cruz,Lake Patagonia 24,Superintendent of Public Instruction,,DEM,"HOFFMAN, KATHY",66,63,3,0
Santa Cruz,Lake Patagonia 24,Superintendent of Public Instruction,,REP,"HORNE, TOM",39,23,16,0
Santa Cruz,Lake Patagonia 24,State Mine Inspector,,REP,"MARSH, PAUL",60,42,18,0
Santa Cruz,Lake Patagonia 24,Corporation Commissioner,,DEM,"KENNEDY, SANDRA",67,63,4,0
Santa Cruz,Lake Patagonia 24,Corporation Commissioner,,DEM,"KUBY, LAUREN",61,58,3,0
Santa Cruz,Lake Patagonia 24,Corporation Commissioner,,REP,"MYERS, NICHOLAS ""NICK""",37,22,15,0
Santa Cruz,Lake Patagonia 24,Corporation Commissioner,,REP,"THOMPSON, KEVIN",39,26,13,0
Santa Cruz,Lake Patagonia 24,U.S. Senate,,LIB,"VICTOR, MARC J.",2,2,0,0
Santa Cruz,Lake Patagonia 24,Governor,,,Write-ins,1,1,0,0
Santa Cruz,Lake Patagonia 24,Superintendent of Public Instruction,,,Write-ins,1,0,1,0
Santa Cruz,Lake Patagonia 24,State Mine Inspector,,Write In DEM,"DI GENOVA, TRISTA",4,4,0,0
Santa Cruz,Lake Patagonia 24,State Mine Inspector,,,Write-ins,3,3,0,0
Santa Cruz,Mountain 23,Registered Voters,,,,63,,,
Santa Cruz,Mountain 23,Ballots Cast,,,,49,42,7,0
Santa Cruz,Mountain 23,U.S. Senate,,DEM,"KELLY, MARK",22,22,0,0
Santa Cruz,Mountain 23,U.S. Senate,,REP,"MASTERS, BLAKE",25,18,7,0
Santa Cruz,Mountain 23,U.S. Senate,,LIB,"VICTOR, MARC J.",1,1,0,0
Santa Cruz,Mountain 23,U.S. House,,DEM,"GRIJALVA, RA√öL",17,17,0,0
Santa Cruz,Mountain 23,U.S. House,,REP,"POZZOLO, LUIS",28,21,7,0
Santa Cruz,Mountain 23,Governor,,DEM,"HOBBS, KATIE",23,23,0,0
Santa Cruz,Mountain 23,Governor,,REP,"LAKE, KARI",24,17,7,0
Santa Cruz,Mountain 23,State Senate,21,DEM,"GABALD√ìN, ROSANNA",19,19,0,0
Santa Cruz,Mountain 23,State Senate,21,REP,"CLEVELAND, JIM",29,22,7,0
Santa Cruz,Mountain 23,State House,21,DEM,"HERNANDEZ, CONSUELO",18,18,0,0
Santa Cruz,Mountain 23,State House,21,DEM,"STAHL HAMILTON, STEPHANIE",15,15,0,0
Santa Cruz,Mountain 23,State House,21,REP,"KENNEDY, DAMIEN",21,17,4,0
Santa Cruz,Mountain 23,State House,21,REP,"MCEWEN, DEBORAH",27,20,7,0
Santa Cruz,Mountain 23,Secretary of State,,DEM,"FONTES, ADRIAN",22,22,0,0
Santa Cruz,Mountain 23,Secretary of State,,REP,"FINCHEM, MARK",26,19,7,0
Santa Cruz,Mountain 23,Attorney General,,DEM,"MAYES, KRIS",22,21,1,0
Santa Cruz,Mountain 23,Attorney General,,REP,"HAMADEH, ABRAHAM ""ABE""",26,20,6,0
Santa Cruz,Mountain 23,State Treasurer,,DEM,"QUEZADA, MART√çN",18,18,0,0
Santa Cruz,Mountain 23,State Treasurer,,REP,"YEE, KIMBERLY",30,23,7,0
Santa Cruz,Mountain 23,Superintendent of Public Instruction,,DEM,"HOFFMAN, KATHY",21,20,1,0
Santa Cruz,Mountain 23,Superintendent of Public Instruction,,REP,"HORNE, TOM",27,21,6,0
Santa Cruz,Mountain 23,State Mine Inspector,,REP,"MARSH, PAUL",39,32,7,0
Santa Cruz,Mountain 23,Corporation Commissioner,,DEM,"KENNEDY, SANDRA",21,20,1,0
Santa Cruz,Mountain 23,Corporation Commissioner,,DEM,"KUBY, LAUREN",16,16,0,0
Santa Cruz,Mountain 23,Corporation Commissioner,,REP,"MYERS, NICHOLAS ""NICK""",25,20,5,0
Santa Cruz,Mountain 23,Corporation Commissioner,,REP,"THOMPSON, KEVIN",22,18,4,0
Santa Cruz,Potrero 22,Registered Voters,,,,553,,,
Santa Cruz,Potrero 22,Ballots Cast,,,,198,158,40,0
Santa Cruz,Potrero 22,U.S. Senate,,DEM,"KELLY, MARK",153,132,21,0
Santa Cruz,Potrero 22,U.S. Senate,,REP,"MASTERS, BLAKE",39,23,16,0
Santa Cruz,Potrero 22,U.S. Senate,,LIB,"VICTOR, MARC J.",3,2,1,0
Santa Cruz,Potrero 22,U.S. House,,DEM,"GRIJALVA, RA√öL",146,125,21,0
Santa Cruz,Potrero 22,U.S. House,,REP,"POZZOLO, LUIS",50,31,19,0
Santa Cruz,Potrero 22,U.S. House,,,Write-ins,1,1,0,0
Santa Cruz,Potrero 22,Governor,,DEM,"HOBBS, KATIE",148,128,20,0
Santa Cruz,Potrero 22,Governor,,REP,"LAKE, KARI",46,27,19,0
Santa Cruz,Potrero 22,State Senate,21,DEM,"GABALD√ìN, ROSANNA",155,133,22,0
Santa Cruz,Potrero 22,State Senate,21,REP,"CLEVELAND, JIM",40,25,15,0
Santa Cruz,Potrero 22,State House,21,DEM,"HERNANDEZ, CONSUELO",144,128,16,0
Santa Cruz,Potrero 22,State House,21,DEM,"STAHL HAMILTON, STEPHANIE",99,88,11,0
Santa Cruz,Potrero 22,State House,21,REP,"KENNEDY, DAMIEN",33,21,12,0
Santa Cruz,Potrero 22,State House,21,REP,"MCEWEN, DEBORAH",35,18,17,0
Santa Cruz,Potrero 22,Secretary of State,,DEM,"FONTES, ADRIAN",157,134,23,0
Santa Cruz,Potrero 22,Secretary of State,,REP,"FINCHEM, MARK",39,24,15,0
Santa Cruz,Potrero 22,Attorney General,,DEM,"MAYES, KRIS",150,130,20,0
Santa Cruz,Potrero 22,Attorney General,,REP,"HAMADEH, ABRAHAM ""ABE""",46,28,18,0
Santa Cruz,Potrero 22,State Treasurer,,DEM,"QUEZADA, MART√çN",149,129,20,0
Santa Cruz,Potrero 22,State Treasurer,,REP,"YEE, KIMBERLY",42,25,17,0
Santa Cruz,Potrero 22,Superintendent of Public Instruction,,DEM,"HOFFMAN, KATHY",140,119,21,0
Santa Cruz,Potrero 22,Superintendent of Public Instruction,,REP,"HORNE, TOM",49,32,17,0
Santa Cruz,Potrero 22,State Mine Inspector,,REP,"MARSH, PAUL",111,89,22,0
Santa Cruz,Potrero 22,State Mine Inspector,,,Write-ins,9,6,3,0
Santa Cruz,Potrero 22,State Mine Inspector,,Write In DEM,"DI GENOVA, TRISTA",2,2,0,0
Santa Cruz,Potrero 22,Corporation Commissioner,,DEM,"KENNEDY, SANDRA",134,118,16,0
Santa Cruz,Potrero 22,Corporation Commissioner,,DEM,"KUBY, LAUREN",110,97,13,0
Santa Cruz,Potrero 22,Corporation Commissioner,,REP,"MYERS, NICHOLAS ""NICK""",36,21,15,0
Santa Cruz,Potrero 22,Corporation Commissioner,,REP,"THOMPSON, KEVIN",38,25,13,0
Santa Cruz,Peck Canyon 21,Registered Voters,,,,2307,,,
Santa Cruz,Peck Canyon 21,Ballots Cast,,,,851,622,227,2
Santa Cruz,Peck Canyon 21,U.S. Senate,,DEM,"KELLY, MARK",607,461,145,1
Santa Cruz,Peck Canyon 21,U.S. Senate,,REP,"MASTERS, BLAKE",205,130,74,1
Santa Cruz,Peck Canyon 21,U.S. Senate,,LIB,"VICTOR, MARC J.",31,25,6,0
Santa Cruz,Peck Canyon 21,U.S. Senate,,,Write-ins,2,2,0,0
Santa Cruz,Peck Canyon 21,U.S. House,7,DEM,"GRIJALVA, RA√öL",545,415,129,1
Santa Cruz,Peck Canyon 21,U.S. House,7,REP,"POZZOLO, LUIS",297,201,95,1
Santa Cruz,Peck Canyon 21,Governor,,DEM,"HOBBS, KATIE",593,453,139,1
Santa Cruz,Peck Canyon 21,Governor,,REP,"LAKE, KARI",242,160,81,1
Santa Cruz,Peck Canyon 21,Governor,,,Write-ins,3,3,0,0
Santa Cruz,Peck Canyon 21,State Senate,21,DEM,"GABALD√ìN, ROSANNA",596,457,138,1
Santa Cruz,Peck Canyon 21,State Senate,21,REP,"CLEVELAND, JIM",231,149,81,1
Santa Cruz,Peck Canyon 21,State Senate,21,,Write-ins,5,5,0,0
Santa Cruz,Peck Canyon 21,State House,21,DEM,"HERNANDEZ, CONSUELO",534,405,128,1
Santa Cruz,Peck Canyon 21,State House,21,DEM,"STAHL HAMILTON, STEPHANIE",408,325,82,1
Santa Cruz,Peck Canyon 21,State House,21,REP,"KENNEDY, DAMIEN",197,134,62,1
Santa Cruz,Peck Canyon 21,State House,21,REP,"MCEWEN, DEBORAH",215,147,68,0
Santa Cruz,Peck Canyon 21,State House,21,,Write-ins,2,2,0,0
Santa Cruz,Peck Canyon 21,Secretary of State,,DEM,"FONTES, ADRIAN",624,475,148,1
Santa Cruz,Peck Canyon 21,Secretary of State,,REP,"FINCHEM, MARK",216,138,77,1
Santa Cruz,Peck Canyon 21,Secretary of State,,,Write-ins,1,1,0,0
Santa Cruz,Peck Canyon 21,Attorney General,,DEM,"MAYES, KRIS",595,452,142,1
Santa Cruz,Peck Canyon 21,Attorney General,,REP,"HAMADEH, ABRAHAM ""ABE""",236,155,80,1
Santa Cruz,Peck Canyon 21,State Treasurer,,DEM,"QUEZADA, MART√çN",575,433,141,1
Santa Cruz,Peck Canyon 21,State Treasurer,,REP,"YEE, KIMBERLY",252,171,80,1
Santa Cruz,Peck Canyon 21,State Treasurer,,,Write-ins,4,4,0,0
Santa Cruz,Peck Canyon 21,Superintendent of Public Instruction,,DEM,"HOFFMAN, KATHY",578,439,138,1
Santa Cruz,Peck Canyon 21,Superintendent of Public Instruction,,REP,"HORNE, TOM",246,161,84,1
Santa Cruz,Peck Canyon 21,Superintendent of Public Instruction,,,Write-ins,1,1,0,0
Santa Cruz,Peck Canyon 21,State Mine Inspector,,REP,"MARSH, PAUL",562,403,157,2
Santa Cruz,Peck Canyon 21,State Mine Inspector,,,Write-ins,19,12,7,0
Santa Cruz,Peck Canyon 21,State Mine Inspector,,Write In DEM,"DI GENOVA, TRISTA",9,6,3,0
Santa Cruz,Peck Canyon 21,Corporation Commissioner,,DEM,"KENNEDY, SANDRA",546,424,121,1
Santa Cruz,Peck Canyon 21,Corporation Commissioner,,DEM,"KUBY, LAUREN",412,323,88,1
Santa Cruz,Peck Canyon 21,Corporation Commissioner,,REP,"MYERS, NICHOLAS ""NICK""",224,149,75,0
Santa Cruz,Peck Canyon 21,Corporation Commissioner,,REP,"THOMPSON, KEVIN",201,139,61,1
Santa Cruz,Nogales 20,Registered Voters,,,,1210,,,
Santa Cruz,Nogales 20,Ballots Cast,,,,434,326,105,3
Santa Cruz,Nogales 20,U.S. Senate,,DEM,"KELLY, MARK",342,268,71,3
Santa Cruz,Nogales 20,U.S. Senate,,REP,"MASTERS, BLAKE",64,36,28,0
Santa Cruz,Nogales 20,U.S. Senate,,LIB,"VICTOR, MARC J.",21,19,2,0
Santa Cruz,Nogales 20,U.S. House,,DEM,"GRIJALVA, RA√öL",321,256,62,3
Santa Cruz,Nogales 20,U.S. House,,REP,"POZZOLO, LUIS",105,64,41,0
Santa Cruz,Nogales 20,Governor,,DEM,"HOBBS, KATIE",338,265,70,3
Santa Cruz,Nogales 20,Governor,,REP,"LAKE, KARI",83,50,33,0
Santa Cruz,Nogales 20,Governor,,,Write-ins,2,2,0,0
Santa Cruz,Nogales 20,State Senate,21,DEM,"GABALD√ìN, ROSANNA",358,281,74,3
Santa Cruz,Nogales 20,State Senate,21,REP,"CLEVELAND, JIM",63,39,24,0
Santa Cruz,Nogales 20,State Senate,21,,Write-ins,1,1,0,0
Santa Cruz,Nogales 20,State House,21,DEM,"HERNANDEZ, CONSUELO",334,266,66,2
Santa Cruz,Nogales 20,State House,21,DEM,"STAHL HAMILTON, STEPHANIE",232,191,38,3
Santa Cruz,Nogales 20,State House,21,REP,"KENNEDY, DAMIEN",79,50,29,0
Santa Cruz,Nogales 20,State House,21,REP,"MCEWEN, DEBORAH",66,42,24,0
Santa Cruz,Nogales 20,Secretary of State,,DEM,"FONTES, ADRIAN",362,284,75,3
Santa Cruz,Nogales 20,Secretary of State,,REP,"FINCHEM, MARK",66,39,27,0
Santa Cruz,Nogales 20,Attorney General,,DEM,"MAYES, KRIS",344,273,68,3
Santa Cruz,Nogales 20,Attorney General,,REP,"HAMADEH, ABRAHAM ""ABE""",74,45,29,0
Santa Cruz,Nogales 20,Attorney General,,,Write-ins,1,0,1,0
Santa Cruz,Nogales 20,State Treasurer,,DEM,"QUEZADA, MART√çN",336,265,68,3
Santa Cruz,Nogales 20,State Treasurer,,REP,"YEE, KIMBERLY",82,52,30,0
Santa Cruz,Nogales 20,Superintendent of Public Instruction,,DEM,"HOFFMAN, KATHY",330,256,71,3
Santa Cruz,Nogales 20,Superintendent of Public Instruction,,REP,"HORNE, TOM",82,53,29,0
Santa Cruz,Nogales 20,State Mine Inspector,,REP,"MARSH, PAUL",273,205,66,2
Santa Cruz,Nogales 20,State Mine Inspector,,,Write-ins,8,6,2,0
Santa Cruz,Nogales 20,State Mine Inspector,,Write In DEM,"DI GENOVA, TRISTA",3,2,1,0
Santa Cruz,Nogales 20,Corporation Commissioner,,DEM,"KENNEDY, SANDRA",325,255,67,3
Santa Cruz,Nogales 20,Corporation Commissioner,,DEM,"KUBY, LAUREN",265,214,49,2
Santa Cruz,Nogales 20,Corporation Commissioner,,REP,"MYERS, NICHOLAS ""NICK""",67,45,22,0
Santa Cruz,Nogales 20,Corporation Commissioner,,REP,"THOMPSON, KEVIN",72,47,25,0
Santa Cruz,Baca 19,Registered Voters,,,,2873,,,
Santa Cruz,Baca 19,Ballots Cast,,,,1036,775,257,4
Santa Cruz,Baca 19,U.S. Senate,,DEM,"KELLY, MARK",744,593,147,4
Santa Cruz,Baca 19,U.S. House,7,DEM,"GRIJALVA, RA√öL",685,548,133,4
Santa Cruz,Baca 19,Governor,,DEM,"HOBBS, KATIE",714,573,137,4
Santa Cruz,Baca 19,State Senate,21,DEM,"GABALD√ìN, ROSANNA",751,604,144,3
Santa Cruz,Baca 19,State House,21,DEM,"HERNANDEZ, CONSUELO",682,551,129,2
Santa Cruz,Baca 19,State House,21,DEM,"STAHL HAMILTON, STEPHANIE",472,387,82,3
Santa Cruz,Baca 19,Secretary of State,,DEM,"FONTES, ADRIAN",761,613,144,4
Santa Cruz,Baca 19,Attorney General,,DEM,"MAYES, KRIS",736,596,137,3
Santa Cruz,Baca 19,State Treasurer,,DEM,"QUEZADA, MART√çN",705,565,136,4
Santa Cruz,Baca 19,Superintendent of Public Instruction,,DEM,"HOFFMAN, KATHY",710,570,136,4
Santa Cruz,Baca 19,State Mine Inspector,,REP,"MARSH, PAUL",708,521,186,1
Santa Cruz,Baca 19,Corporation Commissioner,,DEM,"KENNEDY, SANDRA",677,548,126,3
Santa Cruz,Baca 19,Corporation Commissioner,,DEM,"KUBY, LAUREN",515,423,90,2
Santa Cruz,Baca 19,U.S. Senate,,REP,"MASTERS, BLAKE",252,149,103,0
Santa Cruz,Baca 19,U.S. Senate,,LIB,"VICTOR, MARC J.",32,26,6,0
Santa Cruz,Baca 19,U.S. House,,REP,"POZZOLO, LUIS",348,224,124,0
Santa Cruz,Baca 19,U.S. House,,,Write-ins,1,1,0,0
Santa Cruz,Baca 19,Governor,,REP,"LAKE, KARI",312,194,118,0
Santa Cruz,Baca 19,Governor,,,Write-ins,1,1,0,0
Santa Cruz,Baca 19,State Senate,21,REP,"CLEVELAND, JIM",272,163,109,0
Santa Cruz,Baca 19,State House,21,REP,"KENNEDY, DAMIEN",257,158,99,0
Santa Cruz,Baca 19,State House,21,REP,"MCEWEN, DEBORAH",235,151,84,0
Santa Cruz,Baca 19,Secretary of State,,REP,"FINCHEM, MARK",265,157,108,0
Santa Cruz,Baca 19,Attorney General,,REP,"HAMADEH, ABRAHAM ""ABE""",280,167,113,0
Santa Cruz,Baca 19,State Treasurer,,REP,"YEE, KIMBERLY",320,205,115,0
Santa Cruz,Baca 19,Superintendent of Public Instruction,,REP,"HORNE, TOM",289,173,116,0
Santa Cruz,Baca 19,State Mine Inspector,,,Write-ins,22,16,5,1
Santa Cruz,Baca 19,State Mine Inspector,,Write In DEM,"DI GENOVA, TRISTA",9,6,3,0
Santa Cruz,Baca 19,Corporation Commissioner,,REP,"MYERS, NICHOLAS ""NICK""",258,162,96,0
Santa Cruz,Baca 19,Corporation Commissioner,,REP,"THOMPSON, KEVIN",237,140,97,0
Santa Cruz,Baca 19,State Treasurer,21,REP,"CLEVELAND, JIM",1,0,1,0
Santa Cruz,Nogales 18,Registered Voters,,,,584,,,
Santa Cruz,Nogales 18,Ballots Cast,,,,313,229,82,2
Santa Cruz,Nogales 18,U.S. Senate,,DEM,"KELLY, MARK",223,184,39,0
Santa Cruz,Nogales 18,U.S. Senate,,REP,"MASTERS, BLAKE",85,41,42,2
Santa Cruz,Nogales 18,U.S. Senate,,LIB,"VICTOR, MARC J.",3,2,1,0
Santa Cruz,Nogales 18,U.S. House,,DEM,"GRIJALVA, RA√öL",195,161,34,0
Santa Cruz,Nogales 18,U.S. House,,REP,"POZZOLO, LUIS",114,64,48,2
Santa Cruz,Nogales 18,Governor,,DEM,"HOBBS, KATIE",213,173,39,1
Santa Cruz,Nogales 18,Governor,,REP,"LAKE, KARI",97,54,42,1
Santa Cruz,Nogales 18,Governor,,,Write-ins,1,0,1,0
Santa Cruz,Nogales 18,State Senate,21,DEM,"GABALD√ìN, ROSANNA",207,170,37,0
Santa Cruz,Nogales 18,State Senate,21,REP,"CLEVELAND, JIM",101,57,42,2
Santa Cruz,Nogales 18,State Senate,21,,Write-ins,1,0,1,0
Santa Cruz,Nogales 18,State House,21,DEM,"HERNANDEZ, CONSUELO",194,160,34,0
Santa Cruz,Nogales 18,State House,21,DEM,"STAHL HAMILTON, STEPHANIE",177,149,27,1
Santa Cruz,Nogales 18,State House,21,REP,"KENNEDY, DAMIEN",80,40,38,2
Santa Cruz,Nogales 18,State House,21,REP,"MCEWEN, DEBORAH",90,48,41,1
Santa Cruz,Nogales 18,Secretary of State,,DEM,"FONTES, ADRIAN",223,182,41,0
Santa Cruz,Nogales 18,Secretary of State,,REP,"FINCHEM, MARK",85,45,38,2
Santa Cruz,Nogales 18,Secretary of State,,,Write-ins,1,1,0,0
Santa Cruz,Nogales 18,Attorney General,,DEM,"MAYES, KRIS",211,175,36,0
Santa Cruz,Nogales 18,Attorney General,,REP,"HAMADEH, ABRAHAM ""ABE""",95,50,43,2
Santa Cruz,Nogales 18,State Treasurer,,DEM,"QUEZADA, MART√çN",211,172,39,0
Santa Cruz,Nogales 18,State Treasurer,,REP,"YEE, KIMBERLY",96,52,42,2
Santa Cruz,Nogales 18,Superintendent of Public Instruction,,DEM,"HOFFMAN, KATHY",203,165,38,0
Santa Cruz,Nogales 18,Superintendent of Public Instruction,,REP,"HORNE, TOM",96,53,41,2
Santa Cruz,Nogales 18,State Mine Inspector,,REP,"MARSH, PAUL",181,119,60,2
Santa Cruz,Nogales 18,State Mine Inspector,,,Write-ins,4,4,0,0
Santa Cruz,Nogales 18,State Mine Inspector,,Write In DEM,"DI GENOVA, TRISTA",1,1,0,0
Santa Cruz,Nogales 18,Corporation Commissioner,,DEM,"KENNEDY, SANDRA",200,167,33,0
Santa Cruz,Nogales 18,Corporation Commissioner,,DEM,"KUBY, LAUREN",175,146,29,0
Santa Cruz,Nogales 18,Corporation Commissioner,,REP,"MYERS, NICHOLAS ""NICK""",98,57,40,1
Santa Cruz,Nogales 18,Corporation Commissioner,,REP,"THOMPSON, KEVIN",84,42,40,2
Santa Cruz,Calabasas 17,Registered Voters,,,,3198,,,
Santa Cruz,Calabasas 17,Ballots Cast,,,,1323,,313,3
Santa Cruz,Calabasas 17,U.S. Senate,,DEM,"KELLY, MARK",925,761,162,2
Santa Cruz,Calabasas 17,U.S. Senate,,REP,"MASTERS, BLAKE",353,207,145,1
Santa Cruz,Calabasas 17,U.S. House,7,DEM,"GRIJALVA, RA√öL",852,707,142,3
Santa Cruz,Calabasas 17,U.S. House,7,REP,"POZZOLO, LUIS",455,287,168,0
Santa Cruz,Calabasas 17,U.S. Senate,,LIB,"VICTOR, MARC J.",31,28,3,0
Santa Cruz,Calabasas 17,U.S. Senate,,,Write-ins,2,1,1,0
Santa Cruz,Calabasas 17,U.S. House,7,,Write-ins,1,1,0,0
Santa Cruz,Calabasas 17,Governor,,DEM,"HOBBS, KATIE",901,744,155,2
Santa Cruz,Calabasas 17,Governor,,REP,"LAKE, KARI",398,247,150,1
Santa Cruz,Calabasas 17,Governor,,,Write-ins,4,3,1,0
Santa Cruz,Calabasas 17,State Senate,21,DEM,"GABALD√ìN, ROSANNA",890,733,155,2
Santa Cruz,Calabasas 17,State Senate,21,REP,"CLEVELAND, JIM",395,249,145,1
Santa Cruz,Calabasas 17,State House,21,DEM,"HERNANDEZ, CONSUELO",821,676,144,1
Santa Cruz,Calabasas 17,State House,21,DEM,"STAHL HAMILTON, STEPHANIE",656,558,97,1
Santa Cruz,Calabasas 17,State House,21,REP,"KENNEDY, DAMIEN",328,205,122,1
Santa Cruz,Calabasas 17,State House,21,REP,"MCEWEN, DEBORAH",352,232,119,1
Santa Cruz,Calabasas 17,State House,21,,Write-ins,1,1,0,0
Santa Cruz,Calabasas 17,Secretary of State,,DEM,"FONTES, ADRIAN",947,771,174,2
Santa Cruz,Calabasas 17,Secretary of State,,REP,"FINCHEM, MARK",355,220,134,1
Santa Cruz,Calabasas 17,Attorney General,,DEM,"MAYES, KRIS",896,739,155,2
Santa Cruz,Calabasas 17,Attorney General,,REP,"HAMADEH, ABRAHAM ""ABE""",389,242,146,1
Santa Cruz,Calabasas 17,Attorney General,,,Write-ins,1,1,0,0
Santa Cruz,Calabasas 17,State Treasurer,,DEM,"QUEZADA, MART√çN",864,707,155,2
Santa Cruz,Calabasas 17,State Treasurer,,REP,"YEE, KIMBERLY",424,276,147,1
Santa Cruz,Calabasas 17,State Treasurer,,,Write-ins,1,0,1,0
Santa Cruz,Calabasas 17,Superintendent of Public Instruction,,DEM,"HOFFMAN, KATHY",863,707,154,2
Santa Cruz,Calabasas 17,Superintendent of Public Instruction,,REP,"HORNE, TOM",384,235,148,1
Santa Cruz,Calabasas 17,State Mine Inspector,,REP,"MARSH, PAUL",853,614,237,2
Santa Cruz,Calabasas 17,State Mine Inspector,,,Write-ins,27,22,5,0
Santa Cruz,Calabasas 17,State Mine Inspector,,Write In DEM,"DI GENOVA, TRISTA",12,8,4,0
Santa Cruz,Calabasas 17,Corporation Commissioner,,DEM,"KENNEDY, SANDRA",827,683,142,2
Santa Cruz,Calabasas 17,Corporation Commissioner,,DEM,"KUBY, LAUREN",649,551,98,0
Santa Cruz,Calabasas 17,Corporation Commissioner,,REP,"MYERS, NICHOLAS ""NICK""",368,235,132,1
Santa Cruz,Calabasas 17,Corporation Commissioner,,REP,"THOMPSON, KEVIN",338,220,117,1
Santa Cruz,Calabasas 17,Corporation Commissioner,,,Write-ins,2,2,0,0
Santa Cruz,Nogales 16,Registered Voters,,,,565,,,
Santa Cruz,Nogales 16,Ballots Cast,,,,155,101,52,2
Santa Cruz,Nogales 16,U.S. Senate,,DEM,"KELLY, MARK",125,82,41,2
Santa Cruz,Nogales 16,U.S. Senate,,REP,"MASTERS, BLAKE",25,18,7,0
Santa Cruz,Nogales 16,U.S. Senate,,LIB,"VICTOR, MARC J.",4,1,3,0
Santa Cruz,Nogales 16,U.S. House,7,DEM,"GRIJALVA, RA√öL",108,67,39,2
Santa Cruz,Nogales 16,U.S. House,7,REP,"POZZOLO, LUIS",43,31,12,0
Santa Cruz,Nogales 16,U.S. House,7,,Write-ins,1,1,0,0
Santa Cruz,Nogales 16,Governor,,DEM,"HOBBS, KATIE",112,75,36,1
Santa Cruz,Nogales 16,Governor,,REP,"LAKE, KARI",42,26,15,1
Santa Cruz,Nogales 16,Governor,,,Write-ins,1,0,1,0
Santa Cruz,Nogales 16,State Senate,21,DEM,"GABALD√ìN, ROSANNA",118,78,38,2
Santa Cruz,Nogales 16,State Senate,21,REP,"CLEVELAND, JIM",29,20,9,0
Santa Cruz,Nogales 16,State House,21,DEM,"HERNANDEZ, CONSUELO",107,70,35,2
Santa Cruz,Nogales 16,State House,21,DEM,"STAHL HAMILTON, STEPHANIE",64,45,19,0
Santa Cruz,Nogales 16,State House,21,REP,"KENNEDY, DAMIEN",39,28,11,0
Santa Cruz,Nogales 16,State House,21,REP,"MCEWEN, DEBORAH",34,24,10,0
Santa Cruz,Nogales 16,Secretary of State,,DEM,"FONTES, ADRIAN",125,81,42,2
Santa Cruz,Nogales 16,Secretary of State,,REP,"FINCHEM, MARK",28,19,9,0
Santa Cruz,Nogales 16,Attorney General,,DEM,"MAYES, KRIS",111,72,37,2
Santa Cruz,Nogales 16,Attorney General,,REP,"HAMADEH, ABRAHAM ""ABE""",40,26,14,0
Santa Cruz,Nogales 16,State Treasurer,,DEM,"QUEZADA, MART√çN",111,71,38,2
Santa Cruz,Nogales 16,State Treasurer,,REP,"YEE, KIMBERLY",38,27,11,0
Santa Cruz,Nogales 16,Superintendent of Public Instruction,,DEM,"HOFFMAN, KATHY",107,69,36,2
Santa Cruz,Nogales 16,Superintendent of Public Instruction,,REP,"HORNE, TOM",42,29,13,0
Santa Cruz,Nogales 16,State Mine Inspector,,REP,"MARSH, PAUL",93,61,30,2
Santa Cruz,Nogales 16,State Mine Inspector,,,Write-ins,7,6,1,0
Santa Cruz,Nogales 16,Corporation Commissioner,,DEM,"KENNEDY, SANDRA",96,67,28,1
Santa Cruz,Nogales 16,Corporation Commissioner,,DEM,"KUBY, LAUREN",81,52,27,2
Santa Cruz,Nogales 16,Corporation Commissioner,,REP,"MYERS, NICHOLAS ""NICK""",37,25,12,0
Santa Cruz,Nogales 16,Corporation Commissioner,,REP,"THOMPSON, KEVIN",35,27,8,0
Santa Cruz,Sonoita 15,Registered Voters,,,,922,,,
Santa Cruz,Sonoita 15,Ballots Cast,,,,762,506,254,2
Santa Cruz,Sonoita 15,Ballots Cast - Blank,,,,2,1,1,0
Santa Cruz,Sonoita 15,U.S. Senate,,DEM,"KELLY, MARK",286,253,33,0
Santa Cruz,Sonoita 15,U.S. Senate,,REP,"MASTERS, BLAKE",450,231,217,2
Santa Cruz,Sonoita 15,U.S. Senate,,LIB,"VICTOR, MARC J.",20,17,3,0
Santa Cruz,Sonoita 15,U.S. House,7,DEM,"GRIJALVA, RA√öL",239,214,24,1
Santa Cruz,Sonoita 15,U.S. House,7,REP,"POZZOLO, LUIS",506,282,223,1
Santa Cruz,Sonoita 15,U.S. House,7,,Write-ins,1,0,1,0
Santa Cruz,Sonoita 15,Governor,,DEM,"HOBBS, KATIE",273,243,30,0
Santa Cruz,Sonoita 15,Governor,,REP,"LAKE, KARI",482,258,222,2
Santa Cruz,Sonoita 15,Governor,,,Write-ins,2,2,0,0
Santa Cruz,Sonoita 15,State Senate,19,REP,"GOWAN, DAVID",535,313,220,2
Santa Cruz,Sonoita 15,State Senate,19,,Write-ins,9,7,2,0
Santa Cruz,Sonoita 15,State House,19,DEM,"CLARK, SANDA",244,217,26,1
Santa Cruz,Sonoita 15,State House,19,REP,"DIAZ, LUPE",387,217,170,0
Santa Cruz,Sonoita 15,State House,19,REP,"GRIFFIN, GAIL",451,246,204,1
Santa Cruz,Sonoita 15,State House,19,,Write-ins,2,2,0,0
Santa Cruz,Sonoita 15,Secretary of State,,DEM,"FONTES, ADRIAN",285,252,33,0
Santa Cruz,Sonoita 15,Secretary of State,,REP,"FINCHEM, MARK",462,245,215,2
Santa Cruz,Sonoita 15,Secretary of State,,,Write-ins,1,1,0,0
Santa Cruz,Sonoita 15,Attorney General,,DEM,"MAYES, KRIS",264,237,26,1
Santa Cruz,Sonoita 15,Attorney General,,REP,"HAMADEH, ABRAHAM ""ABE""",479,258,220,1
Santa Cruz,Sonoita 15,Attorney General,,,Write-ins,1,0,1,0
Santa Cruz,Sonoita 15,State Treasurer,,DEM,"QUEZADA, MART√çN",215,195,20,0
Santa Cruz,Sonoita 15,State Treasurer,,REP,"YEE, KIMBERLY",520,292,226,2
Santa Cruz,Sonoita 15,State Treasurer,,,Write-ins,2,2,0,0
Santa Cruz,Sonoita 15,Superintendent of Public Instruction,,DEM,"HOFFMAN, KATHY",247,219,28,0
Santa Cruz,Sonoita 15,Superintendent of Public Instruction,,REP,"HORNE, TOM",486,265,219,2
Santa Cruz,Sonoita 15,Superintendent of Public Instruction,,,Write-ins,2,1,1,0
Santa Cruz,Sonoita 15,State Mine Inspector,,REP,"MARSH, PAUL",556,325,229,2
Santa Cruz,Sonoita 15,State Mine Inspector,,,Write-ins,7,5,2,0
Santa Cruz,Sonoita 15,State Mine Inspector,,Write In DEM,"DI GENOVA, TRISTA",1,1,0,0
Santa Cruz,Sonoita 15,Corporation Commissioner,,DEM,"KENNEDY, SANDRA",235,209,25,1
Santa Cruz,Sonoita 15,Corporation Commissioner,,DEM,"KUBY, LAUREN",212,195,17,0
Santa Cruz,Sonoita 15,Corporation Commissioner,,REP,"MYERS, NICHOLAS ""NICK""",433,239,192,2
Santa Cruz,Sonoita 15,Corporation Commissioner,,REP,"THOMPSON, KEVIN",433,238,195,0
Santa Cruz,Sonoita 15,Corporation Commissioner,,,Write-ins,1,0,1,0
Santa Cruz,Patagonia 14,Registered Voters,,,,864,,,
Santa Cruz,Patagonia 14,Ballots Cast,,,,622,483,136,3
Santa Cruz,Patagonia 14,U.S. Senate,,DEM,"KELLY, MARK",448,377,69,2
Santa Cruz,Patagonia 14,U.S. Senate,,REP,"MASTERS, BLAKE",156,94,61,1
Santa Cruz,Patagonia 14,U.S. Senate,,LIB,"VICTOR, MARC J.",12,7,5,0
Santa Cruz,Patagonia 14,U.S. House,7,DEM,"GRIJALVA, RA√öL",441,371,68,2
Santa Cruz,Patagonia 14,U.S. House,7,REP,"POZZOLO, LUIS",174,106,67,1
Santa Cruz,Patagonia 14,Governor,,DEM,"HOBBS, KATIE",437,366,69,2
Santa Cruz,Patagonia 14,Governor,,REP,"LAKE, KARI",172,107,64,1
Santa Cruz,Patagonia 14,Governor,,,Write-ins,1,0,1,0
Santa Cruz,Patagonia 14,State Senate,19,REP,"GOWAN, DAVID",255,168,85,2
Santa Cruz,Patagonia 14,State Senate,19,,Write-ins,19,14,5,0
Santa Cruz,Patagonia 14,State House,19,DEM,"CLARK, SANDA",422,356,64,2
Santa Cruz,Patagonia 14,State House,19,REP,"DIAZ, LUPE",155,95,59,1
Santa Cruz,Patagonia 14,State House,19,REP,"GRIFFIN, GAIL",154,103,49,2
Santa Cruz,Patagonia 14,State House,19,,Write-ins,2,0,2,0
Santa Cruz,Patagonia 14,Secretary of State,,DEM,"FONTES, ADRIAN",448,376,70,2
Santa Cruz,Patagonia 14,Secretary of State,,REP,"FINCHEM, MARK",155,93,61,1
Santa Cruz,Patagonia 14,Secretary of State,,,Write-ins,1,0,1,0
Santa Cruz,Patagonia 14,Attorney General,,DEM,"MAYES, KRIS",431,364,65,2
Santa Cruz,Patagonia 14,Attorney General,,REP,"HAMADEH, ABRAHAM ""ABE""",170,103,66,1
Santa Cruz,Patagonia 14,Attorney General,,,Write-ins,2,0,2,0
Santa Cruz,Patagonia 14,State Treasurer,,DEM,"QUEZADA, MART√çN",408,343,63,2
Santa Cruz,Patagonia 14,State Treasurer,,REP,"YEE, KIMBERLY",191,120,70,1
Santa Cruz,Patagonia 14,State Treasurer,,,Write-ins,1,0,1,0
Santa Cruz,Patagonia 14,Superintendent of Public Instruction,,DEM,"HOFFMAN, KATHY",433,360,71,2
Santa Cruz,Patagonia 14,Superintendent of Public Instruction,,REP,"HORNE, TOM",167,105,61,1
Santa Cruz,Patagonia 14,Superintendent of Public Instruction,,,Write-ins,1,0,1,0
Santa Cruz,Patagonia 14,State Mine Inspector,,REP,"MARSH, PAUL",276,182,92,2
Santa Cruz,Patagonia 14,State Mine Inspector,,,Write-ins,13,10,3,0
Santa Cruz,Patagonia 14,State Mine Inspector,,Write In DEM,"DI GENOVA, TRISTA",8,8,0,0
Santa Cruz,Patagonia 14,Corporation Commissioner,,DEM,"KENNEDY, SANDRA",399,336,61,2
Santa Cruz,Patagonia 14,Corporation Commissioner,,DEM,"KUBY, LAUREN",378,325,51,2
Santa Cruz,Patagonia 14,Corporation Commissioner,,REP,"MYERS, NICHOLAS ""NICK""",139,81,57,1
Santa Cruz,Patagonia 14,Corporation Commissioner,,REP,"THOMPSON, KEVIN",144,90,54,0
Santa Cruz,Patagonia 14,Corporation Commissioner,,,Write-ins,2,0,2,0
